ISO-10303-21;
HEADER;
/* Generated by software containing ST-Developer
 * from STEP Tools, Inc. (www.steptools.com) 
 */

FILE_DESCRIPTION(
/* description */ (''),
/* implementation_level */ '2;1');

FILE_NAME(
/* name */ 'frame_bottom.stp',
/* time_stamp */ '2026-09-01T11:17:55+02:00',
/* author */ ('carlos'),
/* organization */ (''),
/* preprocessor_version */ 'ST-DEVELOPER v20.1',
/* originating_system */ 'Autodesk Inventor 2027',
/* authorisation */ '');

FILE_SCHEMA (('AUTOMOTIVE_DESIGN { 1 0 10303 214 3 1 1 }'));
ENDSEC;

DATA;
#10=MECHANICAL_DESIGN_GEOMETRIC_PRESENTATION_REPRESENTATION('',(#13),#2870);
#11=SHAPE_REPRESENTATION_RELATIONSHIP('SRR','None',#2877,#12);
#12=ADVANCED_BREP_SHAPE_REPRESENTATION('',(#14),#2869);
#13=STYLED_ITEM('',(#2886),#14);
#14=MANIFOLD_SOLID_BREP('Solid1',#1809);
#15=FACE_BOUND('',#230,.T.);
#16=FACE_BOUND('',#231,.T.);
#17=FACE_BOUND('',#232,.T.);
#18=FACE_BOUND('',#233,.T.);
#19=FACE_BOUND('',#234,.T.);
#20=FACE_BOUND('',#235,.T.);
#21=FACE_BOUND('',#236,.T.);
#22=FACE_BOUND('',#237,.T.);
#23=FACE_BOUND('',#238,.T.);
#24=FACE_BOUND('',#239,.T.);
#25=FACE_BOUND('',#240,.T.);
#26=FACE_BOUND('',#241,.T.);
#27=FACE_BOUND('',#242,.T.);
#28=FACE_BOUND('',#243,.T.);
#29=FACE_BOUND('',#245,.T.);
#30=FACE_BOUND('',#246,.T.);
#31=FACE_BOUND('',#247,.T.);
#32=FACE_BOUND('',#248,.T.);
#33=FACE_BOUND('',#249,.T.);
#34=FACE_BOUND('',#250,.T.);
#35=FACE_BOUND('',#251,.T.);
#36=FACE_BOUND('',#252,.T.);
#37=FACE_BOUND('',#253,.T.);
#38=FACE_BOUND('',#254,.T.);
#39=CIRCLE('',#1867,1.);
#40=CIRCLE('',#1868,1.);
#41=CIRCLE('',#1871,2.);
#42=CIRCLE('',#1872,2.);
#43=CIRCLE('',#1900,1.7);
#44=CIRCLE('',#1901,1.7);
#45=CIRCLE('',#1903,1.7);
#46=CIRCLE('',#1904,1.7);
#47=CYLINDRICAL_SURFACE('',#1866,1.);
#48=CYLINDRICAL_SURFACE('',#1870,2.);
#49=CYLINDRICAL_SURFACE('',#1899,1.7);
#50=CYLINDRICAL_SURFACE('',#1902,1.7);
#51=FACE_OUTER_BOUND('',#141,.T.);
#52=FACE_OUTER_BOUND('',#142,.T.);
#53=FACE_OUTER_BOUND('',#143,.T.);
#54=FACE_OUTER_BOUND('',#144,.T.);
#55=FACE_OUTER_BOUND('',#145,.T.);
#56=FACE_OUTER_BOUND('',#146,.T.);
#57=FACE_OUTER_BOUND('',#147,.T.);
#58=FACE_OUTER_BOUND('',#148,.T.);
#59=FACE_OUTER_BOUND('',#149,.T.);
#60=FACE_OUTER_BOUND('',#150,.T.);
#61=FACE_OUTER_BOUND('',#151,.T.);
#62=FACE_OUTER_BOUND('',#152,.T.);
#63=FACE_OUTER_BOUND('',#153,.T.);
#64=FACE_OUTER_BOUND('',#154,.T.);
#65=FACE_OUTER_BOUND('',#155,.T.);
#66=FACE_OUTER_BOUND('',#156,.T.);
#67=FACE_OUTER_BOUND('',#157,.T.);
#68=FACE_OUTER_BOUND('',#158,.T.);
#69=FACE_OUTER_BOUND('',#159,.T.);
#70=FACE_OUTER_BOUND('',#160,.T.);
#71=FACE_OUTER_BOUND('',#161,.T.);
#72=FACE_OUTER_BOUND('',#162,.T.);
#73=FACE_OUTER_BOUND('',#163,.T.);
#74=FACE_OUTER_BOUND('',#164,.T.);
#75=FACE_OUTER_BOUND('',#165,.T.);
#76=FACE_OUTER_BOUND('',#166,.T.);
#77=FACE_OUTER_BOUND('',#167,.T.);
#78=FACE_OUTER_BOUND('',#168,.T.);
#79=FACE_OUTER_BOUND('',#169,.T.);
#80=FACE_OUTER_BOUND('',#170,.T.);
#81=FACE_OUTER_BOUND('',#171,.T.);
#82=FACE_OUTER_BOUND('',#172,.T.);
#83=FACE_OUTER_BOUND('',#173,.T.);
#84=FACE_OUTER_BOUND('',#174,.T.);
#85=FACE_OUTER_BOUND('',#175,.T.);
#86=FACE_OUTER_BOUND('',#176,.T.);
#87=FACE_OUTER_BOUND('',#177,.T.);
#88=FACE_OUTER_BOUND('',#178,.T.);
#89=FACE_OUTER_BOUND('',#179,.T.);
#90=FACE_OUTER_BOUND('',#180,.T.);
#91=FACE_OUTER_BOUND('',#181,.T.);
#92=FACE_OUTER_BOUND('',#182,.T.);
#93=FACE_OUTER_BOUND('',#183,.T.);
#94=FACE_OUTER_BOUND('',#184,.T.);
#95=FACE_OUTER_BOUND('',#185,.T.);
#96=FACE_OUTER_BOUND('',#186,.T.);
#97=FACE_OUTER_BOUND('',#187,.T.);
#98=FACE_OUTER_BOUND('',#188,.T.);
#99=FACE_OUTER_BOUND('',#189,.T.);
#100=FACE_OUTER_BOUND('',#190,.T.);
#101=FACE_OUTER_BOUND('',#191,.T.);
#102=FACE_OUTER_BOUND('',#192,.T.);
#103=FACE_OUTER_BOUND('',#193,.T.);
#104=FACE_OUTER_BOUND('',#194,.T.);
#105=FACE_OUTER_BOUND('',#195,.T.);
#106=FACE_OUTER_BOUND('',#196,.T.);
#107=FACE_OUTER_BOUND('',#197,.T.);
#108=FACE_OUTER_BOUND('',#198,.T.);
#109=FACE_OUTER_BOUND('',#199,.T.);
#110=FACE_OUTER_BOUND('',#200,.T.);
#111=FACE_OUTER_BOUND('',#201,.T.);
#112=FACE_OUTER_BOUND('',#202,.T.);
#113=FACE_OUTER_BOUND('',#203,.T.);
#114=FACE_OUTER_BOUND('',#204,.T.);
#115=FACE_OUTER_BOUND('',#205,.T.);
#116=FACE_OUTER_BOUND('',#206,.T.);
#117=FACE_OUTER_BOUND('',#207,.T.);
#118=FACE_OUTER_BOUND('',#208,.T.);
#119=FACE_OUTER_BOUND('',#209,.T.);
#120=FACE_OUTER_BOUND('',#210,.T.);
#121=FACE_OUTER_BOUND('',#211,.T.);
#122=FACE_OUTER_BOUND('',#212,.T.);
#123=FACE_OUTER_BOUND('',#213,.T.);
#124=FACE_OUTER_BOUND('',#214,.T.);
#125=FACE_OUTER_BOUND('',#215,.T.);
#126=FACE_OUTER_BOUND('',#216,.T.);
#127=FACE_OUTER_BOUND('',#217,.T.);
#128=FACE_OUTER_BOUND('',#218,.T.);
#129=FACE_OUTER_BOUND('',#219,.T.);
#130=FACE_OUTER_BOUND('',#220,.T.);
#131=FACE_OUTER_BOUND('',#221,.T.);
#132=FACE_OUTER_BOUND('',#222,.T.);
#133=FACE_OUTER_BOUND('',#223,.T.);
#134=FACE_OUTER_BOUND('',#224,.T.);
#135=FACE_OUTER_BOUND('',#225,.T.);
#136=FACE_OUTER_BOUND('',#226,.T.);
#137=FACE_OUTER_BOUND('',#227,.T.);
#138=FACE_OUTER_BOUND('',#228,.T.);
#139=FACE_OUTER_BOUND('',#229,.T.);
#140=FACE_OUTER_BOUND('',#244,.T.);
#141=EDGE_LOOP('',(#1141,#1142,#1143,#1144));
#142=EDGE_LOOP('',(#1145,#1146,#1147,#1148));
#143=EDGE_LOOP('',(#1149,#1150,#1151,#1152));
#144=EDGE_LOOP('',(#1153,#1154,#1155,#1156));
#145=EDGE_LOOP('',(#1157,#1158,#1159,#1160));
#146=EDGE_LOOP('',(#1161,#1162,#1163,#1164));
#147=EDGE_LOOP('',(#1165,#1166,#1167,#1168));
#148=EDGE_LOOP('',(#1169,#1170,#1171,#1172));
#149=EDGE_LOOP('',(#1173,#1174,#1175,#1176));
#150=EDGE_LOOP('',(#1177,#1178,#1179,#1180));
#151=EDGE_LOOP('',(#1181,#1182,#1183,#1184));
#152=EDGE_LOOP('',(#1185,#1186,#1187,#1188));
#153=EDGE_LOOP('',(#1189,#1190,#1191,#1192));
#154=EDGE_LOOP('',(#1193,#1194,#1195,#1196));
#155=EDGE_LOOP('',(#1197,#1198,#1199,#1200));
#156=EDGE_LOOP('',(#1201,#1202,#1203,#1204));
#157=EDGE_LOOP('',(#1205,#1206,#1207,#1208));
#158=EDGE_LOOP('',(#1209,#1210,#1211,#1212));
#159=EDGE_LOOP('',(#1213,#1214,#1215,#1216));
#160=EDGE_LOOP('',(#1217,#1218,#1219,#1220,#1221,#1222));
#161=EDGE_LOOP('',(#1223,#1224,#1225,#1226));
#162=EDGE_LOOP('',(#1227,#1228,#1229,#1230));
#163=EDGE_LOOP('',(#1231,#1232,#1233,#1234));
#164=EDGE_LOOP('',(#1235,#1236,#1237,#1238));
#165=EDGE_LOOP('',(#1239,#1240,#1241,#1242));
#166=EDGE_LOOP('',(#1243,#1244,#1245,#1246));
#167=EDGE_LOOP('',(#1247,#1248,#1249,#1250,#1251,#1252));
#168=EDGE_LOOP('',(#1253,#1254,#1255,#1256));
#169=EDGE_LOOP('',(#1257,#1258,#1259,#1260));
#170=EDGE_LOOP('',(#1261,#1262,#1263,#1264));
#171=EDGE_LOOP('',(#1265,#1266,#1267,#1268));
#172=EDGE_LOOP('',(#1269,#1270,#1271,#1272));
#173=EDGE_LOOP('',(#1273,#1274,#1275,#1276));
#174=EDGE_LOOP('',(#1277,#1278,#1279,#1280,#1281,#1282));
#175=EDGE_LOOP('',(#1283,#1284,#1285,#1286));
#176=EDGE_LOOP('',(#1287,#1288,#1289,#1290));
#177=EDGE_LOOP('',(#1291,#1292,#1293,#1294));
#178=EDGE_LOOP('',(#1295,#1296,#1297,#1298));
#179=EDGE_LOOP('',(#1299,#1300,#1301,#1302,#1303,#1304));
#180=EDGE_LOOP('',(#1305,#1306,#1307,#1308,#1309,#1310));
#181=EDGE_LOOP('',(#1311,#1312,#1313,#1314));
#182=EDGE_LOOP('',(#1315,#1316,#1317,#1318));
#183=EDGE_LOOP('',(#1319,#1320,#1321,#1322,#1323,#1324,#1325,#1326));
#184=EDGE_LOOP('',(#1327,#1328,#1329,#1330));
#185=EDGE_LOOP('',(#1331,#1332,#1333,#1334));
#186=EDGE_LOOP('',(#1335,#1336,#1337,#1338));
#187=EDGE_LOOP('',(#1339,#1340,#1341,#1342));
#188=EDGE_LOOP('',(#1343,#1344,#1345,#1346));
#189=EDGE_LOOP('',(#1347,#1348,#1349,#1350));
#190=EDGE_LOOP('',(#1351,#1352,#1353,#1354));
#191=EDGE_LOOP('',(#1355,#1356,#1357,#1358));
#192=EDGE_LOOP('',(#1359,#1360,#1361,#1362));
#193=EDGE_LOOP('',(#1363,#1364,#1365,#1366));
#194=EDGE_LOOP('',(#1367,#1368,#1369,#1370));
#195=EDGE_LOOP('',(#1371,#1372,#1373,#1374));
#196=EDGE_LOOP('',(#1375,#1376,#1377,#1378));
#197=EDGE_LOOP('',(#1379,#1380,#1381,#1382));
#198=EDGE_LOOP('',(#1383,#1384,#1385,#1386));
#199=EDGE_LOOP('',(#1387,#1388,#1389,#1390));
#200=EDGE_LOOP('',(#1391,#1392,#1393,#1394));
#201=EDGE_LOOP('',(#1395,#1396,#1397,#1398));
#202=EDGE_LOOP('',(#1399,#1400,#1401,#1402));
#203=EDGE_LOOP('',(#1403,#1404,#1405,#1406));
#204=EDGE_LOOP('',(#1407,#1408,#1409,#1410));
#205=EDGE_LOOP('',(#1411,#1412,#1413,#1414));
#206=EDGE_LOOP('',(#1415,#1416,#1417,#1418));
#207=EDGE_LOOP('',(#1419,#1420,#1421,#1422));
#208=EDGE_LOOP('',(#1423,#1424,#1425,#1426));
#209=EDGE_LOOP('',(#1427,#1428,#1429,#1430,#1431,#1432,#1433,#1434,#1435,
#1436,#1437,#1438));
#210=EDGE_LOOP('',(#1439,#1440,#1441,#1442));
#211=EDGE_LOOP('',(#1443,#1444,#1445,#1446,#1447,#1448,#1449,#1450,#1451,
#1452,#1453,#1454));
#212=EDGE_LOOP('',(#1455,#1456,#1457,#1458));
#213=EDGE_LOOP('',(#1459,#1460,#1461,#1462,#1463,#1464,#1465,#1466));
#214=EDGE_LOOP('',(#1467,#1468,#1469,#1470));
#215=EDGE_LOOP('',(#1471,#1472,#1473,#1474));
#216=EDGE_LOOP('',(#1475,#1476,#1477,#1478));
#217=EDGE_LOOP('',(#1479,#1480,#1481,#1482));
#218=EDGE_LOOP('',(#1483,#1484,#1485,#1486));
#219=EDGE_LOOP('',(#1487,#1488,#1489,#1490));
#220=EDGE_LOOP('',(#1491,#1492,#1493,#1494));
#221=EDGE_LOOP('',(#1495,#1496,#1497,#1498));
#222=EDGE_LOOP('',(#1499,#1500,#1501,#1502));
#223=EDGE_LOOP('',(#1503,#1504,#1505,#1506));
#224=EDGE_LOOP('',(#1507,#1508,#1509,#1510));
#225=EDGE_LOOP('',(#1511,#1512,#1513,#1514));
#226=EDGE_LOOP('',(#1515,#1516,#1517,#1518));
#227=EDGE_LOOP('',(#1519,#1520,#1521,#1522));
#228=EDGE_LOOP('',(#1523,#1524,#1525,#1526));
#229=EDGE_LOOP('',(#1527,#1528,#1529,#1530,#1531,#1532,#1533,#1534));
#230=EDGE_LOOP('',(#1535,#1536,#1537,#1538));
#231=EDGE_LOOP('',(#1539,#1540,#1541,#1542));
#232=EDGE_LOOP('',(#1543,#1544,#1545,#1546,#1547,#1548));
#233=EDGE_LOOP('',(#1549,#1550,#1551,#1552,#1553,#1554));
#234=EDGE_LOOP('',(#1555,#1556,#1557,#1558,#1559,#1560));
#235=EDGE_LOOP('',(#1561,#1562,#1563,#1564));
#236=EDGE_LOOP('',(#1565,#1566,#1567,#1568,#1569,#1570,#1571,#1572));
#237=EDGE_LOOP('',(#1573,#1574,#1575,#1576));
#238=EDGE_LOOP('',(#1577,#1578,#1579,#1580));
#239=EDGE_LOOP('',(#1581));
#240=EDGE_LOOP('',(#1582));
#241=EDGE_LOOP('',(#1583,#1584,#1585,#1586));
#242=EDGE_LOOP('',(#1587,#1588,#1589,#1590));
#243=EDGE_LOOP('',(#1591,#1592,#1593,#1594));
#244=EDGE_LOOP('',(#1595,#1596,#1597,#1598));
#245=EDGE_LOOP('',(#1599,#1600,#1601,#1602));
#246=EDGE_LOOP('',(#1603,#1604,#1605,#1606));
#247=EDGE_LOOP('',(#1607,#1608,#1609,#1610));
#248=EDGE_LOOP('',(#1611,#1612,#1613,#1614));
#249=EDGE_LOOP('',(#1615,#1616,#1617,#1618));
#250=EDGE_LOOP('',(#1619));
#251=EDGE_LOOP('',(#1620));
#252=EDGE_LOOP('',(#1621,#1622,#1623,#1624));
#253=EDGE_LOOP('',(#1625,#1626,#1627,#1628));
#254=EDGE_LOOP('',(#1629,#1630,#1631,#1632));
#255=LINE('',#2370,#493);
#256=LINE('',#2372,#494);
#257=LINE('',#2374,#495);
#258=LINE('',#2375,#496);
#259=LINE('',#2378,#497);
#260=LINE('',#2380,#498);
#261=LINE('',#2381,#499);
#262=LINE('',#2384,#500);
#263=LINE('',#2386,#501);
#264=LINE('',#2387,#502);
#265=LINE('',#2389,#503);
#266=LINE('',#2390,#504);
#267=LINE('',#2394,#505);
#268=LINE('',#2396,#506);
#269=LINE('',#2398,#507);
#270=LINE('',#2399,#508);
#271=LINE('',#2402,#509);
#272=LINE('',#2404,#510);
#273=LINE('',#2405,#511);
#274=LINE('',#2408,#512);
#275=LINE('',#2410,#513);
#276=LINE('',#2411,#514);
#277=LINE('',#2413,#515);
#278=LINE('',#2417,#516);
#279=LINE('',#2419,#517);
#280=LINE('',#2421,#518);
#281=LINE('',#2422,#519);
#282=LINE('',#2425,#520);
#283=LINE('',#2427,#521);
#284=LINE('',#2428,#522);
#285=LINE('',#2431,#523);
#286=LINE('',#2433,#524);
#287=LINE('',#2434,#525);
#288=LINE('',#2436,#526);
#289=LINE('',#2437,#527);
#290=LINE('',#2441,#528);
#291=LINE('',#2443,#529);
#292=LINE('',#2445,#530);
#293=LINE('',#2446,#531);
#294=LINE('',#2450,#532);
#295=LINE('',#2452,#533);
#296=LINE('',#2454,#534);
#297=LINE('',#2455,#535);
#298=LINE('',#2458,#536);
#299=LINE('',#2460,#537);
#300=LINE('',#2461,#538);
#301=LINE('',#2464,#539);
#302=LINE('',#2466,#540);
#303=LINE('',#2467,#541);
#304=LINE('',#2470,#542);
#305=LINE('',#2472,#543);
#306=LINE('',#2473,#544);
#307=LINE('',#2476,#545);
#308=LINE('',#2478,#546);
#309=LINE('',#2479,#547);
#310=LINE('',#2481,#548);
#311=LINE('',#2482,#549);
#312=LINE('',#2487,#550);
#313=LINE('',#2489,#551);
#314=LINE('',#2491,#552);
#315=LINE('',#2492,#553);
#316=LINE('',#2495,#554);
#317=LINE('',#2497,#555);
#318=LINE('',#2498,#556);
#319=LINE('',#2501,#557);
#320=LINE('',#2503,#558);
#321=LINE('',#2504,#559);
#322=LINE('',#2507,#560);
#323=LINE('',#2509,#561);
#324=LINE('',#2510,#562);
#325=LINE('',#2513,#563);
#326=LINE('',#2515,#564);
#327=LINE('',#2516,#565);
#328=LINE('',#2518,#566);
#329=LINE('',#2519,#567);
#330=LINE('',#2524,#568);
#331=LINE('',#2526,#569);
#332=LINE('',#2528,#570);
#333=LINE('',#2529,#571);
#334=LINE('',#2532,#572);
#335=LINE('',#2534,#573);
#336=LINE('',#2535,#574);
#337=LINE('',#2538,#575);
#338=LINE('',#2540,#576);
#339=LINE('',#2541,#577);
#340=LINE('',#2544,#578);
#341=LINE('',#2546,#579);
#342=LINE('',#2547,#580);
#343=LINE('',#2550,#581);
#344=LINE('',#2552,#582);
#345=LINE('',#2553,#583);
#346=LINE('',#2555,#584);
#347=LINE('',#2556,#585);
#348=LINE('',#2563,#586);
#349=LINE('',#2566,#587);
#350=LINE('',#2569,#588);
#351=LINE('',#2571,#589);
#352=LINE('',#2572,#590);
#353=LINE('',#2578,#591);
#354=LINE('',#2581,#592);
#355=LINE('',#2584,#593);
#356=LINE('',#2586,#594);
#357=LINE('',#2587,#595);
#358=LINE('',#2589,#596);
#359=LINE('',#2590,#597);
#360=LINE('',#2592,#598);
#361=LINE('',#2593,#599);
#362=LINE('',#2597,#600);
#363=LINE('',#2599,#601);
#364=LINE('',#2600,#602);
#365=LINE('',#2603,#603);
#366=LINE('',#2605,#604);
#367=LINE('',#2607,#605);
#368=LINE('',#2609,#606);
#369=LINE('',#2611,#607);
#370=LINE('',#2612,#608);
#371=LINE('',#2615,#609);
#372=LINE('',#2617,#610);
#373=LINE('',#2618,#611);
#374=LINE('',#2621,#612);
#375=LINE('',#2623,#613);
#376=LINE('',#2624,#614);
#377=LINE('',#2626,#615);
#378=LINE('',#2627,#616);
#379=LINE('',#2630,#617);
#380=LINE('',#2631,#618);
#381=LINE('',#2633,#619);
#382=LINE('',#2638,#620);
#383=LINE('',#2640,#621);
#384=LINE('',#2642,#622);
#385=LINE('',#2643,#623);
#386=LINE('',#2646,#624);
#387=LINE('',#2648,#625);
#388=LINE('',#2649,#626);
#389=LINE('',#2652,#627);
#390=LINE('',#2654,#628);
#391=LINE('',#2655,#629);
#392=LINE('',#2657,#630);
#393=LINE('',#2658,#631);
#394=LINE('',#2662,#632);
#395=LINE('',#2664,#633);
#396=LINE('',#2666,#634);
#397=LINE('',#2667,#635);
#398=LINE('',#2671,#636);
#399=LINE('',#2673,#637);
#400=LINE('',#2675,#638);
#401=LINE('',#2676,#639);
#402=LINE('',#2679,#640);
#403=LINE('',#2681,#641);
#404=LINE('',#2682,#642);
#405=LINE('',#2685,#643);
#406=LINE('',#2687,#644);
#407=LINE('',#2688,#645);
#408=LINE('',#2690,#646);
#409=LINE('',#2691,#647);
#410=LINE('',#2695,#648);
#411=LINE('',#2697,#649);
#412=LINE('',#2699,#650);
#413=LINE('',#2700,#651);
#414=LINE('',#2703,#652);
#415=LINE('',#2705,#653);
#416=LINE('',#2706,#654);
#417=LINE('',#2709,#655);
#418=LINE('',#2711,#656);
#419=LINE('',#2712,#657);
#420=LINE('',#2714,#658);
#421=LINE('',#2715,#659);
#422=LINE('',#2721,#660);
#423=LINE('',#2727,#661);
#424=LINE('',#2732,#662);
#425=LINE('',#2734,#663);
#426=LINE('',#2736,#664);
#427=LINE('',#2737,#665);
#428=LINE('',#2740,#666);
#429=LINE('',#2742,#667);
#430=LINE('',#2743,#668);
#431=LINE('',#2746,#669);
#432=LINE('',#2748,#670);
#433=LINE('',#2749,#671);
#434=LINE('',#2752,#672);
#435=LINE('',#2753,#673);
#436=LINE('',#2754,#674);
#437=LINE('',#2756,#675);
#438=LINE('',#2757,#676);
#439=LINE('',#2760,#677);
#440=LINE('',#2761,#678);
#441=LINE('',#2764,#679);
#442=LINE('',#2765,#680);
#443=LINE('',#2767,#681);
#444=LINE('',#2769,#682);
#445=LINE('',#2771,#683);
#446=LINE('',#2773,#684);
#447=LINE('',#2774,#685);
#448=LINE('',#2776,#686);
#449=LINE('',#2781,#687);
#450=LINE('',#2783,#688);
#451=LINE('',#2785,#689);
#452=LINE('',#2786,#690);
#453=LINE('',#2789,#691);
#454=LINE('',#2791,#692);
#455=LINE('',#2792,#693);
#456=LINE('',#2795,#694);
#457=LINE('',#2797,#695);
#458=LINE('',#2798,#696);
#459=LINE('',#2800,#697);
#460=LINE('',#2801,#698);
#461=LINE('',#2805,#699);
#462=LINE('',#2807,#700);
#463=LINE('',#2809,#701);
#464=LINE('',#2810,#702);
#465=LINE('',#2813,#703);
#466=LINE('',#2815,#704);
#467=LINE('',#2816,#705);
#468=LINE('',#2819,#706);
#469=LINE('',#2821,#707);
#470=LINE('',#2822,#708);
#471=LINE('',#2824,#709);
#472=LINE('',#2825,#710);
#473=LINE('',#2829,#711);
#474=LINE('',#2831,#712);
#475=LINE('',#2833,#713);
#476=LINE('',#2834,#714);
#477=LINE('',#2837,#715);
#478=LINE('',#2839,#716);
#479=LINE('',#2840,#717);
#480=LINE('',#2843,#718);
#481=LINE('',#2845,#719);
#482=LINE('',#2846,#720);
#483=LINE('',#2848,#721);
#484=LINE('',#2849,#722);
#485=LINE('',#2853,#723);
#486=LINE('',#2855,#724);
#487=LINE('',#2857,#725);
#488=LINE('',#2858,#726);
#489=LINE('',#2860,#727);
#490=LINE('',#2861,#728);
#491=LINE('',#2863,#729);
#492=LINE('',#2864,#730);
#493=VECTOR('',#1934,10.);
#494=VECTOR('',#1935,10.);
#495=VECTOR('',#1936,10.);
#496=VECTOR('',#1937,10.);
#497=VECTOR('',#1940,10.);
#498=VECTOR('',#1941,10.);
#499=VECTOR('',#1942,10.);
#500=VECTOR('',#1945,10.);
#501=VECTOR('',#1946,10.);
#502=VECTOR('',#1947,10.);
#503=VECTOR('',#1950,10.);
#504=VECTOR('',#1951,10.);
#505=VECTOR('',#1954,10.);
#506=VECTOR('',#1955,10.);
#507=VECTOR('',#1956,10.);
#508=VECTOR('',#1957,10.);
#509=VECTOR('',#1960,10.);
#510=VECTOR('',#1961,10.);
#511=VECTOR('',#1962,10.);
#512=VECTOR('',#1965,10.);
#513=VECTOR('',#1966,10.);
#514=VECTOR('',#1967,10.);
#515=VECTOR('',#1970,10.);
#516=VECTOR('',#1973,10.);
#517=VECTOR('',#1974,10.);
#518=VECTOR('',#1975,10.);
#519=VECTOR('',#1976,10.);
#520=VECTOR('',#1979,10.);
#521=VECTOR('',#1980,10.);
#522=VECTOR('',#1981,10.);
#523=VECTOR('',#1984,10.);
#524=VECTOR('',#1985,10.);
#525=VECTOR('',#1986,10.);
#526=VECTOR('',#1989,10.);
#527=VECTOR('',#1990,10.);
#528=VECTOR('',#1993,10.);
#529=VECTOR('',#1994,10.);
#530=VECTOR('',#1995,10.);
#531=VECTOR('',#1996,10.);
#532=VECTOR('',#1999,10.);
#533=VECTOR('',#2000,10.);
#534=VECTOR('',#2001,10.);
#535=VECTOR('',#2002,10.);
#536=VECTOR('',#2005,10.);
#537=VECTOR('',#2006,10.);
#538=VECTOR('',#2007,10.);
#539=VECTOR('',#2010,10.);
#540=VECTOR('',#2011,10.);
#541=VECTOR('',#2012,10.);
#542=VECTOR('',#2015,10.);
#543=VECTOR('',#2016,10.);
#544=VECTOR('',#2017,10.);
#545=VECTOR('',#2020,10.);
#546=VECTOR('',#2021,10.);
#547=VECTOR('',#2022,10.);
#548=VECTOR('',#2025,10.);
#549=VECTOR('',#2026,10.);
#550=VECTOR('',#2031,10.);
#551=VECTOR('',#2032,10.);
#552=VECTOR('',#2033,10.);
#553=VECTOR('',#2034,10.);
#554=VECTOR('',#2037,10.);
#555=VECTOR('',#2038,10.);
#556=VECTOR('',#2039,10.);
#557=VECTOR('',#2042,10.);
#558=VECTOR('',#2043,10.);
#559=VECTOR('',#2044,10.);
#560=VECTOR('',#2047,10.);
#561=VECTOR('',#2048,10.);
#562=VECTOR('',#2049,10.);
#563=VECTOR('',#2052,10.);
#564=VECTOR('',#2053,10.);
#565=VECTOR('',#2054,10.);
#566=VECTOR('',#2057,10.);
#567=VECTOR('',#2058,10.);
#568=VECTOR('',#2063,10.);
#569=VECTOR('',#2064,10.);
#570=VECTOR('',#2065,10.);
#571=VECTOR('',#2066,10.);
#572=VECTOR('',#2069,10.);
#573=VECTOR('',#2070,10.);
#574=VECTOR('',#2071,10.);
#575=VECTOR('',#2074,10.);
#576=VECTOR('',#2075,10.);
#577=VECTOR('',#2076,10.);
#578=VECTOR('',#2079,10.);
#579=VECTOR('',#2080,10.);
#580=VECTOR('',#2081,10.);
#581=VECTOR('',#2084,10.);
#582=VECTOR('',#2085,10.);
#583=VECTOR('',#2086,10.);
#584=VECTOR('',#2089,10.);
#585=VECTOR('',#2090,10.);
#586=VECTOR('',#2097,10.);
#587=VECTOR('',#2100,10.);
#588=VECTOR('',#2103,10.);
#589=VECTOR('',#2104,10.);
#590=VECTOR('',#2105,10.);
#591=VECTOR('',#2110,10.);
#592=VECTOR('',#2113,10.);
#593=VECTOR('',#2116,10.);
#594=VECTOR('',#2117,10.);
#595=VECTOR('',#2118,10.);
#596=VECTOR('',#2121,10.);
#597=VECTOR('',#2122,10.);
#598=VECTOR('',#2125,10.);
#599=VECTOR('',#2126,10.);
#600=VECTOR('',#2131,10.);
#601=VECTOR('',#2132,10.);
#602=VECTOR('',#2133,10.);
#603=VECTOR('',#2136,10.);
#604=VECTOR('',#2137,10.);
#605=VECTOR('',#2138,10.);
#606=VECTOR('',#2139,10.);
#607=VECTOR('',#2140,10.);
#608=VECTOR('',#2141,10.);
#609=VECTOR('',#2144,10.);
#610=VECTOR('',#2145,10.);
#611=VECTOR('',#2146,10.);
#612=VECTOR('',#2149,10.);
#613=VECTOR('',#2150,10.);
#614=VECTOR('',#2151,10.);
#615=VECTOR('',#2154,10.);
#616=VECTOR('',#2155,10.);
#617=VECTOR('',#2158,10.);
#618=VECTOR('',#2159,10.);
#619=VECTOR('',#2162,10.);
#620=VECTOR('',#2167,10.);
#621=VECTOR('',#2168,10.);
#622=VECTOR('',#2169,10.);
#623=VECTOR('',#2170,10.);
#624=VECTOR('',#2173,10.);
#625=VECTOR('',#2174,10.);
#626=VECTOR('',#2175,10.);
#627=VECTOR('',#2178,10.);
#628=VECTOR('',#2179,10.);
#629=VECTOR('',#2180,10.);
#630=VECTOR('',#2183,10.);
#631=VECTOR('',#2184,10.);
#632=VECTOR('',#2187,10.);
#633=VECTOR('',#2188,10.);
#634=VECTOR('',#2189,10.);
#635=VECTOR('',#2190,10.);
#636=VECTOR('',#2193,10.);
#637=VECTOR('',#2194,10.);
#638=VECTOR('',#2195,10.);
#639=VECTOR('',#2196,10.);
#640=VECTOR('',#2199,10.);
#641=VECTOR('',#2200,10.);
#642=VECTOR('',#2201,10.);
#643=VECTOR('',#2204,10.);
#644=VECTOR('',#2205,10.);
#645=VECTOR('',#2206,10.);
#646=VECTOR('',#2209,10.);
#647=VECTOR('',#2210,10.);
#648=VECTOR('',#2213,10.);
#649=VECTOR('',#2214,10.);
#650=VECTOR('',#2215,10.);
#651=VECTOR('',#2216,10.);
#652=VECTOR('',#2219,10.);
#653=VECTOR('',#2220,10.);
#654=VECTOR('',#2221,10.);
#655=VECTOR('',#2224,10.);
#656=VECTOR('',#2225,10.);
#657=VECTOR('',#2226,10.);
#658=VECTOR('',#2229,10.);
#659=VECTOR('',#2230,10.);
#660=VECTOR('',#2237,1.7);
#661=VECTOR('',#2244,1.7);
#662=VECTOR('',#2249,10.);
#663=VECTOR('',#2250,10.);
#664=VECTOR('',#2251,10.);
#665=VECTOR('',#2252,10.);
#666=VECTOR('',#2255,10.);
#667=VECTOR('',#2256,10.);
#668=VECTOR('',#2257,10.);
#669=VECTOR('',#2260,10.);
#670=VECTOR('',#2261,10.);
#671=VECTOR('',#2262,10.);
#672=VECTOR('',#2265,10.);
#673=VECTOR('',#2266,10.);
#674=VECTOR('',#2267,10.);
#675=VECTOR('',#2268,10.);
#676=VECTOR('',#2269,10.);
#677=VECTOR('',#2272,10.);
#678=VECTOR('',#2273,10.);
#679=VECTOR('',#2276,10.);
#680=VECTOR('',#2277,10.);
#681=VECTOR('',#2278,10.);
#682=VECTOR('',#2279,10.);
#683=VECTOR('',#2280,10.);
#684=VECTOR('',#2281,10.);
#685=VECTOR('',#2282,10.);
#686=VECTOR('',#2285,10.);
#687=VECTOR('',#2290,10.);
#688=VECTOR('',#2291,10.);
#689=VECTOR('',#2292,10.);
#690=VECTOR('',#2293,10.);
#691=VECTOR('',#2296,10.);
#692=VECTOR('',#2297,10.);
#693=VECTOR('',#2298,10.);
#694=VECTOR('',#2301,10.);
#695=VECTOR('',#2302,10.);
#696=VECTOR('',#2303,10.);
#697=VECTOR('',#2306,10.);
#698=VECTOR('',#2307,10.);
#699=VECTOR('',#2310,10.);
#700=VECTOR('',#2311,10.);
#701=VECTOR('',#2312,10.);
#702=VECTOR('',#2313,10.);
#703=VECTOR('',#2316,10.);
#704=VECTOR('',#2317,10.);
#705=VECTOR('',#2318,10.);
#706=VECTOR('',#2321,10.);
#707=VECTOR('',#2322,10.);
#708=VECTOR('',#2323,10.);
#709=VECTOR('',#2326,10.);
#710=VECTOR('',#2327,10.);
#711=VECTOR('',#2330,10.);
#712=VECTOR('',#2331,10.);
#713=VECTOR('',#2332,10.);
#714=VECTOR('',#2333,10.);
#715=VECTOR('',#2336,10.);
#716=VECTOR('',#2337,10.);
#717=VECTOR('',#2338,10.);
#718=VECTOR('',#2341,10.);
#719=VECTOR('',#2342,10.);
#720=VECTOR('',#2343,10.);
#721=VECTOR('',#2346,10.);
#722=VECTOR('',#2347,10.);
#723=VECTOR('',#2350,10.);
#724=VECTOR('',#2351,10.);
#725=VECTOR('',#2352,10.);
#726=VECTOR('',#2353,10.);
#727=VECTOR('',#2356,10.);
#728=VECTOR('',#2357,10.);
#729=VECTOR('',#2360,10.);
#730=VECTOR('',#2361,10.);
#731=VERTEX_POINT('',#2368);
#732=VERTEX_POINT('',#2369);
#733=VERTEX_POINT('',#2371);
#734=VERTEX_POINT('',#2373);
#735=VERTEX_POINT('',#2377);
#736=VERTEX_POINT('',#2379);
#737=VERTEX_POINT('',#2383);
#738=VERTEX_POINT('',#2385);
#739=VERTEX_POINT('',#2392);
#740=VERTEX_POINT('',#2393);
#741=VERTEX_POINT('',#2395);
#742=VERTEX_POINT('',#2397);
#743=VERTEX_POINT('',#2401);
#744=VERTEX_POINT('',#2403);
#745=VERTEX_POINT('',#2407);
#746=VERTEX_POINT('',#2409);
#747=VERTEX_POINT('',#2415);
#748=VERTEX_POINT('',#2416);
#749=VERTEX_POINT('',#2418);
#750=VERTEX_POINT('',#2420);
#751=VERTEX_POINT('',#2424);
#752=VERTEX_POINT('',#2426);
#753=VERTEX_POINT('',#2430);
#754=VERTEX_POINT('',#2432);
#755=VERTEX_POINT('',#2439);
#756=VERTEX_POINT('',#2440);
#757=VERTEX_POINT('',#2442);
#758=VERTEX_POINT('',#2444);
#759=VERTEX_POINT('',#2448);
#760=VERTEX_POINT('',#2449);
#761=VERTEX_POINT('',#2451);
#762=VERTEX_POINT('',#2453);
#763=VERTEX_POINT('',#2457);
#764=VERTEX_POINT('',#2459);
#765=VERTEX_POINT('',#2463);
#766=VERTEX_POINT('',#2465);
#767=VERTEX_POINT('',#2469);
#768=VERTEX_POINT('',#2471);
#769=VERTEX_POINT('',#2475);
#770=VERTEX_POINT('',#2477);
#771=VERTEX_POINT('',#2485);
#772=VERTEX_POINT('',#2486);
#773=VERTEX_POINT('',#2488);
#774=VERTEX_POINT('',#2490);
#775=VERTEX_POINT('',#2494);
#776=VERTEX_POINT('',#2496);
#777=VERTEX_POINT('',#2500);
#778=VERTEX_POINT('',#2502);
#779=VERTEX_POINT('',#2506);
#780=VERTEX_POINT('',#2508);
#781=VERTEX_POINT('',#2512);
#782=VERTEX_POINT('',#2514);
#783=VERTEX_POINT('',#2522);
#784=VERTEX_POINT('',#2523);
#785=VERTEX_POINT('',#2525);
#786=VERTEX_POINT('',#2527);
#787=VERTEX_POINT('',#2531);
#788=VERTEX_POINT('',#2533);
#789=VERTEX_POINT('',#2537);
#790=VERTEX_POINT('',#2539);
#791=VERTEX_POINT('',#2543);
#792=VERTEX_POINT('',#2545);
#793=VERTEX_POINT('',#2549);
#794=VERTEX_POINT('',#2551);
#795=VERTEX_POINT('',#2559);
#796=VERTEX_POINT('',#2560);
#797=VERTEX_POINT('',#2562);
#798=VERTEX_POINT('',#2564);
#799=VERTEX_POINT('',#2568);
#800=VERTEX_POINT('',#2570);
#801=VERTEX_POINT('',#2574);
#802=VERTEX_POINT('',#2575);
#803=VERTEX_POINT('',#2577);
#804=VERTEX_POINT('',#2579);
#805=VERTEX_POINT('',#2583);
#806=VERTEX_POINT('',#2585);
#807=VERTEX_POINT('',#2596);
#808=VERTEX_POINT('',#2598);
#809=VERTEX_POINT('',#2602);
#810=VERTEX_POINT('',#2604);
#811=VERTEX_POINT('',#2606);
#812=VERTEX_POINT('',#2608);
#813=VERTEX_POINT('',#2610);
#814=VERTEX_POINT('',#2614);
#815=VERTEX_POINT('',#2616);
#816=VERTEX_POINT('',#2620);
#817=VERTEX_POINT('',#2622);
#818=VERTEX_POINT('',#2629);
#819=VERTEX_POINT('',#2636);
#820=VERTEX_POINT('',#2637);
#821=VERTEX_POINT('',#2639);
#822=VERTEX_POINT('',#2641);
#823=VERTEX_POINT('',#2645);
#824=VERTEX_POINT('',#2647);
#825=VERTEX_POINT('',#2651);
#826=VERTEX_POINT('',#2653);
#827=VERTEX_POINT('',#2660);
#828=VERTEX_POINT('',#2661);
#829=VERTEX_POINT('',#2663);
#830=VERTEX_POINT('',#2665);
#831=VERTEX_POINT('',#2669);
#832=VERTEX_POINT('',#2670);
#833=VERTEX_POINT('',#2672);
#834=VERTEX_POINT('',#2674);
#835=VERTEX_POINT('',#2678);
#836=VERTEX_POINT('',#2680);
#837=VERTEX_POINT('',#2684);
#838=VERTEX_POINT('',#2686);
#839=VERTEX_POINT('',#2693);
#840=VERTEX_POINT('',#2694);
#841=VERTEX_POINT('',#2696);
#842=VERTEX_POINT('',#2698);
#843=VERTEX_POINT('',#2702);
#844=VERTEX_POINT('',#2704);
#845=VERTEX_POINT('',#2708);
#846=VERTEX_POINT('',#2710);
#847=VERTEX_POINT('',#2718);
#848=VERTEX_POINT('',#2720);
#849=VERTEX_POINT('',#2724);
#850=VERTEX_POINT('',#2726);
#851=VERTEX_POINT('',#2730);
#852=VERTEX_POINT('',#2731);
#853=VERTEX_POINT('',#2733);
#854=VERTEX_POINT('',#2735);
#855=VERTEX_POINT('',#2739);
#856=VERTEX_POINT('',#2741);
#857=VERTEX_POINT('',#2745);
#858=VERTEX_POINT('',#2747);
#859=VERTEX_POINT('',#2751);
#860=VERTEX_POINT('',#2755);
#861=VERTEX_POINT('',#2759);
#862=VERTEX_POINT('',#2763);
#863=VERTEX_POINT('',#2766);
#864=VERTEX_POINT('',#2768);
#865=VERTEX_POINT('',#2770);
#866=VERTEX_POINT('',#2772);
#867=VERTEX_POINT('',#2779);
#868=VERTEX_POINT('',#2780);
#869=VERTEX_POINT('',#2782);
#870=VERTEX_POINT('',#2784);
#871=VERTEX_POINT('',#2788);
#872=VERTEX_POINT('',#2790);
#873=VERTEX_POINT('',#2794);
#874=VERTEX_POINT('',#2796);
#875=VERTEX_POINT('',#2803);
#876=VERTEX_POINT('',#2804);
#877=VERTEX_POINT('',#2806);
#878=VERTEX_POINT('',#2808);
#879=VERTEX_POINT('',#2812);
#880=VERTEX_POINT('',#2814);
#881=VERTEX_POINT('',#2818);
#882=VERTEX_POINT('',#2820);
#883=VERTEX_POINT('',#2827);
#884=VERTEX_POINT('',#2828);
#885=VERTEX_POINT('',#2830);
#886=VERTEX_POINT('',#2832);
#887=VERTEX_POINT('',#2836);
#888=VERTEX_POINT('',#2838);
#889=VERTEX_POINT('',#2842);
#890=VERTEX_POINT('',#2844);
#891=VERTEX_POINT('',#2851);
#892=VERTEX_POINT('',#2852);
#893=VERTEX_POINT('',#2854);
#894=VERTEX_POINT('',#2856);
#895=EDGE_CURVE('',#731,#732,#255,.T.);
#896=EDGE_CURVE('',#733,#731,#256,.T.);
#897=EDGE_CURVE('',#734,#733,#257,.T.);
#898=EDGE_CURVE('',#734,#732,#258,.T.);
#899=EDGE_CURVE('',#732,#735,#259,.T.);
#900=EDGE_CURVE('',#736,#734,#260,.T.);
#901=EDGE_CURVE('',#736,#735,#261,.T.);
#902=EDGE_CURVE('',#735,#737,#262,.T.);
#903=EDGE_CURVE('',#738,#736,#263,.T.);
#904=EDGE_CURVE('',#738,#737,#264,.T.);
#905=EDGE_CURVE('',#737,#731,#265,.T.);
#906=EDGE_CURVE('',#733,#738,#266,.T.);
#907=EDGE_CURVE('',#739,#740,#267,.T.);
#908=EDGE_CURVE('',#739,#741,#268,.T.);
#909=EDGE_CURVE('',#742,#741,#269,.T.);
#910=EDGE_CURVE('',#740,#742,#270,.T.);
#911=EDGE_CURVE('',#740,#743,#271,.T.);
#912=EDGE_CURVE('',#744,#742,#272,.T.);
#913=EDGE_CURVE('',#743,#744,#273,.T.);
#914=EDGE_CURVE('',#745,#739,#274,.T.);
#915=EDGE_CURVE('',#745,#746,#275,.T.);
#916=EDGE_CURVE('',#741,#746,#276,.T.);
#917=EDGE_CURVE('',#746,#744,#277,.T.);
#918=EDGE_CURVE('',#747,#748,#278,.T.);
#919=EDGE_CURVE('',#747,#749,#279,.T.);
#920=EDGE_CURVE('',#750,#749,#280,.T.);
#921=EDGE_CURVE('',#748,#750,#281,.T.);
#922=EDGE_CURVE('',#751,#747,#282,.T.);
#923=EDGE_CURVE('',#751,#752,#283,.T.);
#924=EDGE_CURVE('',#749,#752,#284,.T.);
#925=EDGE_CURVE('',#753,#751,#285,.T.);
#926=EDGE_CURVE('',#753,#754,#286,.T.);
#927=EDGE_CURVE('',#752,#754,#287,.T.);
#928=EDGE_CURVE('',#748,#753,#288,.T.);
#929=EDGE_CURVE('',#754,#750,#289,.T.);
#930=EDGE_CURVE('',#755,#756,#290,.T.);
#931=EDGE_CURVE('',#757,#755,#291,.T.);
#932=EDGE_CURVE('',#758,#757,#292,.T.);
#933=EDGE_CURVE('',#756,#758,#293,.T.);
#934=EDGE_CURVE('',#759,#760,#294,.T.);
#935=EDGE_CURVE('',#759,#761,#295,.T.);
#936=EDGE_CURVE('',#761,#762,#296,.T.);
#937=EDGE_CURVE('',#760,#762,#297,.T.);
#938=EDGE_CURVE('',#763,#759,#298,.T.);
#939=EDGE_CURVE('',#763,#764,#299,.T.);
#940=EDGE_CURVE('',#764,#761,#300,.T.);
#941=EDGE_CURVE('',#765,#763,#301,.T.);
#942=EDGE_CURVE('',#765,#766,#302,.T.);
#943=EDGE_CURVE('',#766,#764,#303,.T.);
#944=EDGE_CURVE('',#767,#765,#304,.T.);
#945=EDGE_CURVE('',#767,#768,#305,.T.);
#946=EDGE_CURVE('',#768,#766,#306,.T.);
#947=EDGE_CURVE('',#769,#767,#307,.T.);
#948=EDGE_CURVE('',#769,#770,#308,.T.);
#949=EDGE_CURVE('',#770,#768,#309,.T.);
#950=EDGE_CURVE('',#760,#769,#310,.T.);
#951=EDGE_CURVE('',#762,#770,#311,.T.);
#952=EDGE_CURVE('',#771,#772,#312,.T.);
#953=EDGE_CURVE('',#771,#773,#313,.T.);
#954=EDGE_CURVE('',#773,#774,#314,.T.);
#955=EDGE_CURVE('',#772,#774,#315,.T.);
#956=EDGE_CURVE('',#775,#771,#316,.T.);
#957=EDGE_CURVE('',#775,#776,#317,.T.);
#958=EDGE_CURVE('',#776,#773,#318,.T.);
#959=EDGE_CURVE('',#777,#775,#319,.T.);
#960=EDGE_CURVE('',#777,#778,#320,.T.);
#961=EDGE_CURVE('',#778,#776,#321,.T.);
#962=EDGE_CURVE('',#779,#777,#322,.T.);
#963=EDGE_CURVE('',#779,#780,#323,.T.);
#964=EDGE_CURVE('',#780,#778,#324,.T.);
#965=EDGE_CURVE('',#781,#779,#325,.T.);
#966=EDGE_CURVE('',#781,#782,#326,.T.);
#967=EDGE_CURVE('',#782,#780,#327,.T.);
#968=EDGE_CURVE('',#772,#781,#328,.T.);
#969=EDGE_CURVE('',#774,#782,#329,.T.);
#970=EDGE_CURVE('',#783,#784,#330,.T.);
#971=EDGE_CURVE('',#783,#785,#331,.T.);
#972=EDGE_CURVE('',#785,#786,#332,.T.);
#973=EDGE_CURVE('',#784,#786,#333,.T.);
#974=EDGE_CURVE('',#787,#783,#334,.T.);
#975=EDGE_CURVE('',#787,#788,#335,.T.);
#976=EDGE_CURVE('',#788,#785,#336,.T.);
#977=EDGE_CURVE('',#789,#787,#337,.T.);
#978=EDGE_CURVE('',#789,#790,#338,.T.);
#979=EDGE_CURVE('',#790,#788,#339,.T.);
#980=EDGE_CURVE('',#791,#789,#340,.T.);
#981=EDGE_CURVE('',#791,#792,#341,.T.);
#982=EDGE_CURVE('',#792,#790,#342,.T.);
#983=EDGE_CURVE('',#793,#791,#343,.T.);
#984=EDGE_CURVE('',#793,#794,#344,.T.);
#985=EDGE_CURVE('',#794,#792,#345,.T.);
#986=EDGE_CURVE('',#784,#793,#346,.T.);
#987=EDGE_CURVE('',#786,#794,#347,.T.);
#988=EDGE_CURVE('',#795,#796,#39,.T.);
#989=EDGE_CURVE('',#796,#797,#348,.T.);
#990=EDGE_CURVE('',#797,#798,#40,.T.);
#991=EDGE_CURVE('',#798,#795,#349,.T.);
#992=EDGE_CURVE('',#796,#799,#350,.T.);
#993=EDGE_CURVE('',#800,#799,#351,.T.);
#994=EDGE_CURVE('',#797,#800,#352,.T.);
#995=EDGE_CURVE('',#801,#802,#41,.T.);
#996=EDGE_CURVE('',#802,#803,#353,.T.);
#997=EDGE_CURVE('',#803,#804,#42,.T.);
#998=EDGE_CURVE('',#804,#801,#354,.T.);
#999=EDGE_CURVE('',#802,#805,#355,.T.);
#1000=EDGE_CURVE('',#806,#805,#356,.T.);
#1001=EDGE_CURVE('',#803,#806,#357,.T.);
#1002=EDGE_CURVE('',#798,#801,#358,.T.);
#1003=EDGE_CURVE('',#805,#800,#359,.T.);
#1004=EDGE_CURVE('',#804,#795,#360,.T.);
#1005=EDGE_CURVE('',#799,#806,#361,.T.);
#1006=EDGE_CURVE('',#807,#758,#362,.T.);
#1007=EDGE_CURVE('',#808,#807,#363,.T.);
#1008=EDGE_CURVE('',#808,#756,#364,.T.);
#1009=EDGE_CURVE('',#807,#809,#365,.T.);
#1010=EDGE_CURVE('',#810,#757,#366,.T.);
#1011=EDGE_CURVE('',#811,#810,#367,.T.);
#1012=EDGE_CURVE('',#811,#812,#368,.T.);
#1013=EDGE_CURVE('',#813,#812,#369,.T.);
#1014=EDGE_CURVE('',#809,#813,#370,.T.);
#1015=EDGE_CURVE('',#809,#814,#371,.T.);
#1016=EDGE_CURVE('',#815,#813,#372,.T.);
#1017=EDGE_CURVE('',#814,#815,#373,.T.);
#1018=EDGE_CURVE('',#814,#816,#374,.T.);
#1019=EDGE_CURVE('',#817,#815,#375,.T.);
#1020=EDGE_CURVE('',#816,#817,#376,.T.);
#1021=EDGE_CURVE('',#816,#811,#377,.T.);
#1022=EDGE_CURVE('',#812,#817,#378,.T.);
#1023=EDGE_CURVE('',#818,#755,#379,.T.);
#1024=EDGE_CURVE('',#810,#818,#380,.T.);
#1025=EDGE_CURVE('',#818,#808,#381,.T.);
#1026=EDGE_CURVE('',#819,#820,#382,.T.);
#1027=EDGE_CURVE('',#821,#819,#383,.T.);
#1028=EDGE_CURVE('',#822,#821,#384,.T.);
#1029=EDGE_CURVE('',#822,#820,#385,.T.);
#1030=EDGE_CURVE('',#820,#823,#386,.T.);
#1031=EDGE_CURVE('',#824,#822,#387,.T.);
#1032=EDGE_CURVE('',#824,#823,#388,.T.);
#1033=EDGE_CURVE('',#823,#825,#389,.T.);
#1034=EDGE_CURVE('',#826,#824,#390,.T.);
#1035=EDGE_CURVE('',#826,#825,#391,.T.);
#1036=EDGE_CURVE('',#825,#819,#392,.T.);
#1037=EDGE_CURVE('',#821,#826,#393,.T.);
#1038=EDGE_CURVE('',#827,#828,#394,.T.);
#1039=EDGE_CURVE('',#827,#829,#395,.T.);
#1040=EDGE_CURVE('',#830,#829,#396,.T.);
#1041=EDGE_CURVE('',#828,#830,#397,.T.);
#1042=EDGE_CURVE('',#831,#832,#398,.T.);
#1043=EDGE_CURVE('',#831,#833,#399,.T.);
#1044=EDGE_CURVE('',#834,#833,#400,.T.);
#1045=EDGE_CURVE('',#832,#834,#401,.T.);
#1046=EDGE_CURVE('',#835,#831,#402,.T.);
#1047=EDGE_CURVE('',#835,#836,#403,.T.);
#1048=EDGE_CURVE('',#833,#836,#404,.T.);
#1049=EDGE_CURVE('',#837,#835,#405,.T.);
#1050=EDGE_CURVE('',#837,#838,#406,.T.);
#1051=EDGE_CURVE('',#836,#838,#407,.T.);
#1052=EDGE_CURVE('',#832,#837,#408,.T.);
#1053=EDGE_CURVE('',#838,#834,#409,.T.);
#1054=EDGE_CURVE('',#839,#840,#410,.T.);
#1055=EDGE_CURVE('',#839,#841,#411,.T.);
#1056=EDGE_CURVE('',#841,#842,#412,.T.);
#1057=EDGE_CURVE('',#840,#842,#413,.T.);
#1058=EDGE_CURVE('',#843,#839,#414,.T.);
#1059=EDGE_CURVE('',#843,#844,#415,.T.);
#1060=EDGE_CURVE('',#844,#841,#416,.T.);
#1061=EDGE_CURVE('',#845,#843,#417,.T.);
#1062=EDGE_CURVE('',#845,#846,#418,.T.);
#1063=EDGE_CURVE('',#846,#844,#419,.T.);
#1064=EDGE_CURVE('',#840,#845,#420,.T.);
#1065=EDGE_CURVE('',#842,#846,#421,.T.);
#1066=EDGE_CURVE('',#847,#847,#43,.T.);
#1067=EDGE_CURVE('',#847,#848,#422,.T.);
#1068=EDGE_CURVE('',#848,#848,#44,.T.);
#1069=EDGE_CURVE('',#849,#849,#45,.T.);
#1070=EDGE_CURVE('',#849,#850,#423,.T.);
#1071=EDGE_CURVE('',#850,#850,#46,.T.);
#1072=EDGE_CURVE('',#851,#852,#424,.T.);
#1073=EDGE_CURVE('',#853,#851,#425,.T.);
#1074=EDGE_CURVE('',#854,#853,#426,.T.);
#1075=EDGE_CURVE('',#854,#852,#427,.T.);
#1076=EDGE_CURVE('',#852,#855,#428,.T.);
#1077=EDGE_CURVE('',#856,#854,#429,.T.);
#1078=EDGE_CURVE('',#855,#856,#430,.T.);
#1079=EDGE_CURVE('',#857,#851,#431,.T.);
#1080=EDGE_CURVE('',#858,#857,#432,.T.);
#1081=EDGE_CURVE('',#853,#858,#433,.T.);
#1082=EDGE_CURVE('',#859,#858,#434,.T.);
#1083=EDGE_CURVE('',#828,#859,#435,.T.);
#1084=EDGE_CURVE('',#743,#830,#436,.T.);
#1085=EDGE_CURVE('',#860,#745,#437,.T.);
#1086=EDGE_CURVE('',#856,#860,#438,.T.);
#1087=EDGE_CURVE('',#861,#857,#439,.T.);
#1088=EDGE_CURVE('',#859,#861,#440,.T.);
#1089=EDGE_CURVE('',#855,#862,#441,.T.);
#1090=EDGE_CURVE('',#829,#862,#442,.T.);
#1091=EDGE_CURVE('',#863,#827,#443,.T.);
#1092=EDGE_CURVE('',#864,#863,#444,.T.);
#1093=EDGE_CURVE('',#864,#865,#445,.T.);
#1094=EDGE_CURVE('',#865,#866,#446,.T.);
#1095=EDGE_CURVE('',#861,#866,#447,.T.);
#1096=EDGE_CURVE('',#862,#860,#448,.T.);
#1097=EDGE_CURVE('',#867,#868,#449,.T.);
#1098=EDGE_CURVE('',#869,#867,#450,.T.);
#1099=EDGE_CURVE('',#870,#869,#451,.T.);
#1100=EDGE_CURVE('',#870,#868,#452,.T.);
#1101=EDGE_CURVE('',#868,#871,#453,.T.);
#1102=EDGE_CURVE('',#872,#870,#454,.T.);
#1103=EDGE_CURVE('',#872,#871,#455,.T.);
#1104=EDGE_CURVE('',#871,#873,#456,.T.);
#1105=EDGE_CURVE('',#874,#872,#457,.T.);
#1106=EDGE_CURVE('',#874,#873,#458,.T.);
#1107=EDGE_CURVE('',#873,#867,#459,.T.);
#1108=EDGE_CURVE('',#869,#874,#460,.T.);
#1109=EDGE_CURVE('',#875,#876,#461,.T.);
#1110=EDGE_CURVE('',#877,#875,#462,.T.);
#1111=EDGE_CURVE('',#878,#877,#463,.T.);
#1112=EDGE_CURVE('',#878,#876,#464,.T.);
#1113=EDGE_CURVE('',#876,#879,#465,.T.);
#1114=EDGE_CURVE('',#880,#878,#466,.T.);
#1115=EDGE_CURVE('',#880,#879,#467,.T.);
#1116=EDGE_CURVE('',#879,#881,#468,.T.);
#1117=EDGE_CURVE('',#882,#880,#469,.T.);
#1118=EDGE_CURVE('',#882,#881,#470,.T.);
#1119=EDGE_CURVE('',#881,#875,#471,.T.);
#1120=EDGE_CURVE('',#877,#882,#472,.T.);
#1121=EDGE_CURVE('',#883,#884,#473,.T.);
#1122=EDGE_CURVE('',#885,#883,#474,.T.);
#1123=EDGE_CURVE('',#886,#885,#475,.T.);
#1124=EDGE_CURVE('',#886,#884,#476,.T.);
#1125=EDGE_CURVE('',#884,#887,#477,.T.);
#1126=EDGE_CURVE('',#888,#886,#478,.T.);
#1127=EDGE_CURVE('',#888,#887,#479,.T.);
#1128=EDGE_CURVE('',#887,#889,#480,.T.);
#1129=EDGE_CURVE('',#890,#888,#481,.T.);
#1130=EDGE_CURVE('',#890,#889,#482,.T.);
#1131=EDGE_CURVE('',#889,#883,#483,.T.);
#1132=EDGE_CURVE('',#885,#890,#484,.T.);
#1133=EDGE_CURVE('',#891,#892,#485,.T.);
#1134=EDGE_CURVE('',#892,#893,#486,.T.);
#1135=EDGE_CURVE('',#894,#893,#487,.T.);
#1136=EDGE_CURVE('',#891,#894,#488,.T.);
#1137=EDGE_CURVE('',#865,#891,#489,.T.);
#1138=EDGE_CURVE('',#866,#894,#490,.T.);
#1139=EDGE_CURVE('',#892,#864,#491,.T.);
#1140=EDGE_CURVE('',#893,#863,#492,.T.);
#1141=ORIENTED_EDGE('',*,*,#895,.F.);
#1142=ORIENTED_EDGE('',*,*,#896,.F.);
#1143=ORIENTED_EDGE('',*,*,#897,.F.);
#1144=ORIENTED_EDGE('',*,*,#898,.T.);
#1145=ORIENTED_EDGE('',*,*,#899,.F.);
#1146=ORIENTED_EDGE('',*,*,#898,.F.);
#1147=ORIENTED_EDGE('',*,*,#900,.F.);
#1148=ORIENTED_EDGE('',*,*,#901,.T.);
#1149=ORIENTED_EDGE('',*,*,#902,.F.);
#1150=ORIENTED_EDGE('',*,*,#901,.F.);
#1151=ORIENTED_EDGE('',*,*,#903,.F.);
#1152=ORIENTED_EDGE('',*,*,#904,.T.);
#1153=ORIENTED_EDGE('',*,*,#905,.F.);
#1154=ORIENTED_EDGE('',*,*,#904,.F.);
#1155=ORIENTED_EDGE('',*,*,#906,.F.);
#1156=ORIENTED_EDGE('',*,*,#896,.T.);
#1157=ORIENTED_EDGE('',*,*,#907,.F.);
#1158=ORIENTED_EDGE('',*,*,#908,.T.);
#1159=ORIENTED_EDGE('',*,*,#909,.F.);
#1160=ORIENTED_EDGE('',*,*,#910,.F.);
#1161=ORIENTED_EDGE('',*,*,#911,.F.);
#1162=ORIENTED_EDGE('',*,*,#910,.T.);
#1163=ORIENTED_EDGE('',*,*,#912,.F.);
#1164=ORIENTED_EDGE('',*,*,#913,.F.);
#1165=ORIENTED_EDGE('',*,*,#914,.F.);
#1166=ORIENTED_EDGE('',*,*,#915,.T.);
#1167=ORIENTED_EDGE('',*,*,#916,.F.);
#1168=ORIENTED_EDGE('',*,*,#908,.F.);
#1169=ORIENTED_EDGE('',*,*,#916,.T.);
#1170=ORIENTED_EDGE('',*,*,#917,.T.);
#1171=ORIENTED_EDGE('',*,*,#912,.T.);
#1172=ORIENTED_EDGE('',*,*,#909,.T.);
#1173=ORIENTED_EDGE('',*,*,#918,.F.);
#1174=ORIENTED_EDGE('',*,*,#919,.T.);
#1175=ORIENTED_EDGE('',*,*,#920,.F.);
#1176=ORIENTED_EDGE('',*,*,#921,.F.);
#1177=ORIENTED_EDGE('',*,*,#922,.F.);
#1178=ORIENTED_EDGE('',*,*,#923,.T.);
#1179=ORIENTED_EDGE('',*,*,#924,.F.);
#1180=ORIENTED_EDGE('',*,*,#919,.F.);
#1181=ORIENTED_EDGE('',*,*,#925,.F.);
#1182=ORIENTED_EDGE('',*,*,#926,.T.);
#1183=ORIENTED_EDGE('',*,*,#927,.F.);
#1184=ORIENTED_EDGE('',*,*,#923,.F.);
#1185=ORIENTED_EDGE('',*,*,#928,.F.);
#1186=ORIENTED_EDGE('',*,*,#921,.T.);
#1187=ORIENTED_EDGE('',*,*,#929,.F.);
#1188=ORIENTED_EDGE('',*,*,#926,.F.);
#1189=ORIENTED_EDGE('',*,*,#930,.F.);
#1190=ORIENTED_EDGE('',*,*,#931,.F.);
#1191=ORIENTED_EDGE('',*,*,#932,.F.);
#1192=ORIENTED_EDGE('',*,*,#933,.F.);
#1193=ORIENTED_EDGE('',*,*,#934,.F.);
#1194=ORIENTED_EDGE('',*,*,#935,.T.);
#1195=ORIENTED_EDGE('',*,*,#936,.T.);
#1196=ORIENTED_EDGE('',*,*,#937,.F.);
#1197=ORIENTED_EDGE('',*,*,#938,.F.);
#1198=ORIENTED_EDGE('',*,*,#939,.T.);
#1199=ORIENTED_EDGE('',*,*,#940,.T.);
#1200=ORIENTED_EDGE('',*,*,#935,.F.);
#1201=ORIENTED_EDGE('',*,*,#941,.F.);
#1202=ORIENTED_EDGE('',*,*,#942,.T.);
#1203=ORIENTED_EDGE('',*,*,#943,.T.);
#1204=ORIENTED_EDGE('',*,*,#939,.F.);
#1205=ORIENTED_EDGE('',*,*,#944,.F.);
#1206=ORIENTED_EDGE('',*,*,#945,.T.);
#1207=ORIENTED_EDGE('',*,*,#946,.T.);
#1208=ORIENTED_EDGE('',*,*,#942,.F.);
#1209=ORIENTED_EDGE('',*,*,#947,.F.);
#1210=ORIENTED_EDGE('',*,*,#948,.T.);
#1211=ORIENTED_EDGE('',*,*,#949,.T.);
#1212=ORIENTED_EDGE('',*,*,#945,.F.);
#1213=ORIENTED_EDGE('',*,*,#950,.F.);
#1214=ORIENTED_EDGE('',*,*,#937,.T.);
#1215=ORIENTED_EDGE('',*,*,#951,.T.);
#1216=ORIENTED_EDGE('',*,*,#948,.F.);
#1217=ORIENTED_EDGE('',*,*,#951,.F.);
#1218=ORIENTED_EDGE('',*,*,#936,.F.);
#1219=ORIENTED_EDGE('',*,*,#940,.F.);
#1220=ORIENTED_EDGE('',*,*,#943,.F.);
#1221=ORIENTED_EDGE('',*,*,#946,.F.);
#1222=ORIENTED_EDGE('',*,*,#949,.F.);
#1223=ORIENTED_EDGE('',*,*,#952,.F.);
#1224=ORIENTED_EDGE('',*,*,#953,.T.);
#1225=ORIENTED_EDGE('',*,*,#954,.T.);
#1226=ORIENTED_EDGE('',*,*,#955,.F.);
#1227=ORIENTED_EDGE('',*,*,#956,.F.);
#1228=ORIENTED_EDGE('',*,*,#957,.T.);
#1229=ORIENTED_EDGE('',*,*,#958,.T.);
#1230=ORIENTED_EDGE('',*,*,#953,.F.);
#1231=ORIENTED_EDGE('',*,*,#959,.F.);
#1232=ORIENTED_EDGE('',*,*,#960,.T.);
#1233=ORIENTED_EDGE('',*,*,#961,.T.);
#1234=ORIENTED_EDGE('',*,*,#957,.F.);
#1235=ORIENTED_EDGE('',*,*,#962,.F.);
#1236=ORIENTED_EDGE('',*,*,#963,.T.);
#1237=ORIENTED_EDGE('',*,*,#964,.T.);
#1238=ORIENTED_EDGE('',*,*,#960,.F.);
#1239=ORIENTED_EDGE('',*,*,#965,.F.);
#1240=ORIENTED_EDGE('',*,*,#966,.T.);
#1241=ORIENTED_EDGE('',*,*,#967,.T.);
#1242=ORIENTED_EDGE('',*,*,#963,.F.);
#1243=ORIENTED_EDGE('',*,*,#968,.F.);
#1244=ORIENTED_EDGE('',*,*,#955,.T.);
#1245=ORIENTED_EDGE('',*,*,#969,.T.);
#1246=ORIENTED_EDGE('',*,*,#966,.F.);
#1247=ORIENTED_EDGE('',*,*,#969,.F.);
#1248=ORIENTED_EDGE('',*,*,#954,.F.);
#1249=ORIENTED_EDGE('',*,*,#958,.F.);
#1250=ORIENTED_EDGE('',*,*,#961,.F.);
#1251=ORIENTED_EDGE('',*,*,#964,.F.);
#1252=ORIENTED_EDGE('',*,*,#967,.F.);
#1253=ORIENTED_EDGE('',*,*,#970,.F.);
#1254=ORIENTED_EDGE('',*,*,#971,.T.);
#1255=ORIENTED_EDGE('',*,*,#972,.T.);
#1256=ORIENTED_EDGE('',*,*,#973,.F.);
#1257=ORIENTED_EDGE('',*,*,#974,.F.);
#1258=ORIENTED_EDGE('',*,*,#975,.T.);
#1259=ORIENTED_EDGE('',*,*,#976,.T.);
#1260=ORIENTED_EDGE('',*,*,#971,.F.);
#1261=ORIENTED_EDGE('',*,*,#977,.F.);
#1262=ORIENTED_EDGE('',*,*,#978,.T.);
#1263=ORIENTED_EDGE('',*,*,#979,.T.);
#1264=ORIENTED_EDGE('',*,*,#975,.F.);
#1265=ORIENTED_EDGE('',*,*,#980,.F.);
#1266=ORIENTED_EDGE('',*,*,#981,.T.);
#1267=ORIENTED_EDGE('',*,*,#982,.T.);
#1268=ORIENTED_EDGE('',*,*,#978,.F.);
#1269=ORIENTED_EDGE('',*,*,#983,.F.);
#1270=ORIENTED_EDGE('',*,*,#984,.T.);
#1271=ORIENTED_EDGE('',*,*,#985,.T.);
#1272=ORIENTED_EDGE('',*,*,#981,.F.);
#1273=ORIENTED_EDGE('',*,*,#986,.F.);
#1274=ORIENTED_EDGE('',*,*,#973,.T.);
#1275=ORIENTED_EDGE('',*,*,#987,.T.);
#1276=ORIENTED_EDGE('',*,*,#984,.F.);
#1277=ORIENTED_EDGE('',*,*,#987,.F.);
#1278=ORIENTED_EDGE('',*,*,#972,.F.);
#1279=ORIENTED_EDGE('',*,*,#976,.F.);
#1280=ORIENTED_EDGE('',*,*,#979,.F.);
#1281=ORIENTED_EDGE('',*,*,#982,.F.);
#1282=ORIENTED_EDGE('',*,*,#985,.F.);
#1283=ORIENTED_EDGE('',*,*,#988,.T.);
#1284=ORIENTED_EDGE('',*,*,#989,.T.);
#1285=ORIENTED_EDGE('',*,*,#990,.T.);
#1286=ORIENTED_EDGE('',*,*,#991,.T.);
#1287=ORIENTED_EDGE('',*,*,#989,.F.);
#1288=ORIENTED_EDGE('',*,*,#992,.T.);
#1289=ORIENTED_EDGE('',*,*,#993,.F.);
#1290=ORIENTED_EDGE('',*,*,#994,.F.);
#1291=ORIENTED_EDGE('',*,*,#995,.T.);
#1292=ORIENTED_EDGE('',*,*,#996,.T.);
#1293=ORIENTED_EDGE('',*,*,#997,.T.);
#1294=ORIENTED_EDGE('',*,*,#998,.T.);
#1295=ORIENTED_EDGE('',*,*,#996,.F.);
#1296=ORIENTED_EDGE('',*,*,#999,.T.);
#1297=ORIENTED_EDGE('',*,*,#1000,.F.);
#1298=ORIENTED_EDGE('',*,*,#1001,.F.);
#1299=ORIENTED_EDGE('',*,*,#1002,.F.);
#1300=ORIENTED_EDGE('',*,*,#990,.F.);
#1301=ORIENTED_EDGE('',*,*,#994,.T.);
#1302=ORIENTED_EDGE('',*,*,#1003,.F.);
#1303=ORIENTED_EDGE('',*,*,#999,.F.);
#1304=ORIENTED_EDGE('',*,*,#995,.F.);
#1305=ORIENTED_EDGE('',*,*,#1004,.F.);
#1306=ORIENTED_EDGE('',*,*,#997,.F.);
#1307=ORIENTED_EDGE('',*,*,#1001,.T.);
#1308=ORIENTED_EDGE('',*,*,#1005,.F.);
#1309=ORIENTED_EDGE('',*,*,#992,.F.);
#1310=ORIENTED_EDGE('',*,*,#988,.F.);
#1311=ORIENTED_EDGE('',*,*,#1005,.T.);
#1312=ORIENTED_EDGE('',*,*,#1000,.T.);
#1313=ORIENTED_EDGE('',*,*,#1003,.T.);
#1314=ORIENTED_EDGE('',*,*,#993,.T.);
#1315=ORIENTED_EDGE('',*,*,#933,.T.);
#1316=ORIENTED_EDGE('',*,*,#1006,.F.);
#1317=ORIENTED_EDGE('',*,*,#1007,.F.);
#1318=ORIENTED_EDGE('',*,*,#1008,.T.);
#1319=ORIENTED_EDGE('',*,*,#1009,.F.);
#1320=ORIENTED_EDGE('',*,*,#1006,.T.);
#1321=ORIENTED_EDGE('',*,*,#932,.T.);
#1322=ORIENTED_EDGE('',*,*,#1010,.F.);
#1323=ORIENTED_EDGE('',*,*,#1011,.F.);
#1324=ORIENTED_EDGE('',*,*,#1012,.T.);
#1325=ORIENTED_EDGE('',*,*,#1013,.F.);
#1326=ORIENTED_EDGE('',*,*,#1014,.F.);
#1327=ORIENTED_EDGE('',*,*,#1015,.F.);
#1328=ORIENTED_EDGE('',*,*,#1014,.T.);
#1329=ORIENTED_EDGE('',*,*,#1016,.F.);
#1330=ORIENTED_EDGE('',*,*,#1017,.F.);
#1331=ORIENTED_EDGE('',*,*,#1018,.F.);
#1332=ORIENTED_EDGE('',*,*,#1017,.T.);
#1333=ORIENTED_EDGE('',*,*,#1019,.F.);
#1334=ORIENTED_EDGE('',*,*,#1020,.F.);
#1335=ORIENTED_EDGE('',*,*,#1021,.F.);
#1336=ORIENTED_EDGE('',*,*,#1020,.T.);
#1337=ORIENTED_EDGE('',*,*,#1022,.F.);
#1338=ORIENTED_EDGE('',*,*,#1012,.F.);
#1339=ORIENTED_EDGE('',*,*,#931,.T.);
#1340=ORIENTED_EDGE('',*,*,#1023,.F.);
#1341=ORIENTED_EDGE('',*,*,#1024,.F.);
#1342=ORIENTED_EDGE('',*,*,#1010,.T.);
#1343=ORIENTED_EDGE('',*,*,#930,.T.);
#1344=ORIENTED_EDGE('',*,*,#1008,.F.);
#1345=ORIENTED_EDGE('',*,*,#1025,.F.);
#1346=ORIENTED_EDGE('',*,*,#1023,.T.);
#1347=ORIENTED_EDGE('',*,*,#1013,.T.);
#1348=ORIENTED_EDGE('',*,*,#1022,.T.);
#1349=ORIENTED_EDGE('',*,*,#1019,.T.);
#1350=ORIENTED_EDGE('',*,*,#1016,.T.);
#1351=ORIENTED_EDGE('',*,*,#1026,.F.);
#1352=ORIENTED_EDGE('',*,*,#1027,.F.);
#1353=ORIENTED_EDGE('',*,*,#1028,.F.);
#1354=ORIENTED_EDGE('',*,*,#1029,.T.);
#1355=ORIENTED_EDGE('',*,*,#1030,.F.);
#1356=ORIENTED_EDGE('',*,*,#1029,.F.);
#1357=ORIENTED_EDGE('',*,*,#1031,.F.);
#1358=ORIENTED_EDGE('',*,*,#1032,.T.);
#1359=ORIENTED_EDGE('',*,*,#1033,.F.);
#1360=ORIENTED_EDGE('',*,*,#1032,.F.);
#1361=ORIENTED_EDGE('',*,*,#1034,.F.);
#1362=ORIENTED_EDGE('',*,*,#1035,.T.);
#1363=ORIENTED_EDGE('',*,*,#1036,.F.);
#1364=ORIENTED_EDGE('',*,*,#1035,.F.);
#1365=ORIENTED_EDGE('',*,*,#1037,.F.);
#1366=ORIENTED_EDGE('',*,*,#1027,.T.);
#1367=ORIENTED_EDGE('',*,*,#1038,.F.);
#1368=ORIENTED_EDGE('',*,*,#1039,.T.);
#1369=ORIENTED_EDGE('',*,*,#1040,.F.);
#1370=ORIENTED_EDGE('',*,*,#1041,.F.);
#1371=ORIENTED_EDGE('',*,*,#1042,.F.);
#1372=ORIENTED_EDGE('',*,*,#1043,.T.);
#1373=ORIENTED_EDGE('',*,*,#1044,.F.);
#1374=ORIENTED_EDGE('',*,*,#1045,.F.);
#1375=ORIENTED_EDGE('',*,*,#1046,.F.);
#1376=ORIENTED_EDGE('',*,*,#1047,.T.);
#1377=ORIENTED_EDGE('',*,*,#1048,.F.);
#1378=ORIENTED_EDGE('',*,*,#1043,.F.);
#1379=ORIENTED_EDGE('',*,*,#1049,.F.);
#1380=ORIENTED_EDGE('',*,*,#1050,.T.);
#1381=ORIENTED_EDGE('',*,*,#1051,.F.);
#1382=ORIENTED_EDGE('',*,*,#1047,.F.);
#1383=ORIENTED_EDGE('',*,*,#1052,.F.);
#1384=ORIENTED_EDGE('',*,*,#1045,.T.);
#1385=ORIENTED_EDGE('',*,*,#1053,.F.);
#1386=ORIENTED_EDGE('',*,*,#1050,.F.);
#1387=ORIENTED_EDGE('',*,*,#1054,.F.);
#1388=ORIENTED_EDGE('',*,*,#1055,.T.);
#1389=ORIENTED_EDGE('',*,*,#1056,.T.);
#1390=ORIENTED_EDGE('',*,*,#1057,.F.);
#1391=ORIENTED_EDGE('',*,*,#1058,.F.);
#1392=ORIENTED_EDGE('',*,*,#1059,.T.);
#1393=ORIENTED_EDGE('',*,*,#1060,.T.);
#1394=ORIENTED_EDGE('',*,*,#1055,.F.);
#1395=ORIENTED_EDGE('',*,*,#1061,.F.);
#1396=ORIENTED_EDGE('',*,*,#1062,.T.);
#1397=ORIENTED_EDGE('',*,*,#1063,.T.);
#1398=ORIENTED_EDGE('',*,*,#1059,.F.);
#1399=ORIENTED_EDGE('',*,*,#1064,.F.);
#1400=ORIENTED_EDGE('',*,*,#1057,.T.);
#1401=ORIENTED_EDGE('',*,*,#1065,.T.);
#1402=ORIENTED_EDGE('',*,*,#1062,.F.);
#1403=ORIENTED_EDGE('',*,*,#1065,.F.);
#1404=ORIENTED_EDGE('',*,*,#1056,.F.);
#1405=ORIENTED_EDGE('',*,*,#1060,.F.);
#1406=ORIENTED_EDGE('',*,*,#1063,.F.);
#1407=ORIENTED_EDGE('',*,*,#1066,.F.);
#1408=ORIENTED_EDGE('',*,*,#1067,.T.);
#1409=ORIENTED_EDGE('',*,*,#1068,.F.);
#1410=ORIENTED_EDGE('',*,*,#1067,.F.);
#1411=ORIENTED_EDGE('',*,*,#1069,.F.);
#1412=ORIENTED_EDGE('',*,*,#1070,.T.);
#1413=ORIENTED_EDGE('',*,*,#1071,.F.);
#1414=ORIENTED_EDGE('',*,*,#1070,.F.);
#1415=ORIENTED_EDGE('',*,*,#1072,.F.);
#1416=ORIENTED_EDGE('',*,*,#1073,.F.);
#1417=ORIENTED_EDGE('',*,*,#1074,.F.);
#1418=ORIENTED_EDGE('',*,*,#1075,.T.);
#1419=ORIENTED_EDGE('',*,*,#1076,.F.);
#1420=ORIENTED_EDGE('',*,*,#1075,.F.);
#1421=ORIENTED_EDGE('',*,*,#1077,.F.);
#1422=ORIENTED_EDGE('',*,*,#1078,.F.);
#1423=ORIENTED_EDGE('',*,*,#1079,.F.);
#1424=ORIENTED_EDGE('',*,*,#1080,.F.);
#1425=ORIENTED_EDGE('',*,*,#1081,.F.);
#1426=ORIENTED_EDGE('',*,*,#1073,.T.);
#1427=ORIENTED_EDGE('',*,*,#1077,.T.);
#1428=ORIENTED_EDGE('',*,*,#1074,.T.);
#1429=ORIENTED_EDGE('',*,*,#1081,.T.);
#1430=ORIENTED_EDGE('',*,*,#1082,.F.);
#1431=ORIENTED_EDGE('',*,*,#1083,.F.);
#1432=ORIENTED_EDGE('',*,*,#1041,.T.);
#1433=ORIENTED_EDGE('',*,*,#1084,.F.);
#1434=ORIENTED_EDGE('',*,*,#913,.T.);
#1435=ORIENTED_EDGE('',*,*,#917,.F.);
#1436=ORIENTED_EDGE('',*,*,#915,.F.);
#1437=ORIENTED_EDGE('',*,*,#1085,.F.);
#1438=ORIENTED_EDGE('',*,*,#1086,.F.);
#1439=ORIENTED_EDGE('',*,*,#1080,.T.);
#1440=ORIENTED_EDGE('',*,*,#1087,.F.);
#1441=ORIENTED_EDGE('',*,*,#1088,.F.);
#1442=ORIENTED_EDGE('',*,*,#1082,.T.);
#1443=ORIENTED_EDGE('',*,*,#1079,.T.);
#1444=ORIENTED_EDGE('',*,*,#1072,.T.);
#1445=ORIENTED_EDGE('',*,*,#1076,.T.);
#1446=ORIENTED_EDGE('',*,*,#1089,.T.);
#1447=ORIENTED_EDGE('',*,*,#1090,.F.);
#1448=ORIENTED_EDGE('',*,*,#1039,.F.);
#1449=ORIENTED_EDGE('',*,*,#1091,.F.);
#1450=ORIENTED_EDGE('',*,*,#1092,.F.);
#1451=ORIENTED_EDGE('',*,*,#1093,.T.);
#1452=ORIENTED_EDGE('',*,*,#1094,.T.);
#1453=ORIENTED_EDGE('',*,*,#1095,.F.);
#1454=ORIENTED_EDGE('',*,*,#1087,.T.);
#1455=ORIENTED_EDGE('',*,*,#1078,.T.);
#1456=ORIENTED_EDGE('',*,*,#1086,.T.);
#1457=ORIENTED_EDGE('',*,*,#1096,.F.);
#1458=ORIENTED_EDGE('',*,*,#1089,.F.);
#1459=ORIENTED_EDGE('',*,*,#911,.T.);
#1460=ORIENTED_EDGE('',*,*,#1084,.T.);
#1461=ORIENTED_EDGE('',*,*,#1040,.T.);
#1462=ORIENTED_EDGE('',*,*,#1090,.T.);
#1463=ORIENTED_EDGE('',*,*,#1096,.T.);
#1464=ORIENTED_EDGE('',*,*,#1085,.T.);
#1465=ORIENTED_EDGE('',*,*,#914,.T.);
#1466=ORIENTED_EDGE('',*,*,#907,.T.);
#1467=ORIENTED_EDGE('',*,*,#1097,.F.);
#1468=ORIENTED_EDGE('',*,*,#1098,.F.);
#1469=ORIENTED_EDGE('',*,*,#1099,.F.);
#1470=ORIENTED_EDGE('',*,*,#1100,.T.);
#1471=ORIENTED_EDGE('',*,*,#1101,.F.);
#1472=ORIENTED_EDGE('',*,*,#1100,.F.);
#1473=ORIENTED_EDGE('',*,*,#1102,.F.);
#1474=ORIENTED_EDGE('',*,*,#1103,.T.);
#1475=ORIENTED_EDGE('',*,*,#1104,.F.);
#1476=ORIENTED_EDGE('',*,*,#1103,.F.);
#1477=ORIENTED_EDGE('',*,*,#1105,.F.);
#1478=ORIENTED_EDGE('',*,*,#1106,.T.);
#1479=ORIENTED_EDGE('',*,*,#1107,.F.);
#1480=ORIENTED_EDGE('',*,*,#1106,.F.);
#1481=ORIENTED_EDGE('',*,*,#1108,.F.);
#1482=ORIENTED_EDGE('',*,*,#1098,.T.);
#1483=ORIENTED_EDGE('',*,*,#1109,.F.);
#1484=ORIENTED_EDGE('',*,*,#1110,.F.);
#1485=ORIENTED_EDGE('',*,*,#1111,.F.);
#1486=ORIENTED_EDGE('',*,*,#1112,.T.);
#1487=ORIENTED_EDGE('',*,*,#1113,.F.);
#1488=ORIENTED_EDGE('',*,*,#1112,.F.);
#1489=ORIENTED_EDGE('',*,*,#1114,.F.);
#1490=ORIENTED_EDGE('',*,*,#1115,.T.);
#1491=ORIENTED_EDGE('',*,*,#1116,.F.);
#1492=ORIENTED_EDGE('',*,*,#1115,.F.);
#1493=ORIENTED_EDGE('',*,*,#1117,.F.);
#1494=ORIENTED_EDGE('',*,*,#1118,.T.);
#1495=ORIENTED_EDGE('',*,*,#1119,.F.);
#1496=ORIENTED_EDGE('',*,*,#1118,.F.);
#1497=ORIENTED_EDGE('',*,*,#1120,.F.);
#1498=ORIENTED_EDGE('',*,*,#1110,.T.);
#1499=ORIENTED_EDGE('',*,*,#1121,.F.);
#1500=ORIENTED_EDGE('',*,*,#1122,.F.);
#1501=ORIENTED_EDGE('',*,*,#1123,.F.);
#1502=ORIENTED_EDGE('',*,*,#1124,.T.);
#1503=ORIENTED_EDGE('',*,*,#1125,.F.);
#1504=ORIENTED_EDGE('',*,*,#1124,.F.);
#1505=ORIENTED_EDGE('',*,*,#1126,.F.);
#1506=ORIENTED_EDGE('',*,*,#1127,.T.);
#1507=ORIENTED_EDGE('',*,*,#1128,.F.);
#1508=ORIENTED_EDGE('',*,*,#1127,.F.);
#1509=ORIENTED_EDGE('',*,*,#1129,.F.);
#1510=ORIENTED_EDGE('',*,*,#1130,.T.);
#1511=ORIENTED_EDGE('',*,*,#1131,.F.);
#1512=ORIENTED_EDGE('',*,*,#1130,.F.);
#1513=ORIENTED_EDGE('',*,*,#1132,.F.);
#1514=ORIENTED_EDGE('',*,*,#1122,.T.);
#1515=ORIENTED_EDGE('',*,*,#1133,.T.);
#1516=ORIENTED_EDGE('',*,*,#1134,.T.);
#1517=ORIENTED_EDGE('',*,*,#1135,.F.);
#1518=ORIENTED_EDGE('',*,*,#1136,.F.);
#1519=ORIENTED_EDGE('',*,*,#1137,.T.);
#1520=ORIENTED_EDGE('',*,*,#1136,.T.);
#1521=ORIENTED_EDGE('',*,*,#1138,.F.);
#1522=ORIENTED_EDGE('',*,*,#1094,.F.);
#1523=ORIENTED_EDGE('',*,*,#1139,.T.);
#1524=ORIENTED_EDGE('',*,*,#1092,.T.);
#1525=ORIENTED_EDGE('',*,*,#1140,.F.);
#1526=ORIENTED_EDGE('',*,*,#1134,.F.);
#1527=ORIENTED_EDGE('',*,*,#1083,.T.);
#1528=ORIENTED_EDGE('',*,*,#1088,.T.);
#1529=ORIENTED_EDGE('',*,*,#1095,.T.);
#1530=ORIENTED_EDGE('',*,*,#1138,.T.);
#1531=ORIENTED_EDGE('',*,*,#1135,.T.);
#1532=ORIENTED_EDGE('',*,*,#1140,.T.);
#1533=ORIENTED_EDGE('',*,*,#1091,.T.);
#1534=ORIENTED_EDGE('',*,*,#1038,.T.);
#1535=ORIENTED_EDGE('',*,*,#903,.T.);
#1536=ORIENTED_EDGE('',*,*,#900,.T.);
#1537=ORIENTED_EDGE('',*,*,#897,.T.);
#1538=ORIENTED_EDGE('',*,*,#906,.T.);
#1539=ORIENTED_EDGE('',*,*,#918,.T.);
#1540=ORIENTED_EDGE('',*,*,#928,.T.);
#1541=ORIENTED_EDGE('',*,*,#925,.T.);
#1542=ORIENTED_EDGE('',*,*,#922,.T.);
#1543=ORIENTED_EDGE('',*,*,#934,.T.);
#1544=ORIENTED_EDGE('',*,*,#950,.T.);
#1545=ORIENTED_EDGE('',*,*,#947,.T.);
#1546=ORIENTED_EDGE('',*,*,#944,.T.);
#1547=ORIENTED_EDGE('',*,*,#941,.T.);
#1548=ORIENTED_EDGE('',*,*,#938,.T.);
#1549=ORIENTED_EDGE('',*,*,#952,.T.);
#1550=ORIENTED_EDGE('',*,*,#968,.T.);
#1551=ORIENTED_EDGE('',*,*,#965,.T.);
#1552=ORIENTED_EDGE('',*,*,#962,.T.);
#1553=ORIENTED_EDGE('',*,*,#959,.T.);
#1554=ORIENTED_EDGE('',*,*,#956,.T.);
#1555=ORIENTED_EDGE('',*,*,#970,.T.);
#1556=ORIENTED_EDGE('',*,*,#986,.T.);
#1557=ORIENTED_EDGE('',*,*,#983,.T.);
#1558=ORIENTED_EDGE('',*,*,#980,.T.);
#1559=ORIENTED_EDGE('',*,*,#977,.T.);
#1560=ORIENTED_EDGE('',*,*,#974,.T.);
#1561=ORIENTED_EDGE('',*,*,#1002,.T.);
#1562=ORIENTED_EDGE('',*,*,#998,.F.);
#1563=ORIENTED_EDGE('',*,*,#1004,.T.);
#1564=ORIENTED_EDGE('',*,*,#991,.F.);
#1565=ORIENTED_EDGE('',*,*,#1007,.T.);
#1566=ORIENTED_EDGE('',*,*,#1009,.T.);
#1567=ORIENTED_EDGE('',*,*,#1015,.T.);
#1568=ORIENTED_EDGE('',*,*,#1018,.T.);
#1569=ORIENTED_EDGE('',*,*,#1021,.T.);
#1570=ORIENTED_EDGE('',*,*,#1011,.T.);
#1571=ORIENTED_EDGE('',*,*,#1024,.T.);
#1572=ORIENTED_EDGE('',*,*,#1025,.T.);
#1573=ORIENTED_EDGE('',*,*,#1034,.T.);
#1574=ORIENTED_EDGE('',*,*,#1031,.T.);
#1575=ORIENTED_EDGE('',*,*,#1028,.T.);
#1576=ORIENTED_EDGE('',*,*,#1037,.T.);
#1577=ORIENTED_EDGE('',*,*,#1042,.T.);
#1578=ORIENTED_EDGE('',*,*,#1052,.T.);
#1579=ORIENTED_EDGE('',*,*,#1049,.T.);
#1580=ORIENTED_EDGE('',*,*,#1046,.T.);
#1581=ORIENTED_EDGE('',*,*,#1068,.T.);
#1582=ORIENTED_EDGE('',*,*,#1071,.T.);
#1583=ORIENTED_EDGE('',*,*,#1105,.T.);
#1584=ORIENTED_EDGE('',*,*,#1102,.T.);
#1585=ORIENTED_EDGE('',*,*,#1099,.T.);
#1586=ORIENTED_EDGE('',*,*,#1108,.T.);
#1587=ORIENTED_EDGE('',*,*,#1117,.T.);
#1588=ORIENTED_EDGE('',*,*,#1114,.T.);
#1589=ORIENTED_EDGE('',*,*,#1111,.T.);
#1590=ORIENTED_EDGE('',*,*,#1120,.T.);
#1591=ORIENTED_EDGE('',*,*,#1129,.T.);
#1592=ORIENTED_EDGE('',*,*,#1126,.T.);
#1593=ORIENTED_EDGE('',*,*,#1123,.T.);
#1594=ORIENTED_EDGE('',*,*,#1132,.T.);
#1595=ORIENTED_EDGE('',*,*,#1139,.F.);
#1596=ORIENTED_EDGE('',*,*,#1133,.F.);
#1597=ORIENTED_EDGE('',*,*,#1137,.F.);
#1598=ORIENTED_EDGE('',*,*,#1093,.F.);
#1599=ORIENTED_EDGE('',*,*,#902,.T.);
#1600=ORIENTED_EDGE('',*,*,#905,.T.);
#1601=ORIENTED_EDGE('',*,*,#895,.T.);
#1602=ORIENTED_EDGE('',*,*,#899,.T.);
#1603=ORIENTED_EDGE('',*,*,#920,.T.);
#1604=ORIENTED_EDGE('',*,*,#924,.T.);
#1605=ORIENTED_EDGE('',*,*,#927,.T.);
#1606=ORIENTED_EDGE('',*,*,#929,.T.);
#1607=ORIENTED_EDGE('',*,*,#1033,.T.);
#1608=ORIENTED_EDGE('',*,*,#1036,.T.);
#1609=ORIENTED_EDGE('',*,*,#1026,.T.);
#1610=ORIENTED_EDGE('',*,*,#1030,.T.);
#1611=ORIENTED_EDGE('',*,*,#1044,.T.);
#1612=ORIENTED_EDGE('',*,*,#1048,.T.);
#1613=ORIENTED_EDGE('',*,*,#1051,.T.);
#1614=ORIENTED_EDGE('',*,*,#1053,.T.);
#1615=ORIENTED_EDGE('',*,*,#1054,.T.);
#1616=ORIENTED_EDGE('',*,*,#1064,.T.);
#1617=ORIENTED_EDGE('',*,*,#1061,.T.);
#1618=ORIENTED_EDGE('',*,*,#1058,.T.);
#1619=ORIENTED_EDGE('',*,*,#1066,.T.);
#1620=ORIENTED_EDGE('',*,*,#1069,.T.);
#1621=ORIENTED_EDGE('',*,*,#1104,.T.);
#1622=ORIENTED_EDGE('',*,*,#1107,.T.);
#1623=ORIENTED_EDGE('',*,*,#1097,.T.);
#1624=ORIENTED_EDGE('',*,*,#1101,.T.);
#1625=ORIENTED_EDGE('',*,*,#1116,.T.);
#1626=ORIENTED_EDGE('',*,*,#1119,.T.);
#1627=ORIENTED_EDGE('',*,*,#1109,.T.);
#1628=ORIENTED_EDGE('',*,*,#1113,.T.);
#1629=ORIENTED_EDGE('',*,*,#1128,.T.);
#1630=ORIENTED_EDGE('',*,*,#1131,.T.);
#1631=ORIENTED_EDGE('',*,*,#1121,.T.);
#1632=ORIENTED_EDGE('',*,*,#1125,.T.);
#1633=PLANE('',#1832);
#1634=PLANE('',#1833);
#1635=PLANE('',#1834);
#1636=PLANE('',#1835);
#1637=PLANE('',#1836);
#1638=PLANE('',#1837);
#1639=PLANE('',#1838);
#1640=PLANE('',#1839);
#1641=PLANE('',#1840);
#1642=PLANE('',#1841);
#1643=PLANE('',#1842);
#1644=PLANE('',#1843);
#1645=PLANE('',#1844);
#1646=PLANE('',#1845);
#1647=PLANE('',#1846);
#1648=PLANE('',#1847);
#1649=PLANE('',#1848);
#1650=PLANE('',#1849);
#1651=PLANE('',#1850);
#1652=PLANE('',#1851);
#1653=PLANE('',#1852);
#1654=PLANE('',#1853);
#1655=PLANE('',#1854);
#1656=PLANE('',#1855);
#1657=PLANE('',#1856);
#1658=PLANE('',#1857);
#1659=PLANE('',#1858);
#1660=PLANE('',#1859);
#1661=PLANE('',#1860);
#1662=PLANE('',#1861);
#1663=PLANE('',#1862);
#1664=PLANE('',#1863);
#1665=PLANE('',#1864);
#1666=PLANE('',#1865);
#1667=PLANE('',#1869);
#1668=PLANE('',#1873);
#1669=PLANE('',#1874);
#1670=PLANE('',#1875);
#1671=PLANE('',#1876);
#1672=PLANE('',#1877);
#1673=PLANE('',#1878);
#1674=PLANE('',#1879);
#1675=PLANE('',#1880);
#1676=PLANE('',#1881);
#1677=PLANE('',#1882);
#1678=PLANE('',#1883);
#1679=PLANE('',#1884);
#1680=PLANE('',#1885);
#1681=PLANE('',#1886);
#1682=PLANE('',#1887);
#1683=PLANE('',#1888);
#1684=PLANE('',#1889);
#1685=PLANE('',#1890);
#1686=PLANE('',#1891);
#1687=PLANE('',#1892);
#1688=PLANE('',#1893);
#1689=PLANE('',#1894);
#1690=PLANE('',#1895);
#1691=PLANE('',#1896);
#1692=PLANE('',#1897);
#1693=PLANE('',#1898);
#1694=PLANE('',#1905);
#1695=PLANE('',#1906);
#1696=PLANE('',#1907);
#1697=PLANE('',#1908);
#1698=PLANE('',#1909);
#1699=PLANE('',#1910);
#1700=PLANE('',#1911);
#1701=PLANE('',#1912);
#1702=PLANE('',#1913);
#1703=PLANE('',#1914);
#1704=PLANE('',#1915);
#1705=PLANE('',#1916);
#1706=PLANE('',#1917);
#1707=PLANE('',#1918);
#1708=PLANE('',#1919);
#1709=PLANE('',#1920);
#1710=PLANE('',#1921);
#1711=PLANE('',#1922);
#1712=PLANE('',#1923);
#1713=PLANE('',#1924);
#1714=PLANE('',#1925);
#1715=PLANE('',#1926);
#1716=PLANE('',#1927);
#1717=PLANE('',#1928);
#1718=PLANE('',#1929);
#1719=ADVANCED_FACE('',(#51),#1633,.F.);
#1720=ADVANCED_FACE('',(#52),#1634,.F.);
#1721=ADVANCED_FACE('',(#53),#1635,.F.);
#1722=ADVANCED_FACE('',(#54),#1636,.F.);
#1723=ADVANCED_FACE('',(#55),#1637,.T.);
#1724=ADVANCED_FACE('',(#56),#1638,.T.);
#1725=ADVANCED_FACE('',(#57),#1639,.T.);
#1726=ADVANCED_FACE('',(#58),#1640,.T.);
#1727=ADVANCED_FACE('',(#59),#1641,.F.);
#1728=ADVANCED_FACE('',(#60),#1642,.F.);
#1729=ADVANCED_FACE('',(#61),#1643,.F.);
#1730=ADVANCED_FACE('',(#62),#1644,.F.);
#1731=ADVANCED_FACE('',(#63),#1645,.T.);
#1732=ADVANCED_FACE('',(#64),#1646,.F.);
#1733=ADVANCED_FACE('',(#65),#1647,.F.);
#1734=ADVANCED_FACE('',(#66),#1648,.F.);
#1735=ADVANCED_FACE('',(#67),#1649,.F.);
#1736=ADVANCED_FACE('',(#68),#1650,.F.);
#1737=ADVANCED_FACE('',(#69),#1651,.F.);
#1738=ADVANCED_FACE('',(#70),#1652,.F.);
#1739=ADVANCED_FACE('',(#71),#1653,.F.);
#1740=ADVANCED_FACE('',(#72),#1654,.F.);
#1741=ADVANCED_FACE('',(#73),#1655,.F.);
#1742=ADVANCED_FACE('',(#74),#1656,.F.);
#1743=ADVANCED_FACE('',(#75),#1657,.F.);
#1744=ADVANCED_FACE('',(#76),#1658,.F.);
#1745=ADVANCED_FACE('',(#77),#1659,.F.);
#1746=ADVANCED_FACE('',(#78),#1660,.F.);
#1747=ADVANCED_FACE('',(#79),#1661,.F.);
#1748=ADVANCED_FACE('',(#80),#1662,.F.);
#1749=ADVANCED_FACE('',(#81),#1663,.F.);
#1750=ADVANCED_FACE('',(#82),#1664,.F.);
#1751=ADVANCED_FACE('',(#83),#1665,.F.);
#1752=ADVANCED_FACE('',(#84),#1666,.F.);
#1753=ADVANCED_FACE('',(#85),#47,.F.);
#1754=ADVANCED_FACE('',(#86),#1667,.T.);
#1755=ADVANCED_FACE('',(#87),#48,.F.);
#1756=ADVANCED_FACE('',(#88),#1668,.T.);
#1757=ADVANCED_FACE('',(#89),#1669,.T.);
#1758=ADVANCED_FACE('',(#90),#1670,.T.);
#1759=ADVANCED_FACE('',(#91),#1671,.T.);
#1760=ADVANCED_FACE('',(#92),#1672,.T.);
#1761=ADVANCED_FACE('',(#93),#1673,.T.);
#1762=ADVANCED_FACE('',(#94),#1674,.T.);
#1763=ADVANCED_FACE('',(#95),#1675,.T.);
#1764=ADVANCED_FACE('',(#96),#1676,.T.);
#1765=ADVANCED_FACE('',(#97),#1677,.T.);
#1766=ADVANCED_FACE('',(#98),#1678,.T.);
#1767=ADVANCED_FACE('',(#99),#1679,.T.);
#1768=ADVANCED_FACE('',(#100),#1680,.F.);
#1769=ADVANCED_FACE('',(#101),#1681,.F.);
#1770=ADVANCED_FACE('',(#102),#1682,.F.);
#1771=ADVANCED_FACE('',(#103),#1683,.F.);
#1772=ADVANCED_FACE('',(#104),#1684,.T.);
#1773=ADVANCED_FACE('',(#105),#1685,.F.);
#1774=ADVANCED_FACE('',(#106),#1686,.F.);
#1775=ADVANCED_FACE('',(#107),#1687,.F.);
#1776=ADVANCED_FACE('',(#108),#1688,.F.);
#1777=ADVANCED_FACE('',(#109),#1689,.F.);
#1778=ADVANCED_FACE('',(#110),#1690,.F.);
#1779=ADVANCED_FACE('',(#111),#1691,.F.);
#1780=ADVANCED_FACE('',(#112),#1692,.F.);
#1781=ADVANCED_FACE('',(#113),#1693,.F.);
#1782=ADVANCED_FACE('',(#114),#49,.F.);
#1783=ADVANCED_FACE('',(#115),#50,.F.);
#1784=ADVANCED_FACE('',(#116),#1694,.F.);
#1785=ADVANCED_FACE('',(#117),#1695,.F.);
#1786=ADVANCED_FACE('',(#118),#1696,.F.);
#1787=ADVANCED_FACE('',(#119),#1697,.T.);
#1788=ADVANCED_FACE('',(#120),#1698,.T.);
#1789=ADVANCED_FACE('',(#121),#1699,.T.);
#1790=ADVANCED_FACE('',(#122),#1700,.T.);
#1791=ADVANCED_FACE('',(#123),#1701,.T.);
#1792=ADVANCED_FACE('',(#124),#1702,.F.);
#1793=ADVANCED_FACE('',(#125),#1703,.F.);
#1794=ADVANCED_FACE('',(#126),#1704,.F.);
#1795=ADVANCED_FACE('',(#127),#1705,.F.);
#1796=ADVANCED_FACE('',(#128),#1706,.F.);
#1797=ADVANCED_FACE('',(#129),#1707,.F.);
#1798=ADVANCED_FACE('',(#130),#1708,.F.);
#1799=ADVANCED_FACE('',(#131),#1709,.F.);
#1800=ADVANCED_FACE('',(#132),#1710,.F.);
#1801=ADVANCED_FACE('',(#133),#1711,.F.);
#1802=ADVANCED_FACE('',(#134),#1712,.F.);
#1803=ADVANCED_FACE('',(#135),#1713,.F.);
#1804=ADVANCED_FACE('',(#136),#1714,.T.);
#1805=ADVANCED_FACE('',(#137),#1715,.T.);
#1806=ADVANCED_FACE('',(#138),#1716,.T.);
#1807=ADVANCED_FACE('',(#139,#15,#16,#17,#18,#19,#20,#21,#22,#23,#24,#25,
#26,#27,#28),#1717,.T.);
#1808=ADVANCED_FACE('',(#140,#29,#30,#31,#32,#33,#34,#35,#36,#37,#38),#1718,
 .F.);
#1809=CLOSED_SHELL('',(#1719,#1720,#1721,#1722,#1723,#1724,#1725,#1726,
#1727,#1728,#1729,#1730,#1731,#1732,#1733,#1734,#1735,#1736,#1737,#1738,
#1739,#1740,#1741,#1742,#1743,#1744,#1745,#1746,#1747,#1748,#1749,#1750,
#1751,#1752,#1753,#1754,#1755,#1756,#1757,#1758,#1759,#1760,#1761,#1762,
#1763,#1764,#1765,#1766,#1767,#1768,#1769,#1770,#1771,#1772,#1773,#1774,
#1775,#1776,#1777,#1778,#1779,#1780,#1781,#1782,#1783,#1784,#1785,#1786,
#1787,#1788,#1789,#1790,#1791,#1792,#1793,#1794,#1795,#1796,#1797,#1798,
#1799,#1800,#1801,#1802,#1803,#1804,#1805,#1806,#1807,#1808));
#1810=DERIVED_UNIT_ELEMENT(#1813,1.);
#1811=DERIVED_UNIT_ELEMENT(#2872,-3.);
#1812=DIMENSIONAL_EXPONENTS(0.,1.,0.,0.,0.,0.,0.);
#1813=(
CONVERSION_BASED_UNIT('gram',#1815)
MASS_UNIT()
NAMED_UNIT(#1812)
);
#1814=(
MASS_UNIT()
NAMED_UNIT(*)
SI_UNIT(.KILO.,.GRAM.)
);
#1815=MASS_MEASURE_WITH_UNIT(MASS_MEASURE(0.001),#1814);
#1816=DERIVED_UNIT((#1810,#1811));
#1817=MEASURE_REPRESENTATION_ITEM('density measure',
POSITIVE_RATIO_MEASURE(1.),#1816);
#1818=PROPERTY_DEFINITION_REPRESENTATION(#1823,#1820);
#1819=PROPERTY_DEFINITION_REPRESENTATION(#1824,#1821);
#1820=REPRESENTATION('material name',(#1822),#2869);
#1821=REPRESENTATION('density',(#1817),#2869);
#1822=DESCRIPTIVE_REPRESENTATION_ITEM('Generic','Generic');
#1823=PROPERTY_DEFINITION('material property','material name',#2879);
#1824=PROPERTY_DEFINITION('material property','density of part',#2879);
#1825=DATE_TIME_ROLE('creation_date');
#1826=APPLIED_DATE_AND_TIME_ASSIGNMENT(#1827,#1825,(#2879));
#1827=DATE_AND_TIME(#1828,#1829);
#1828=CALENDAR_DATE(2026,12,7);
#1829=LOCAL_TIME(0,0,0.,#1830);
#1830=COORDINATED_UNIVERSAL_TIME_OFFSET(0,0,.BEHIND.);
#1831=AXIS2_PLACEMENT_3D('',#2366,#1930,#1931);
#1832=AXIS2_PLACEMENT_3D('',#2367,#1932,#1933);
#1833=AXIS2_PLACEMENT_3D('',#2376,#1938,#1939);
#1834=AXIS2_PLACEMENT_3D('',#2382,#1943,#1944);
#1835=AXIS2_PLACEMENT_3D('',#2388,#1948,#1949);
#1836=AXIS2_PLACEMENT_3D('',#2391,#1952,#1953);
#1837=AXIS2_PLACEMENT_3D('',#2400,#1958,#1959);
#1838=AXIS2_PLACEMENT_3D('',#2406,#1963,#1964);
#1839=AXIS2_PLACEMENT_3D('',#2412,#1968,#1969);
#1840=AXIS2_PLACEMENT_3D('',#2414,#1971,#1972);
#1841=AXIS2_PLACEMENT_3D('',#2423,#1977,#1978);
#1842=AXIS2_PLACEMENT_3D('',#2429,#1982,#1983);
#1843=AXIS2_PLACEMENT_3D('',#2435,#1987,#1988);
#1844=AXIS2_PLACEMENT_3D('',#2438,#1991,#1992);
#1845=AXIS2_PLACEMENT_3D('',#2447,#1997,#1998);
#1846=AXIS2_PLACEMENT_3D('',#2456,#2003,#2004);
#1847=AXIS2_PLACEMENT_3D('',#2462,#2008,#2009);
#1848=AXIS2_PLACEMENT_3D('',#2468,#2013,#2014);
#1849=AXIS2_PLACEMENT_3D('',#2474,#2018,#2019);
#1850=AXIS2_PLACEMENT_3D('',#2480,#2023,#2024);
#1851=AXIS2_PLACEMENT_3D('',#2483,#2027,#2028);
#1852=AXIS2_PLACEMENT_3D('',#2484,#2029,#2030);
#1853=AXIS2_PLACEMENT_3D('',#2493,#2035,#2036);
#1854=AXIS2_PLACEMENT_3D('',#2499,#2040,#2041);
#1855=AXIS2_PLACEMENT_3D('',#2505,#2045,#2046);
#1856=AXIS2_PLACEMENT_3D('',#2511,#2050,#2051);
#1857=AXIS2_PLACEMENT_3D('',#2517,#2055,#2056);
#1858=AXIS2_PLACEMENT_3D('',#2520,#2059,#2060);
#1859=AXIS2_PLACEMENT_3D('',#2521,#2061,#2062);
#1860=AXIS2_PLACEMENT_3D('',#2530,#2067,#2068);
#1861=AXIS2_PLACEMENT_3D('',#2536,#2072,#2073);
#1862=AXIS2_PLACEMENT_3D('',#2542,#2077,#2078);
#1863=AXIS2_PLACEMENT_3D('',#2548,#2082,#2083);
#1864=AXIS2_PLACEMENT_3D('',#2554,#2087,#2088);
#1865=AXIS2_PLACEMENT_3D('',#2557,#2091,#2092);
#1866=AXIS2_PLACEMENT_3D('',#2558,#2093,#2094);
#1867=AXIS2_PLACEMENT_3D('',#2561,#2095,#2096);
#1868=AXIS2_PLACEMENT_3D('',#2565,#2098,#2099);
#1869=AXIS2_PLACEMENT_3D('',#2567,#2101,#2102);
#1870=AXIS2_PLACEMENT_3D('',#2573,#2106,#2107);
#1871=AXIS2_PLACEMENT_3D('',#2576,#2108,#2109);
#1872=AXIS2_PLACEMENT_3D('',#2580,#2111,#2112);
#1873=AXIS2_PLACEMENT_3D('',#2582,#2114,#2115);
#1874=AXIS2_PLACEMENT_3D('',#2588,#2119,#2120);
#1875=AXIS2_PLACEMENT_3D('',#2591,#2123,#2124);
#1876=AXIS2_PLACEMENT_3D('',#2594,#2127,#2128);
#1877=AXIS2_PLACEMENT_3D('',#2595,#2129,#2130);
#1878=AXIS2_PLACEMENT_3D('',#2601,#2134,#2135);
#1879=AXIS2_PLACEMENT_3D('',#2613,#2142,#2143);
#1880=AXIS2_PLACEMENT_3D('',#2619,#2147,#2148);
#1881=AXIS2_PLACEMENT_3D('',#2625,#2152,#2153);
#1882=AXIS2_PLACEMENT_3D('',#2628,#2156,#2157);
#1883=AXIS2_PLACEMENT_3D('',#2632,#2160,#2161);
#1884=AXIS2_PLACEMENT_3D('',#2634,#2163,#2164);
#1885=AXIS2_PLACEMENT_3D('',#2635,#2165,#2166);
#1886=AXIS2_PLACEMENT_3D('',#2644,#2171,#2172);
#1887=AXIS2_PLACEMENT_3D('',#2650,#2176,#2177);
#1888=AXIS2_PLACEMENT_3D('',#2656,#2181,#2182);
#1889=AXIS2_PLACEMENT_3D('',#2659,#2185,#2186);
#1890=AXIS2_PLACEMENT_3D('',#2668,#2191,#2192);
#1891=AXIS2_PLACEMENT_3D('',#2677,#2197,#2198);
#1892=AXIS2_PLACEMENT_3D('',#2683,#2202,#2203);
#1893=AXIS2_PLACEMENT_3D('',#2689,#2207,#2208);
#1894=AXIS2_PLACEMENT_3D('',#2692,#2211,#2212);
#1895=AXIS2_PLACEMENT_3D('',#2701,#2217,#2218);
#1896=AXIS2_PLACEMENT_3D('',#2707,#2222,#2223);
#1897=AXIS2_PLACEMENT_3D('',#2713,#2227,#2228);
#1898=AXIS2_PLACEMENT_3D('',#2716,#2231,#2232);
#1899=AXIS2_PLACEMENT_3D('',#2717,#2233,#2234);
#1900=AXIS2_PLACEMENT_3D('',#2719,#2235,#2236);
#1901=AXIS2_PLACEMENT_3D('',#2722,#2238,#2239);
#1902=AXIS2_PLACEMENT_3D('',#2723,#2240,#2241);
#1903=AXIS2_PLACEMENT_3D('',#2725,#2242,#2243);
#1904=AXIS2_PLACEMENT_3D('',#2728,#2245,#2246);
#1905=AXIS2_PLACEMENT_3D('',#2729,#2247,#2248);
#1906=AXIS2_PLACEMENT_3D('',#2738,#2253,#2254);
#1907=AXIS2_PLACEMENT_3D('',#2744,#2258,#2259);
#1908=AXIS2_PLACEMENT_3D('',#2750,#2263,#2264);
#1909=AXIS2_PLACEMENT_3D('',#2758,#2270,#2271);
#1910=AXIS2_PLACEMENT_3D('',#2762,#2274,#2275);
#1911=AXIS2_PLACEMENT_3D('',#2775,#2283,#2284);
#1912=AXIS2_PLACEMENT_3D('',#2777,#2286,#2287);
#1913=AXIS2_PLACEMENT_3D('',#2778,#2288,#2289);
#1914=AXIS2_PLACEMENT_3D('',#2787,#2294,#2295);
#1915=AXIS2_PLACEMENT_3D('',#2793,#2299,#2300);
#1916=AXIS2_PLACEMENT_3D('',#2799,#2304,#2305);
#1917=AXIS2_PLACEMENT_3D('',#2802,#2308,#2309);
#1918=AXIS2_PLACEMENT_3D('',#2811,#2314,#2315);
#1919=AXIS2_PLACEMENT_3D('',#2817,#2319,#2320);
#1920=AXIS2_PLACEMENT_3D('',#2823,#2324,#2325);
#1921=AXIS2_PLACEMENT_3D('',#2826,#2328,#2329);
#1922=AXIS2_PLACEMENT_3D('',#2835,#2334,#2335);
#1923=AXIS2_PLACEMENT_3D('',#2841,#2339,#2340);
#1924=AXIS2_PLACEMENT_3D('',#2847,#2344,#2345);
#1925=AXIS2_PLACEMENT_3D('',#2850,#2348,#2349);
#1926=AXIS2_PLACEMENT_3D('',#2859,#2354,#2355);
#1927=AXIS2_PLACEMENT_3D('',#2862,#2358,#2359);
#1928=AXIS2_PLACEMENT_3D('',#2865,#2362,#2363);
#1929=AXIS2_PLACEMENT_3D('',#2866,#2364,#2365);
#1930=DIRECTION('axis',(0.,0.,1.));
#1931=DIRECTION('refdir',(1.,0.,0.));
#1932=DIRECTION('center_axis',(-1.,0.,0.));
#1933=DIRECTION('ref_axis',(0.,0.,-1.));
#1934=DIRECTION('',(0.,0.,1.));
#1935=DIRECTION('',(0.,-1.,0.));
#1936=DIRECTION('',(0.,0.,-1.));
#1937=DIRECTION('',(0.,-1.,0.));
#1938=DIRECTION('center_axis',(0.,0.,1.));
#1939=DIRECTION('ref_axis',(-1.,0.,0.));
#1940=DIRECTION('',(1.,0.,0.));
#1941=DIRECTION('',(-1.,0.,0.));
#1942=DIRECTION('',(0.,-1.,0.));
#1943=DIRECTION('center_axis',(1.,0.,0.));
#1944=DIRECTION('ref_axis',(0.,0.,1.));
#1945=DIRECTION('',(0.,0.,-1.));
#1946=DIRECTION('',(0.,0.,1.));
#1947=DIRECTION('',(0.,-1.,0.));
#1948=DIRECTION('center_axis',(0.,0.,-1.));
#1949=DIRECTION('ref_axis',(1.,0.,0.));
#1950=DIRECTION('',(-1.,0.,0.));
#1951=DIRECTION('',(1.,0.,0.));
#1952=DIRECTION('center_axis',(0.,0.,-1.));
#1953=DIRECTION('ref_axis',(-1.,0.,0.));
#1954=DIRECTION('',(1.,0.,0.));
#1955=DIRECTION('',(0.,1.,0.));
#1956=DIRECTION('',(-1.,0.,0.));
#1957=DIRECTION('',(0.,1.,0.));
#1958=DIRECTION('center_axis',(1.,0.,0.));
#1959=DIRECTION('ref_axis',(0.,0.,-1.));
#1960=DIRECTION('',(0.,0.,1.));
#1961=DIRECTION('',(0.,0.,-1.));
#1962=DIRECTION('',(0.,1.,0.));
#1963=DIRECTION('center_axis',(-1.,0.,0.));
#1964=DIRECTION('ref_axis',(0.,0.,1.));
#1965=DIRECTION('',(0.,0.,-1.));
#1966=DIRECTION('',(0.,1.,0.));
#1967=DIRECTION('',(0.,0.,1.));
#1968=DIRECTION('center_axis',(0.,1.,0.));
#1969=DIRECTION('ref_axis',(0.,0.,1.));
#1970=DIRECTION('',(1.,0.,0.));
#1971=DIRECTION('center_axis',(1.,0.,0.));
#1972=DIRECTION('ref_axis',(0.,0.,1.));
#1973=DIRECTION('',(0.,0.,1.));
#1974=DIRECTION('',(0.,-1.,0.));
#1975=DIRECTION('',(0.,0.,-1.));
#1976=DIRECTION('',(0.,-1.,0.));
#1977=DIRECTION('center_axis',(1.70803542250024E-16,0.,-1.));
#1978=DIRECTION('ref_axis',(1.,0.,1.70803542250024E-16));
#1979=DIRECTION('',(1.,0.,1.70803542250024E-16));
#1980=DIRECTION('',(0.,-1.,0.));
#1981=DIRECTION('',(-1.,0.,-1.70803542250024E-16));
#1982=DIRECTION('center_axis',(-1.,0.,-6.83214169000096E-16));
#1983=DIRECTION('ref_axis',(6.83214169000096E-16,0.,-1.));
#1984=DIRECTION('',(6.83214169000096E-16,0.,-1.));
#1985=DIRECTION('',(0.,-1.,0.));
#1986=DIRECTION('',(-6.83214169000096E-16,0.,1.));
#1987=DIRECTION('center_axis',(-8.54017711250121E-17,0.,1.));
#1988=DIRECTION('ref_axis',(-1.,0.,-8.54017711250121E-17));
#1989=DIRECTION('',(-1.,0.,-8.54017711250121E-17));
#1990=DIRECTION('',(1.,0.,8.54017711250121E-17));
#1991=DIRECTION('center_axis',(0.,-1.,0.));
#1992=DIRECTION('ref_axis',(0.,0.,-1.));
#1993=DIRECTION('',(0.,0.,1.));
#1994=DIRECTION('',(-1.,0.,0.));
#1995=DIRECTION('',(0.,0.,-1.));
#1996=DIRECTION('',(1.,0.,0.));
#1997=DIRECTION('center_axis',(-0.866025403784439,0.,0.5));
#1998=DIRECTION('ref_axis',(-0.5,0.,-0.866025403784439));
#1999=DIRECTION('',(-0.5,0.,-0.866025403784439));
#2000=DIRECTION('',(0.,-1.,0.));
#2001=DIRECTION('',(-0.5,0.,-0.866025403784439));
#2002=DIRECTION('',(0.,-1.,0.));
#2003=DIRECTION('center_axis',(0.,0.,1.));
#2004=DIRECTION('ref_axis',(-1.,0.,0.));
#2005=DIRECTION('',(-1.,0.,0.));
#2006=DIRECTION('',(0.,-1.,0.));
#2007=DIRECTION('',(-1.,0.,0.));
#2008=DIRECTION('center_axis',(0.86602540378444,0.,0.499999999999998));
#2009=DIRECTION('ref_axis',(-0.499999999999998,0.,0.86602540378444));
#2010=DIRECTION('',(-0.499999999999998,0.,0.86602540378444));
#2011=DIRECTION('',(0.,-1.,0.));
#2012=DIRECTION('',(-0.499999999999998,0.,0.86602540378444));
#2013=DIRECTION('center_axis',(0.86602540378444,0.,-0.499999999999998));
#2014=DIRECTION('ref_axis',(0.499999999999998,0.,0.86602540378444));
#2015=DIRECTION('',(0.499999999999998,0.,0.86602540378444));
#2016=DIRECTION('',(0.,-1.,0.));
#2017=DIRECTION('',(0.499999999999998,0.,0.86602540378444));
#2018=DIRECTION('center_axis',(0.,0.,-1.));
#2019=DIRECTION('ref_axis',(1.,0.,0.));
#2020=DIRECTION('',(1.,0.,0.));
#2021=DIRECTION('',(0.,-1.,0.));
#2022=DIRECTION('',(1.,0.,0.));
#2023=DIRECTION('center_axis',(-0.866025403784439,0.,-0.5));
#2024=DIRECTION('ref_axis',(0.5,0.,-0.866025403784439));
#2025=DIRECTION('',(0.5,0.,-0.866025403784439));
#2026=DIRECTION('',(0.5,0.,-0.866025403784439));
#2027=DIRECTION('center_axis',(0.,-1.,0.));
#2028=DIRECTION('ref_axis',(0.,0.,-1.));
#2029=DIRECTION('center_axis',(0.,0.,1.));
#2030=DIRECTION('ref_axis',(-1.,0.,0.));
#2031=DIRECTION('',(-1.,0.,0.));
#2032=DIRECTION('',(0.,-1.,0.));
#2033=DIRECTION('',(-1.,0.,0.));
#2034=DIRECTION('',(0.,-1.,0.));
#2035=DIRECTION('center_axis',(0.866025403784439,0.,0.5));
#2036=DIRECTION('ref_axis',(-0.5,0.,0.866025403784439));
#2037=DIRECTION('',(-0.5,0.,0.866025403784439));
#2038=DIRECTION('',(0.,-1.,0.));
#2039=DIRECTION('',(-0.5,0.,0.866025403784439));
#2040=DIRECTION('center_axis',(0.866025403784439,0.,-0.5));
#2041=DIRECTION('ref_axis',(0.5,0.,0.866025403784439));
#2042=DIRECTION('',(0.5,0.,0.866025403784439));
#2043=DIRECTION('',(0.,-1.,0.));
#2044=DIRECTION('',(0.5,0.,0.866025403784439));
#2045=DIRECTION('center_axis',(0.,0.,-1.));
#2046=DIRECTION('ref_axis',(1.,0.,0.));
#2047=DIRECTION('',(1.,0.,0.));
#2048=DIRECTION('',(0.,-1.,0.));
#2049=DIRECTION('',(1.,0.,0.));
#2050=DIRECTION('center_axis',(-0.866025403784439,0.,-0.5));
#2051=DIRECTION('ref_axis',(0.5,0.,-0.866025403784439));
#2052=DIRECTION('',(0.5,0.,-0.866025403784439));
#2053=DIRECTION('',(0.,-1.,0.));
#2054=DIRECTION('',(0.5,0.,-0.866025403784439));
#2055=DIRECTION('center_axis',(-0.866025403784439,0.,0.5));
#2056=DIRECTION('ref_axis',(-0.5,0.,-0.866025403784439));
#2057=DIRECTION('',(-0.5,0.,-0.866025403784439));
#2058=DIRECTION('',(-0.5,0.,-0.866025403784439));
#2059=DIRECTION('center_axis',(0.,-1.,0.));
#2060=DIRECTION('ref_axis',(0.,0.,-1.));
#2061=DIRECTION('center_axis',(-0.866025403784438,0.,0.500000000000001));
#2062=DIRECTION('ref_axis',(-0.500000000000001,0.,-0.866025403784438));
#2063=DIRECTION('',(-0.500000000000001,0.,-0.866025403784438));
#2064=DIRECTION('',(0.,-1.,0.));
#2065=DIRECTION('',(-0.500000000000001,0.,-0.866025403784438));
#2066=DIRECTION('',(0.,-1.,0.));
#2067=DIRECTION('center_axis',(1.32618116302315E-15,0.,1.));
#2068=DIRECTION('ref_axis',(-1.,0.,1.32618116302315E-15));
#2069=DIRECTION('',(-1.,0.,1.32618116302315E-15));
#2070=DIRECTION('',(0.,-1.,0.));
#2071=DIRECTION('',(-1.,0.,1.32618116302315E-15));
#2072=DIRECTION('center_axis',(0.86602540378444,0.,0.499999999999998));
#2073=DIRECTION('ref_axis',(-0.499999999999998,0.,0.86602540378444));
#2074=DIRECTION('',(-0.499999999999998,0.,0.86602540378444));
#2075=DIRECTION('',(0.,-1.,0.));
#2076=DIRECTION('',(-0.499999999999998,0.,0.86602540378444));
#2077=DIRECTION('center_axis',(0.866025403784438,0.,-0.500000000000001));
#2078=DIRECTION('ref_axis',(0.500000000000001,0.,0.866025403784438));
#2079=DIRECTION('',(0.500000000000001,0.,0.866025403784438));
#2080=DIRECTION('',(0.,-1.,0.));
#2081=DIRECTION('',(0.500000000000001,0.,0.866025403784438));
#2082=DIRECTION('center_axis',(-1.32618116302315E-15,0.,-1.));
#2083=DIRECTION('ref_axis',(1.,0.,-1.32618116302315E-15));
#2084=DIRECTION('',(1.,0.,-1.32618116302315E-15));
#2085=DIRECTION('',(0.,-1.,0.));
#2086=DIRECTION('',(1.,0.,-1.32618116302315E-15));
#2087=DIRECTION('center_axis',(-0.866025403784439,0.,-0.499999999999999));
#2088=DIRECTION('ref_axis',(0.499999999999999,0.,-0.866025403784439));
#2089=DIRECTION('',(0.499999999999999,0.,-0.866025403784439));
#2090=DIRECTION('',(0.499999999999999,0.,-0.866025403784439));
#2091=DIRECTION('center_axis',(0.,-1.,0.));
#2092=DIRECTION('ref_axis',(0.,0.,-1.));
#2093=DIRECTION('center_axis',(0.,0.,-1.));
#2094=DIRECTION('ref_axis',(0.707106781186546,-0.707106781186549,0.));
#2095=DIRECTION('center_axis',(0.,0.,1.));
#2096=DIRECTION('ref_axis',(0.707106781186546,-0.707106781186549,0.));
#2097=DIRECTION('',(0.,0.,-1.));
#2098=DIRECTION('center_axis',(0.,0.,-1.));
#2099=DIRECTION('ref_axis',(0.707106781186546,-0.707106781186549,0.));
#2100=DIRECTION('',(0.,0.,1.));
#2101=DIRECTION('center_axis',(-1.,0.,0.));
#2102=DIRECTION('ref_axis',(0.,0.,1.));
#2103=DIRECTION('',(0.,1.,0.));
#2104=DIRECTION('',(0.,0.,1.));
#2105=DIRECTION('',(0.,1.,0.));
#2106=DIRECTION('center_axis',(0.,0.,1.));
#2107=DIRECTION('ref_axis',(-0.707106781186549,-0.707106781186546,0.));
#2108=DIRECTION('center_axis',(0.,0.,-1.));
#2109=DIRECTION('ref_axis',(-0.707106781186549,-0.707106781186546,0.));
#2110=DIRECTION('',(0.,0.,1.));
#2111=DIRECTION('center_axis',(0.,0.,1.));
#2112=DIRECTION('ref_axis',(-0.707106781186549,-0.707106781186546,0.));
#2113=DIRECTION('',(0.,0.,-1.));
#2114=DIRECTION('center_axis',(1.,0.,0.));
#2115=DIRECTION('ref_axis',(0.,0.,-1.));
#2116=DIRECTION('',(0.,1.,0.));
#2117=DIRECTION('',(0.,0.,-1.));
#2118=DIRECTION('',(0.,1.,0.));
#2119=DIRECTION('center_axis',(0.,0.,-1.));
#2120=DIRECTION('ref_axis',(-1.,0.,0.));
#2121=DIRECTION('',(1.,0.,0.));
#2122=DIRECTION('',(-1.,0.,0.));
#2123=DIRECTION('center_axis',(0.,0.,1.));
#2124=DIRECTION('ref_axis',(1.,0.,0.));
#2125=DIRECTION('',(-1.,0.,0.));
#2126=DIRECTION('',(1.,0.,0.));
#2127=DIRECTION('center_axis',(0.,1.,0.));
#2128=DIRECTION('ref_axis',(0.,0.,1.));
#2129=DIRECTION('center_axis',(0.,0.,-1.));
#2130=DIRECTION('ref_axis',(-1.,0.,0.));
#2131=DIRECTION('',(0.,1.,0.));
#2132=DIRECTION('',(1.,0.,0.));
#2133=DIRECTION('',(0.,1.,0.));
#2134=DIRECTION('center_axis',(1.,0.,0.));
#2135=DIRECTION('ref_axis',(0.,0.,-1.));
#2136=DIRECTION('',(0.,0.,1.));
#2137=DIRECTION('',(0.,1.,0.));
#2138=DIRECTION('',(0.,0.,1.));
#2139=DIRECTION('',(0.,1.,0.));
#2140=DIRECTION('',(0.,0.,-1.));
#2141=DIRECTION('',(0.,1.,0.));
#2142=DIRECTION('center_axis',(0.,0.,1.));
#2143=DIRECTION('ref_axis',(1.,0.,0.));
#2144=DIRECTION('',(-1.,0.,0.));
#2145=DIRECTION('',(1.,0.,0.));
#2146=DIRECTION('',(0.,1.,0.));
#2147=DIRECTION('center_axis',(-1.,0.,0.));
#2148=DIRECTION('ref_axis',(0.,0.,1.));
#2149=DIRECTION('',(0.,0.,-1.));
#2150=DIRECTION('',(0.,0.,1.));
#2151=DIRECTION('',(0.,1.,0.));
#2152=DIRECTION('center_axis',(0.,0.,-1.));
#2153=DIRECTION('ref_axis',(-1.,0.,0.));
#2154=DIRECTION('',(1.,0.,0.));
#2155=DIRECTION('',(-1.,0.,0.));
#2156=DIRECTION('center_axis',(0.,0.,1.));
#2157=DIRECTION('ref_axis',(1.,0.,0.));
#2158=DIRECTION('',(0.,1.,0.));
#2159=DIRECTION('',(-1.,0.,0.));
#2160=DIRECTION('center_axis',(1.,0.,0.));
#2161=DIRECTION('ref_axis',(0.,0.,-1.));
#2162=DIRECTION('',(0.,0.,1.));
#2163=DIRECTION('center_axis',(0.,1.,0.));
#2164=DIRECTION('ref_axis',(0.,0.,1.));
#2165=DIRECTION('center_axis',(1.,0.,0.));
#2166=DIRECTION('ref_axis',(0.,0.,1.));
#2167=DIRECTION('',(0.,0.,-1.));
#2168=DIRECTION('',(0.,-1.,0.));
#2169=DIRECTION('',(0.,0.,1.));
#2170=DIRECTION('',(0.,-1.,0.));
#2171=DIRECTION('center_axis',(0.,0.,-1.));
#2172=DIRECTION('ref_axis',(1.,0.,0.));
#2173=DIRECTION('',(-1.,0.,0.));
#2174=DIRECTION('',(1.,0.,0.));
#2175=DIRECTION('',(0.,-1.,0.));
#2176=DIRECTION('center_axis',(-1.,0.,0.));
#2177=DIRECTION('ref_axis',(0.,0.,-1.));
#2178=DIRECTION('',(0.,0.,1.));
#2179=DIRECTION('',(0.,0.,-1.));
#2180=DIRECTION('',(0.,-1.,0.));
#2181=DIRECTION('center_axis',(0.,0.,1.));
#2182=DIRECTION('ref_axis',(-1.,0.,0.));
#2183=DIRECTION('',(1.,0.,0.));
#2184=DIRECTION('',(-1.,0.,0.));
#2185=DIRECTION('center_axis',(1.,0.,0.));
#2186=DIRECTION('ref_axis',(0.,0.,-1.));
#2187=DIRECTION('',(0.,0.,1.));
#2188=DIRECTION('',(0.,1.,0.));
#2189=DIRECTION('',(0.,0.,-1.));
#2190=DIRECTION('',(0.,1.,0.));
#2191=DIRECTION('center_axis',(1.,0.,0.));
#2192=DIRECTION('ref_axis',(0.,0.,1.));
#2193=DIRECTION('',(0.,0.,1.));
#2194=DIRECTION('',(0.,-1.,0.));
#2195=DIRECTION('',(0.,0.,-1.));
#2196=DIRECTION('',(0.,-1.,0.));
#2197=DIRECTION('center_axis',(0.,0.,-1.));
#2198=DIRECTION('ref_axis',(1.,0.,0.));
#2199=DIRECTION('',(1.,0.,0.));
#2200=DIRECTION('',(0.,-1.,0.));
#2201=DIRECTION('',(-1.,0.,0.));
#2202=DIRECTION('center_axis',(-1.,0.,0.));
#2203=DIRECTION('ref_axis',(0.,0.,-1.));
#2204=DIRECTION('',(0.,0.,-1.));
#2205=DIRECTION('',(0.,-1.,0.));
#2206=DIRECTION('',(0.,0.,1.));
#2207=DIRECTION('center_axis',(0.,0.,1.));
#2208=DIRECTION('ref_axis',(-1.,0.,0.));
#2209=DIRECTION('',(-1.,0.,0.));
#2210=DIRECTION('',(1.,0.,0.));
#2211=DIRECTION('center_axis',(-1.,0.,-1.8764332810566E-16));
#2212=DIRECTION('ref_axis',(-1.8764332810566E-16,0.,1.));
#2213=DIRECTION('',(-1.8764332810566E-16,0.,1.));
#2214=DIRECTION('',(0.,1.,0.));
#2215=DIRECTION('',(-1.8764332810566E-16,0.,1.));
#2216=DIRECTION('',(0.,1.,0.));
#2217=DIRECTION('center_axis',(1.97372982155583E-16,0.,-1.));
#2218=DIRECTION('ref_axis',(-1.,0.,-1.97372982155583E-16));
#2219=DIRECTION('',(-1.,0.,-1.97372982155583E-16));
#2220=DIRECTION('',(0.,1.,0.));
#2221=DIRECTION('',(-1.,0.,-1.97372982155583E-16));
#2222=DIRECTION('center_axis',(1.,0.,0.));
#2223=DIRECTION('ref_axis',(0.,0.,-1.));
#2224=DIRECTION('',(0.,0.,-1.));
#2225=DIRECTION('',(0.,1.,0.));
#2226=DIRECTION('',(0.,0.,-1.));
#2227=DIRECTION('center_axis',(-9.86864910777917E-17,0.,1.));
#2228=DIRECTION('ref_axis',(1.,0.,9.86864910777917E-17));
#2229=DIRECTION('',(1.,0.,9.86864910777917E-17));
#2230=DIRECTION('',(1.,0.,9.86864910777917E-17));
#2231=DIRECTION('center_axis',(0.,1.,0.));
#2232=DIRECTION('ref_axis',(0.,0.,1.));
#2233=DIRECTION('center_axis',(0.,1.,0.));
#2234=DIRECTION('ref_axis',(1.,0.,0.));
#2235=DIRECTION('center_axis',(0.,1.,0.));
#2236=DIRECTION('ref_axis',(1.,0.,0.));
#2237=DIRECTION('',(0.,1.,0.));
#2238=DIRECTION('center_axis',(0.,-1.,0.));
#2239=DIRECTION('ref_axis',(1.,0.,0.));
#2240=DIRECTION('center_axis',(0.,1.,0.));
#2241=DIRECTION('ref_axis',(1.,0.,0.));
#2242=DIRECTION('center_axis',(0.,1.,0.));
#2243=DIRECTION('ref_axis',(1.,0.,0.));
#2244=DIRECTION('',(0.,1.,0.));
#2245=DIRECTION('center_axis',(0.,-1.,0.));
#2246=DIRECTION('ref_axis',(1.,0.,0.));
#2247=DIRECTION('center_axis',(1.,0.,0.));
#2248=DIRECTION('ref_axis',(0.,-1.,0.));
#2249=DIRECTION('',(0.,1.,0.));
#2250=DIRECTION('',(0.,0.,-1.));
#2251=DIRECTION('',(0.,-1.,0.));
#2252=DIRECTION('',(0.,0.,-1.));
#2253=DIRECTION('center_axis',(0.,1.,0.));
#2254=DIRECTION('ref_axis',(1.,0.,0.));
#2255=DIRECTION('',(-1.,0.,0.));
#2256=DIRECTION('',(1.,0.,0.));
#2257=DIRECTION('',(0.,0.,1.));
#2258=DIRECTION('center_axis',(0.,-1.,0.));
#2259=DIRECTION('ref_axis',(-1.,0.,0.));
#2260=DIRECTION('',(1.,0.,0.));
#2261=DIRECTION('',(0.,0.,-1.));
#2262=DIRECTION('',(-1.,0.,0.));
#2263=DIRECTION('center_axis',(0.,0.,1.));
#2264=DIRECTION('ref_axis',(1.,0.,0.));
#2265=DIRECTION('',(0.,1.,0.));
#2266=DIRECTION('',(-1.,0.,0.));
#2267=DIRECTION('',(1.,0.,0.));
#2268=DIRECTION('',(1.,0.,0.));
#2269=DIRECTION('',(0.,1.,0.));
#2270=DIRECTION('center_axis',(-1.,0.,0.));
#2271=DIRECTION('ref_axis',(0.,0.,1.));
#2272=DIRECTION('',(0.,1.,0.));
#2273=DIRECTION('',(0.,0.,-1.));
#2274=DIRECTION('center_axis',(0.,0.,-1.));
#2275=DIRECTION('ref_axis',(-1.,0.,0.));
#2276=DIRECTION('',(0.,1.,0.));
#2277=DIRECTION('',(-1.,0.,0.));
#2278=DIRECTION('',(-1.,0.,0.));
#2279=DIRECTION('',(0.,1.,0.));
#2280=DIRECTION('',(-1.,0.,0.));
#2281=DIRECTION('',(0.,1.,0.));
#2282=DIRECTION('',(-1.,0.,0.));
#2283=DIRECTION('center_axis',(-1.,0.,0.));
#2284=DIRECTION('ref_axis',(0.,0.,1.));
#2285=DIRECTION('',(0.,0.,1.));
#2286=DIRECTION('center_axis',(0.,1.,0.));
#2287=DIRECTION('ref_axis',(0.,0.,1.));
#2288=DIRECTION('center_axis',(-1.,0.,0.));
#2289=DIRECTION('ref_axis',(0.,0.,-1.));
#2290=DIRECTION('',(0.,0.,1.));
#2291=DIRECTION('',(0.,-1.,0.));
#2292=DIRECTION('',(0.,0.,-1.));
#2293=DIRECTION('',(0.,-1.,0.));
#2294=DIRECTION('center_axis',(0.,0.,1.));
#2295=DIRECTION('ref_axis',(-1.,0.,0.));
#2296=DIRECTION('',(1.,0.,0.));
#2297=DIRECTION('',(-1.,0.,0.));
#2298=DIRECTION('',(0.,-1.,0.));
#2299=DIRECTION('center_axis',(1.,0.,0.));
#2300=DIRECTION('ref_axis',(0.,0.,1.));
#2301=DIRECTION('',(0.,0.,-1.));
#2302=DIRECTION('',(0.,0.,1.));
#2303=DIRECTION('',(0.,-1.,0.));
#2304=DIRECTION('center_axis',(0.,0.,-1.));
#2305=DIRECTION('ref_axis',(1.,0.,0.));
#2306=DIRECTION('',(-1.,0.,0.));
#2307=DIRECTION('',(1.,0.,0.));
#2308=DIRECTION('center_axis',(-1.,0.,0.));
#2309=DIRECTION('ref_axis',(0.,0.,-1.));
#2310=DIRECTION('',(0.,0.,1.));
#2311=DIRECTION('',(0.,-1.,0.));
#2312=DIRECTION('',(0.,0.,-1.));
#2313=DIRECTION('',(0.,-1.,0.));
#2314=DIRECTION('center_axis',(0.,0.,1.));
#2315=DIRECTION('ref_axis',(-1.,0.,0.));
#2316=DIRECTION('',(1.,0.,0.));
#2317=DIRECTION('',(-1.,0.,0.));
#2318=DIRECTION('',(0.,-1.,0.));
#2319=DIRECTION('center_axis',(1.,0.,0.));
#2320=DIRECTION('ref_axis',(0.,0.,1.));
#2321=DIRECTION('',(0.,0.,-1.));
#2322=DIRECTION('',(0.,0.,1.));
#2323=DIRECTION('',(0.,-1.,0.));
#2324=DIRECTION('center_axis',(0.,0.,-1.));
#2325=DIRECTION('ref_axis',(1.,0.,0.));
#2326=DIRECTION('',(-1.,0.,0.));
#2327=DIRECTION('',(1.,0.,0.));
#2328=DIRECTION('center_axis',(-1.,0.,0.));
#2329=DIRECTION('ref_axis',(0.,0.,-1.));
#2330=DIRECTION('',(0.,0.,1.));
#2331=DIRECTION('',(0.,-1.,0.));
#2332=DIRECTION('',(0.,0.,-1.));
#2333=DIRECTION('',(0.,-1.,0.));
#2334=DIRECTION('center_axis',(0.,0.,1.));
#2335=DIRECTION('ref_axis',(-1.,0.,0.));
#2336=DIRECTION('',(1.,0.,0.));
#2337=DIRECTION('',(-1.,0.,0.));
#2338=DIRECTION('',(0.,-1.,0.));
#2339=DIRECTION('center_axis',(1.,0.,0.));
#2340=DIRECTION('ref_axis',(0.,0.,1.));
#2341=DIRECTION('',(0.,0.,-1.));
#2342=DIRECTION('',(0.,0.,1.));
#2343=DIRECTION('',(0.,-1.,0.));
#2344=DIRECTION('center_axis',(0.,0.,-1.));
#2345=DIRECTION('ref_axis',(1.,0.,0.));
#2346=DIRECTION('',(-1.,0.,0.));
#2347=DIRECTION('',(1.,0.,0.));
#2348=DIRECTION('center_axis',(0.,0.,1.));
#2349=DIRECTION('ref_axis',(1.,0.,0.));
#2350=DIRECTION('',(1.,0.,0.));
#2351=DIRECTION('',(0.,1.,0.));
#2352=DIRECTION('',(1.,0.,0.));
#2353=DIRECTION('',(0.,1.,0.));
#2354=DIRECTION('center_axis',(-1.,0.,0.));
#2355=DIRECTION('ref_axis',(0.,0.,1.));
#2356=DIRECTION('',(0.,0.,1.));
#2357=DIRECTION('',(0.,0.,1.));
#2358=DIRECTION('center_axis',(1.,0.,0.));
#2359=DIRECTION('ref_axis',(0.,0.,-1.));
#2360=DIRECTION('',(0.,0.,-1.));
#2361=DIRECTION('',(0.,0.,-1.));
#2362=DIRECTION('center_axis',(0.,1.,0.));
#2363=DIRECTION('ref_axis',(0.,0.,1.));
#2364=DIRECTION('center_axis',(0.,1.,0.));
#2365=DIRECTION('ref_axis',(0.,0.,1.));
#2366=CARTESIAN_POINT('',(0.,0.,0.));
#2367=CARTESIAN_POINT('Origin',(55.8749861111154,5.,-0.874999999999996));
#2368=CARTESIAN_POINT('',(55.8749861111154,0.,-4.125));
#2369=CARTESIAN_POINT('',(55.8749861111154,0.,-0.874999999999996));
#2370=CARTESIAN_POINT('',(55.8749861111154,0.,-20.0625));
#2371=CARTESIAN_POINT('',(55.8749861111154,5.,-4.125));
#2372=CARTESIAN_POINT('',(55.8749861111154,5.,-4.125));
#2373=CARTESIAN_POINT('',(55.8749861111154,5.,-0.874999999999996));
#2374=CARTESIAN_POINT('',(55.8749861111154,5.,-20.0625));
#2375=CARTESIAN_POINT('',(55.8749861111154,5.,-0.874999999999996));
#2376=CARTESIAN_POINT('Origin',(59.1249861111154,5.,-0.874999999999996));
#2377=CARTESIAN_POINT('',(59.1249861111154,0.,-0.874999999999996));
#2378=CARTESIAN_POINT('',(55.8124930555577,0.,-0.874999999999997));
#2379=CARTESIAN_POINT('',(59.1249861111154,5.,-0.874999999999996));
#2380=CARTESIAN_POINT('',(55.8124930555577,5.,-0.874999999999997));
#2381=CARTESIAN_POINT('',(59.1249861111154,5.,-0.874999999999996));
#2382=CARTESIAN_POINT('Origin',(59.1249861111154,5.,-4.125));
#2383=CARTESIAN_POINT('',(59.1249861111154,0.,-4.125));
#2384=CARTESIAN_POINT('',(59.1249861111154,0.,-21.6875));
#2385=CARTESIAN_POINT('',(59.1249861111154,5.,-4.125));
#2386=CARTESIAN_POINT('',(59.1249861111154,5.,-21.6875));
#2387=CARTESIAN_POINT('',(59.1249861111154,5.,-4.125));
#2388=CARTESIAN_POINT('Origin',(55.8749861111154,5.,-4.125));
#2389=CARTESIAN_POINT('',(54.1874930555577,0.,-4.12499999999999));
#2390=CARTESIAN_POINT('',(54.1874930555577,5.,-4.12499999999999));
#2391=CARTESIAN_POINT('Origin',(83.,65.,-77.5));
#2392=CARTESIAN_POINT('',(7.,65.,-77.5));
#2393=CARTESIAN_POINT('',(83.,65.,-77.5));
#2394=CARTESIAN_POINT('',(55.875,65.,-77.5));
#2395=CARTESIAN_POINT('',(7.,68.,-77.5));
#2396=CARTESIAN_POINT('',(7.,65.,-77.5));
#2397=CARTESIAN_POINT('',(83.,68.,-77.5));
#2398=CARTESIAN_POINT('',(83.,68.,-77.5));
#2399=CARTESIAN_POINT('',(83.,65.,-77.5));
#2400=CARTESIAN_POINT('Origin',(83.,65.,-76.5));
#2401=CARTESIAN_POINT('',(83.,65.,-76.5));
#2402=CARTESIAN_POINT('',(83.,65.,-77.));
#2403=CARTESIAN_POINT('',(83.,68.,-76.5));
#2404=CARTESIAN_POINT('',(83.,68.,-76.5));
#2405=CARTESIAN_POINT('',(83.,65.,-76.5));
#2406=CARTESIAN_POINT('Origin',(7.,65.,-77.5));
#2407=CARTESIAN_POINT('',(7.,65.,-76.5));
#2408=CARTESIAN_POINT('',(7.,65.,-77.5));
#2409=CARTESIAN_POINT('',(7.,68.,-76.5));
#2410=CARTESIAN_POINT('',(7.,65.,-76.5));
#2411=CARTESIAN_POINT('',(7.,68.,-77.5));
#2412=CARTESIAN_POINT('Origin',(45.,68.,-77.));
#2413=CARTESIAN_POINT('',(5.,68.,-76.5));
#2414=CARTESIAN_POINT('Origin',(14.1249722222308,5.,-4.12499999999999));
#2415=CARTESIAN_POINT('',(14.1249722222308,5.,-4.12499999999999));
#2416=CARTESIAN_POINT('',(14.1249722222308,5.,-0.874999999999991));
#2417=CARTESIAN_POINT('',(14.1249722222308,5.,-21.6875));
#2418=CARTESIAN_POINT('',(14.1249722222308,0.,-4.12499999999999));
#2419=CARTESIAN_POINT('',(14.1249722222308,5.,-4.12499999999999));
#2420=CARTESIAN_POINT('',(14.1249722222308,0.,-0.874999999999991));
#2421=CARTESIAN_POINT('',(14.1249722222308,0.,-21.6875));
#2422=CARTESIAN_POINT('',(14.1249722222308,5.,-0.874999999999991));
#2423=CARTESIAN_POINT('Origin',(10.8749722222308,5.,-4.12499999999999));
#2424=CARTESIAN_POINT('',(10.8749722222308,5.,-4.12499999999999));
#2425=CARTESIAN_POINT('',(31.6874861111154,5.,-4.12499999999999));
#2426=CARTESIAN_POINT('',(10.8749722222308,0.,-4.12499999999999));
#2427=CARTESIAN_POINT('',(10.8749722222308,5.,-4.12499999999999));
#2428=CARTESIAN_POINT('',(31.6874861111154,0.,-4.12499999999999));
#2429=CARTESIAN_POINT('Origin',(10.8749722222308,5.,-0.874999999999992));
#2430=CARTESIAN_POINT('',(10.8749722222308,5.,-0.874999999999992));
#2431=CARTESIAN_POINT('',(10.8749722222308,5.,-20.0625));
#2432=CARTESIAN_POINT('',(10.8749722222308,0.,-0.874999999999992));
#2433=CARTESIAN_POINT('',(10.8749722222308,5.,-0.874999999999992));
#2434=CARTESIAN_POINT('',(10.8749722222308,0.,-20.0625));
#2435=CARTESIAN_POINT('Origin',(14.1249722222308,5.,-0.874999999999991));
#2436=CARTESIAN_POINT('',(33.3124861111154,5.,-0.874999999999988));
#2437=CARTESIAN_POINT('',(33.3124861111154,0.,-0.874999999999988));
#2438=CARTESIAN_POINT('Origin',(12.5,13.,-19.25));
#2439=CARTESIAN_POINT('',(12.5,13.,-59.25));
#2440=CARTESIAN_POINT('',(12.5,13.,-19.25));
#2441=CARTESIAN_POINT('',(12.5,13.,-19.25));
#2442=CARTESIAN_POINT('',(15.5,13.,-59.25));
#2443=CARTESIAN_POINT('',(12.5,13.,-59.25));
#2444=CARTESIAN_POINT('',(15.5,13.,-19.25));
#2445=CARTESIAN_POINT('',(15.5,13.,-19.25));
#2446=CARTESIAN_POINT('',(14.,13.,-19.25));
#2447=CARTESIAN_POINT('Origin',(75.383419246269,5.,-70.2));
#2448=CARTESIAN_POINT('',(75.383419246269,5.,-70.2));
#2449=CARTESIAN_POINT('',(73.7668384925381,5.,-73.));
#2450=CARTESIAN_POINT('',(79.2238634022675,5.,-63.5481555981797));
#2451=CARTESIAN_POINT('',(75.383419246269,2.,-70.2));
#2452=CARTESIAN_POINT('',(75.383419246269,5.,-70.2));
#2453=CARTESIAN_POINT('',(73.7668384925381,2.,-73.));
#2454=CARTESIAN_POINT('',(73.7668384925381,2.,-73.));
#2455=CARTESIAN_POINT('',(73.7668384925381,5.,-73.));
#2456=CARTESIAN_POINT('Origin',(78.616580753731,5.,-70.2));
#2457=CARTESIAN_POINT('',(78.616580753731,5.,-70.2));
#2458=CARTESIAN_POINT('',(65.5582903768655,5.,-70.2));
#2459=CARTESIAN_POINT('',(78.616580753731,2.,-70.2));
#2460=CARTESIAN_POINT('',(78.616580753731,5.,-70.2));
#2461=CARTESIAN_POINT('',(75.383419246269,2.,-70.2));
#2462=CARTESIAN_POINT('Origin',(80.2331615074619,5.,-73.));
#2463=CARTESIAN_POINT('',(80.2331615074619,5.,-73.));
#2464=CARTESIAN_POINT('',(69.459426974598,5.,-54.3393444018203));
#2465=CARTESIAN_POINT('',(80.2331615074619,2.,-73.));
#2466=CARTESIAN_POINT('',(80.2331615074619,5.,-73.));
#2467=CARTESIAN_POINT('',(78.616580753731,2.,-70.2));
#2468=CARTESIAN_POINT('Origin',(78.616580753731,5.,-75.8));
#2469=CARTESIAN_POINT('',(78.616580753731,5.,-75.8));
#2470=CARTESIAN_POINT('',(83.2653152865949,5.,-67.7481555981797));
#2471=CARTESIAN_POINT('',(78.616580753731,2.,-75.8));
#2472=CARTESIAN_POINT('',(78.616580753731,5.,-75.8));
#2473=CARTESIAN_POINT('',(80.2331615074619,2.,-73.));
#2474=CARTESIAN_POINT('Origin',(75.383419246269,5.,-75.8));
#2475=CARTESIAN_POINT('',(75.383419246269,5.,-75.8));
#2476=CARTESIAN_POINT('',(63.9417096231345,5.,-75.8));
#2477=CARTESIAN_POINT('',(75.383419246269,2.,-75.8));
#2478=CARTESIAN_POINT('',(75.383419246269,5.,-75.8));
#2479=CARTESIAN_POINT('',(78.616580753731,2.,-75.8));
#2480=CARTESIAN_POINT('Origin',(73.7668384925381,5.,-73.));
#2481=CARTESIAN_POINT('',(63.8013943365396,5.,-55.7393444018203));
#2482=CARTESIAN_POINT('',(75.383419246269,2.,-75.8));
#2483=CARTESIAN_POINT('Origin',(77.,2.,-73.));
#2484=CARTESIAN_POINT('Origin',(20.616580753731,5.,-63.2));
#2485=CARTESIAN_POINT('',(20.616580753731,5.,-63.2));
#2486=CARTESIAN_POINT('',(17.383419246269,5.,-63.2));
#2487=CARTESIAN_POINT('',(36.5582903768655,5.,-63.2));
#2488=CARTESIAN_POINT('',(20.616580753731,2.,-63.2));
#2489=CARTESIAN_POINT('',(20.616580753731,5.,-63.2));
#2490=CARTESIAN_POINT('',(17.383419246269,2.,-63.2));
#2491=CARTESIAN_POINT('',(17.383419246269,2.,-63.2));
#2492=CARTESIAN_POINT('',(17.383419246269,5.,-63.2));
#2493=CARTESIAN_POINT('Origin',(22.2331615074619,5.,-66.));
#2494=CARTESIAN_POINT('',(22.2331615074619,5.,-66.));
#2495=CARTESIAN_POINT('',(20.2249714312207,5.,-62.5217127566947));
#2496=CARTESIAN_POINT('',(22.2331615074619,2.,-66.));
#2497=CARTESIAN_POINT('',(22.2331615074619,5.,-66.));
#2498=CARTESIAN_POINT('',(20.616580753731,2.,-63.2));
#2499=CARTESIAN_POINT('Origin',(20.616580753731,5.,-68.8));
#2500=CARTESIAN_POINT('',(20.616580753731,5.,-68.8));
#2501=CARTESIAN_POINT('',(30.9997708299721,5.,-50.8157872433053));
#2502=CARTESIAN_POINT('',(20.616580753731,2.,-68.8));
#2503=CARTESIAN_POINT('',(20.616580753731,5.,-68.8));
#2504=CARTESIAN_POINT('',(22.2331615074619,2.,-66.));
#2505=CARTESIAN_POINT('Origin',(17.383419246269,5.,-68.8));
#2506=CARTESIAN_POINT('',(17.383419246269,5.,-68.8));
#2507=CARTESIAN_POINT('',(34.9417096231345,5.,-68.8));
#2508=CARTESIAN_POINT('',(17.383419246269,2.,-68.8));
#2509=CARTESIAN_POINT('',(17.383419246269,5.,-68.8));
#2510=CARTESIAN_POINT('',(20.616580753731,2.,-68.8));
#2511=CARTESIAN_POINT('Origin',(15.7668384925381,5.,-66.));
#2512=CARTESIAN_POINT('',(15.7668384925381,5.,-66.));
#2513=CARTESIAN_POINT('',(14.5669387931624,5.,-63.9217127566947));
#2514=CARTESIAN_POINT('',(15.7668384925381,2.,-66.));
#2515=CARTESIAN_POINT('',(15.7668384925381,5.,-66.));
#2516=CARTESIAN_POINT('',(17.383419246269,2.,-68.8));
#2517=CARTESIAN_POINT('Origin',(17.383419246269,5.,-63.2));
#2518=CARTESIAN_POINT('',(26.9583189456447,5.,-46.6157872433053));
#2519=CARTESIAN_POINT('',(15.7668384925381,2.,-66.));
#2520=CARTESIAN_POINT('Origin',(19.,2.,-66.));
#2521=CARTESIAN_POINT('Origin',(17.3256842193501,5.,-13.1));
#2522=CARTESIAN_POINT('',(17.3256842193501,5.,-13.1));
#2523=CARTESIAN_POINT('',(15.6513684387002,5.,-16.));
#2524=CARTESIAN_POINT('',(16.0608326146906,5.,-15.2907872433053));
#2525=CARTESIAN_POINT('',(17.3256842193501,2.,-13.1));
#2526=CARTESIAN_POINT('',(17.3256842193501,5.,-13.1));
#2527=CARTESIAN_POINT('',(15.6513684387002,2.,-16.));
#2528=CARTESIAN_POINT('',(15.6513684387002,2.,-16.));
#2529=CARTESIAN_POINT('',(15.6513684387002,5.,-16.));
#2530=CARTESIAN_POINT('Origin',(20.6743157806499,5.,-13.1));
#2531=CARTESIAN_POINT('',(20.6743157806499,5.,-13.1));
#2532=CARTESIAN_POINT('',(36.587157890325,5.,-13.1));
#2533=CARTESIAN_POINT('',(20.6743157806499,2.,-13.1));
#2534=CARTESIAN_POINT('',(20.6743157806499,5.,-13.1));
#2535=CARTESIAN_POINT('',(17.3256842193501,2.,-13.1));
#2536=CARTESIAN_POINT('Origin',(22.3486315612998,5.,-16.));
#2537=CARTESIAN_POINT('',(22.3486315612998,5.,-16.));
#2538=CARTESIAN_POINT('',(31.1513252756344,5.,-31.2467127566947));
#2539=CARTESIAN_POINT('',(22.3486315612998,2.,-16.));
#2540=CARTESIAN_POINT('',(22.3486315612998,5.,-16.));
#2541=CARTESIAN_POINT('',(20.6743157806499,2.,-13.1));
#2542=CARTESIAN_POINT('Origin',(20.6743157806499,5.,-18.9));
#2543=CARTESIAN_POINT('',(20.6743157806499,5.,-18.9));
#2544=CARTESIAN_POINT('',(20.2466220663153,5.,-19.6407872433053));
#2545=CARTESIAN_POINT('',(20.6743157806499,2.,-18.9));
#2546=CARTESIAN_POINT('',(20.6743157806499,5.,-18.9));
#2547=CARTESIAN_POINT('',(22.3486315612998,2.,-16.));
#2548=CARTESIAN_POINT('Origin',(17.3256842193501,5.,-18.9));
#2549=CARTESIAN_POINT('',(17.3256842193501,5.,-18.9));
#2550=CARTESIAN_POINT('',(34.9128421096751,5.,-18.9));
#2551=CARTESIAN_POINT('',(17.3256842193501,2.,-18.9));
#2552=CARTESIAN_POINT('',(17.3256842193501,5.,-18.9));
#2553=CARTESIAN_POINT('',(20.6743157806499,2.,-18.9));
#2554=CARTESIAN_POINT('Origin',(15.6513684387002,5.,-16.));
#2555=CARTESIAN_POINT('',(25.2912200433597,5.,-32.6967127566947));
#2556=CARTESIAN_POINT('',(17.3256842193501,2.,-18.9));
#2557=CARTESIAN_POINT('Origin',(19.,2.,-16.));
#2558=CARTESIAN_POINT('Origin',(62.5,6.,-44.25));
#2559=CARTESIAN_POINT('',(62.5,5.,-29.25));
#2560=CARTESIAN_POINT('',(63.5,6.,-29.25));
#2561=CARTESIAN_POINT('Origin',(62.5,6.,-29.25));
#2562=CARTESIAN_POINT('',(63.5,6.,-49.25));
#2563=CARTESIAN_POINT('',(63.5,6.,-44.25));
#2564=CARTESIAN_POINT('',(62.5,5.,-49.25));
#2565=CARTESIAN_POINT('Origin',(62.5,6.,-49.25));
#2566=CARTESIAN_POINT('',(62.5,5.,-44.25));
#2567=CARTESIAN_POINT('Origin',(63.5,5.,-49.25));
#2568=CARTESIAN_POINT('',(63.5,14.,-29.25));
#2569=CARTESIAN_POINT('',(63.5,5.,-29.25));
#2570=CARTESIAN_POINT('',(63.5,14.,-49.25));
#2571=CARTESIAN_POINT('',(63.5,14.,-49.25));
#2572=CARTESIAN_POINT('',(63.5,5.,-49.25));
#2573=CARTESIAN_POINT('Origin',(66.5,7.,-34.25));
#2574=CARTESIAN_POINT('',(66.5,5.,-49.25));
#2575=CARTESIAN_POINT('',(64.5,7.,-49.25));
#2576=CARTESIAN_POINT('Origin',(66.5,7.,-49.25));
#2577=CARTESIAN_POINT('',(64.5,7.,-29.25));
#2578=CARTESIAN_POINT('',(64.5,7.,-34.25));
#2579=CARTESIAN_POINT('',(66.5,5.,-29.25));
#2580=CARTESIAN_POINT('Origin',(66.5,7.,-29.25));
#2581=CARTESIAN_POINT('',(66.5,5.,-34.25));
#2582=CARTESIAN_POINT('Origin',(64.5,5.,-29.25));
#2583=CARTESIAN_POINT('',(64.5,14.,-49.25));
#2584=CARTESIAN_POINT('',(64.5,5.,-49.25));
#2585=CARTESIAN_POINT('',(64.5,14.,-29.25));
#2586=CARTESIAN_POINT('',(64.5,14.,-29.25));
#2587=CARTESIAN_POINT('',(64.5,5.,-29.25));
#2588=CARTESIAN_POINT('Origin',(64.5,5.,-49.25));
#2589=CARTESIAN_POINT('',(58.5,5.,-49.25));
#2590=CARTESIAN_POINT('',(64.5,14.,-49.25));
#2591=CARTESIAN_POINT('Origin',(63.5,5.,-29.25));
#2592=CARTESIAN_POINT('',(58.,5.,-29.25));
#2593=CARTESIAN_POINT('',(63.5,14.,-29.25));
#2594=CARTESIAN_POINT('Origin',(64.,14.,-39.25));
#2595=CARTESIAN_POINT('Origin',(15.5,5.,-19.25));
#2596=CARTESIAN_POINT('',(15.5,5.,-19.25));
#2597=CARTESIAN_POINT('',(15.5,5.,-19.25));
#2598=CARTESIAN_POINT('',(12.5,5.,-19.25));
#2599=CARTESIAN_POINT('',(34.,5.,-19.25));
#2600=CARTESIAN_POINT('',(12.5,5.,-19.25));
#2601=CARTESIAN_POINT('Origin',(15.5,5.,-17.25));
#2602=CARTESIAN_POINT('',(15.5,5.,-17.25));
#2603=CARTESIAN_POINT('',(15.5,5.,-28.25));
#2604=CARTESIAN_POINT('',(15.5,5.,-59.25));
#2605=CARTESIAN_POINT('',(15.5,5.,-59.25));
#2606=CARTESIAN_POINT('',(15.5,5.,-61.25));
#2607=CARTESIAN_POINT('',(15.5,5.,-49.25));
#2608=CARTESIAN_POINT('',(15.5,14.,-61.25));
#2609=CARTESIAN_POINT('',(15.5,5.,-61.25));
#2610=CARTESIAN_POINT('',(15.5,14.,-17.25));
#2611=CARTESIAN_POINT('',(15.5,14.,-17.25));
#2612=CARTESIAN_POINT('',(15.5,5.,-17.25));
#2613=CARTESIAN_POINT('Origin',(10.5,5.,-17.25));
#2614=CARTESIAN_POINT('',(10.5,5.,-17.25));
#2615=CARTESIAN_POINT('',(31.5,5.,-17.25));
#2616=CARTESIAN_POINT('',(10.5,14.,-17.25));
#2617=CARTESIAN_POINT('',(10.5,14.,-17.25));
#2618=CARTESIAN_POINT('',(10.5,5.,-17.25));
#2619=CARTESIAN_POINT('Origin',(10.5,5.,-61.25));
#2620=CARTESIAN_POINT('',(10.5,5.,-61.25));
#2621=CARTESIAN_POINT('',(10.5,5.,-50.25));
#2622=CARTESIAN_POINT('',(10.5,14.,-61.25));
#2623=CARTESIAN_POINT('',(10.5,14.,-61.25));
#2624=CARTESIAN_POINT('',(10.5,5.,-61.25));
#2625=CARTESIAN_POINT('Origin',(15.5,5.,-61.25));
#2626=CARTESIAN_POINT('',(34.,5.,-61.25));
#2627=CARTESIAN_POINT('',(15.5,14.,-61.25));
#2628=CARTESIAN_POINT('Origin',(12.5,5.,-59.25));
#2629=CARTESIAN_POINT('',(12.5,5.,-59.25));
#2630=CARTESIAN_POINT('',(12.5,5.,-59.25));
#2631=CARTESIAN_POINT('',(32.5,5.,-59.25));
#2632=CARTESIAN_POINT('Origin',(12.5,5.,-19.25));
#2633=CARTESIAN_POINT('',(12.5,5.,-29.25));
#2634=CARTESIAN_POINT('Origin',(13.,14.,-39.25));
#2635=CARTESIAN_POINT('Origin',(89.125,5.,-77.625));
#2636=CARTESIAN_POINT('',(89.125,0.,-74.375));
#2637=CARTESIAN_POINT('',(89.125,0.,-77.625));
#2638=CARTESIAN_POINT('',(89.125,0.,-58.4375));
#2639=CARTESIAN_POINT('',(89.125,5.,-74.375));
#2640=CARTESIAN_POINT('',(89.125,5.,-74.375));
#2641=CARTESIAN_POINT('',(89.125,5.,-77.625));
#2642=CARTESIAN_POINT('',(89.125,5.,-58.4375));
#2643=CARTESIAN_POINT('',(89.125,5.,-77.625));
#2644=CARTESIAN_POINT('Origin',(85.875,5.,-77.625));
#2645=CARTESIAN_POINT('',(85.875,0.,-77.625));
#2646=CARTESIAN_POINT('',(69.1875,0.,-77.625));
#2647=CARTESIAN_POINT('',(85.875,5.,-77.625));
#2648=CARTESIAN_POINT('',(69.1875,5.,-77.625));
#2649=CARTESIAN_POINT('',(85.875,5.,-77.625));
#2650=CARTESIAN_POINT('Origin',(85.875,5.,-74.375));
#2651=CARTESIAN_POINT('',(85.875,0.,-74.375));
#2652=CARTESIAN_POINT('',(85.875,0.,-56.8125));
#2653=CARTESIAN_POINT('',(85.875,5.,-74.375));
#2654=CARTESIAN_POINT('',(85.875,5.,-56.8125));
#2655=CARTESIAN_POINT('',(85.875,5.,-74.375));
#2656=CARTESIAN_POINT('Origin',(89.125,5.,-74.375));
#2657=CARTESIAN_POINT('',(70.8125,0.,-74.375));
#2658=CARTESIAN_POINT('',(70.8125,5.,-74.375));
#2659=CARTESIAN_POINT('Origin',(85.,5.,-76.5));
#2660=CARTESIAN_POINT('',(85.,5.,-78.5));
#2661=CARTESIAN_POINT('',(85.,5.,-76.5));
#2662=CARTESIAN_POINT('',(85.,5.,-57.875));
#2663=CARTESIAN_POINT('',(85.,65.,-78.5));
#2664=CARTESIAN_POINT('',(85.,5.,-78.5));
#2665=CARTESIAN_POINT('',(85.,65.,-76.5));
#2666=CARTESIAN_POINT('',(85.,65.,-76.5));
#2667=CARTESIAN_POINT('',(85.,5.,-76.5));
#2668=CARTESIAN_POINT('Origin',(9.125,5.,-4.225));
#2669=CARTESIAN_POINT('',(9.125,5.,-4.225));
#2670=CARTESIAN_POINT('',(9.125,5.,-0.974999999999998));
#2671=CARTESIAN_POINT('',(9.125,5.,-21.7375));
#2672=CARTESIAN_POINT('',(9.125,0.,-4.225));
#2673=CARTESIAN_POINT('',(9.125,5.,-4.225));
#2674=CARTESIAN_POINT('',(9.125,0.,-0.974999999999998));
#2675=CARTESIAN_POINT('',(9.125,0.,-21.7375));
#2676=CARTESIAN_POINT('',(9.125,5.,-0.974999999999998));
#2677=CARTESIAN_POINT('Origin',(5.875,5.,-4.225));
#2678=CARTESIAN_POINT('',(5.875,5.,-4.225));
#2679=CARTESIAN_POINT('',(29.1875,5.,-4.225));
#2680=CARTESIAN_POINT('',(5.875,0.,-4.225));
#2681=CARTESIAN_POINT('',(5.875,5.,-4.225));
#2682=CARTESIAN_POINT('',(29.1875,0.,-4.225));
#2683=CARTESIAN_POINT('Origin',(5.875,5.,-0.974999999999998));
#2684=CARTESIAN_POINT('',(5.875,5.,-0.974999999999998));
#2685=CARTESIAN_POINT('',(5.875,5.,-20.1125));
#2686=CARTESIAN_POINT('',(5.875,0.,-0.974999999999998));
#2687=CARTESIAN_POINT('',(5.875,5.,-0.974999999999998));
#2688=CARTESIAN_POINT('',(5.875,0.,-20.1125));
#2689=CARTESIAN_POINT('Origin',(9.125,5.,-0.974999999999998));
#2690=CARTESIAN_POINT('',(30.8125,5.,-0.974999999999997));
#2691=CARTESIAN_POINT('',(30.8125,0.,-0.974999999999997));
#2692=CARTESIAN_POINT('Origin',(2.49999999999999,0.,-57.));
#2693=CARTESIAN_POINT('',(2.49999999999999,0.,-57.));
#2694=CARTESIAN_POINT('',(2.49999999999998,0.,-21.5));
#2695=CARTESIAN_POINT('',(2.49999999999999,0.,-48.125));
#2696=CARTESIAN_POINT('',(2.49999999999999,4.,-57.));
#2697=CARTESIAN_POINT('',(2.49999999999999,0.,-57.));
#2698=CARTESIAN_POINT('',(2.49999999999998,4.,-21.5));
#2699=CARTESIAN_POINT('',(2.49999999999998,4.,-21.5));
#2700=CARTESIAN_POINT('',(2.49999999999998,0.,-21.5));
#2701=CARTESIAN_POINT('Origin',(47.5,0.,-57.));
#2702=CARTESIAN_POINT('',(47.5,0.,-57.));
#2703=CARTESIAN_POINT('',(50.,0.,-57.));
#2704=CARTESIAN_POINT('',(47.5,4.,-57.));
#2705=CARTESIAN_POINT('',(47.5,0.,-57.));
#2706=CARTESIAN_POINT('',(2.49999999999999,4.,-57.));
#2707=CARTESIAN_POINT('Origin',(47.5,0.,-21.5));
#2708=CARTESIAN_POINT('',(47.5,0.,-21.5));
#2709=CARTESIAN_POINT('',(47.5,0.,-30.375));
#2710=CARTESIAN_POINT('',(47.5,4.,-21.5));
#2711=CARTESIAN_POINT('',(47.5,0.,-21.5));
#2712=CARTESIAN_POINT('',(47.5,4.,-57.));
#2713=CARTESIAN_POINT('Origin',(2.49999999999998,0.,-21.5));
#2714=CARTESIAN_POINT('',(27.5,0.,-21.5));
#2715=CARTESIAN_POINT('',(47.5,4.,-21.5));
#2716=CARTESIAN_POINT('Origin',(25.,4.,-39.25));
#2717=CARTESIAN_POINT('Origin',(52.5,0.,-21.5));
#2718=CARTESIAN_POINT('',(50.8,0.,-21.5));
#2719=CARTESIAN_POINT('Origin',(52.5,0.,-21.5));
#2720=CARTESIAN_POINT('',(50.8,5.,-21.5));
#2721=CARTESIAN_POINT('',(50.8,0.,-21.5));
#2722=CARTESIAN_POINT('Origin',(52.5,5.,-21.5));
#2723=CARTESIAN_POINT('Origin',(52.5,0.,-57.));
#2724=CARTESIAN_POINT('',(50.8,0.,-57.));
#2725=CARTESIAN_POINT('Origin',(52.5,0.,-57.));
#2726=CARTESIAN_POINT('',(50.8,5.,-57.));
#2727=CARTESIAN_POINT('',(50.8,0.,-57.));
#2728=CARTESIAN_POINT('Origin',(52.5,5.,-57.));
#2729=CARTESIAN_POINT('Origin',(35.,35.,-76.5));
#2730=CARTESIAN_POINT('',(35.,25.,-78.5));
#2731=CARTESIAN_POINT('',(35.,35.,-78.5));
#2732=CARTESIAN_POINT('',(35.,17.5,-78.5));
#2733=CARTESIAN_POINT('',(35.,25.,-76.5));
#2734=CARTESIAN_POINT('',(35.,25.,-76.5));
#2735=CARTESIAN_POINT('',(35.,35.,-76.5));
#2736=CARTESIAN_POINT('',(35.,20.,-76.5));
#2737=CARTESIAN_POINT('',(35.,35.,-76.5));
#2738=CARTESIAN_POINT('Origin',(5.,35.,-76.5));
#2739=CARTESIAN_POINT('',(5.,35.,-78.5));
#2740=CARTESIAN_POINT('',(55.,35.,-78.5));
#2741=CARTESIAN_POINT('',(5.,35.,-76.5));
#2742=CARTESIAN_POINT('',(5.,35.,-76.5));
#2743=CARTESIAN_POINT('',(5.,35.,-77.5));
#2744=CARTESIAN_POINT('Origin',(35.,25.,-76.5));
#2745=CARTESIAN_POINT('',(5.,25.,-78.5));
#2746=CARTESIAN_POINT('',(70.,25.,-78.5));
#2747=CARTESIAN_POINT('',(5.,25.,-76.5));
#2748=CARTESIAN_POINT('',(5.,25.,-77.5));
#2749=CARTESIAN_POINT('',(20.,25.,-76.5));
#2750=CARTESIAN_POINT('Origin',(5.,5.,-76.5));
#2751=CARTESIAN_POINT('',(5.,5.,-76.5));
#2752=CARTESIAN_POINT('',(5.,5.,-76.5));
#2753=CARTESIAN_POINT('',(52.5,5.,-76.5));
#2754=CARTESIAN_POINT('',(5.,65.,-76.5));
#2755=CARTESIAN_POINT('',(5.,65.,-76.5));
#2756=CARTESIAN_POINT('',(5.,65.,-76.5));
#2757=CARTESIAN_POINT('',(5.,5.,-76.5));
#2758=CARTESIAN_POINT('Origin',(5.,5.,-78.5));
#2759=CARTESIAN_POINT('',(5.,5.,-78.5));
#2760=CARTESIAN_POINT('',(5.,5.,-78.5));
#2761=CARTESIAN_POINT('',(5.,5.,-58.875));
#2762=CARTESIAN_POINT('Origin',(105.,0.,-78.5));
#2763=CARTESIAN_POINT('',(5.,65.,-78.5));
#2764=CARTESIAN_POINT('',(5.,5.,-78.5));
#2765=CARTESIAN_POINT('',(105.,65.,-78.5));
#2766=CARTESIAN_POINT('',(105.,5.,-78.5));
#2767=CARTESIAN_POINT('',(105.,5.,-78.5));
#2768=CARTESIAN_POINT('',(105.,0.,-78.5));
#2769=CARTESIAN_POINT('',(105.,0.,-78.5));
#2770=CARTESIAN_POINT('',(0.,0.,-78.5));
#2771=CARTESIAN_POINT('',(105.,0.,-78.5));
#2772=CARTESIAN_POINT('',(0.,5.,-78.5));
#2773=CARTESIAN_POINT('',(0.,0.,-78.5));
#2774=CARTESIAN_POINT('',(105.,5.,-78.5));
#2775=CARTESIAN_POINT('Origin',(5.,5.,-78.5));
#2776=CARTESIAN_POINT('',(5.,65.,-78.5));
#2777=CARTESIAN_POINT('Origin',(28.75,65.,-77.5));
#2778=CARTESIAN_POINT('Origin',(100.875,5.,-74.375));
#2779=CARTESIAN_POINT('',(100.875,0.,-77.625));
#2780=CARTESIAN_POINT('',(100.875,0.,-74.375));
#2781=CARTESIAN_POINT('',(100.875,0.,-56.8125));
#2782=CARTESIAN_POINT('',(100.875,5.,-77.625));
#2783=CARTESIAN_POINT('',(100.875,5.,-77.625));
#2784=CARTESIAN_POINT('',(100.875,5.,-74.375));
#2785=CARTESIAN_POINT('',(100.875,5.,-56.8125));
#2786=CARTESIAN_POINT('',(100.875,5.,-74.375));
#2787=CARTESIAN_POINT('Origin',(104.125,5.,-74.375));
#2788=CARTESIAN_POINT('',(104.125,0.,-74.375));
#2789=CARTESIAN_POINT('',(78.3125,0.,-74.375));
#2790=CARTESIAN_POINT('',(104.125,5.,-74.375));
#2791=CARTESIAN_POINT('',(78.3125,5.,-74.375));
#2792=CARTESIAN_POINT('',(104.125,5.,-74.375));
#2793=CARTESIAN_POINT('Origin',(104.125,5.,-77.625));
#2794=CARTESIAN_POINT('',(104.125,0.,-77.625));
#2795=CARTESIAN_POINT('',(104.125,0.,-58.4375));
#2796=CARTESIAN_POINT('',(104.125,5.,-77.625));
#2797=CARTESIAN_POINT('',(104.125,5.,-58.4375));
#2798=CARTESIAN_POINT('',(104.125,5.,-77.625));
#2799=CARTESIAN_POINT('Origin',(100.875,5.,-77.625));
#2800=CARTESIAN_POINT('',(76.6875,0.,-77.625));
#2801=CARTESIAN_POINT('',(76.6875,5.,-77.625));
#2802=CARTESIAN_POINT('Origin',(100.875,5.,-0.875));
#2803=CARTESIAN_POINT('',(100.875,0.,-4.125));
#2804=CARTESIAN_POINT('',(100.875,0.,-0.875));
#2805=CARTESIAN_POINT('',(100.875,0.,-20.0625));
#2806=CARTESIAN_POINT('',(100.875,5.,-4.125));
#2807=CARTESIAN_POINT('',(100.875,5.,-4.125));
#2808=CARTESIAN_POINT('',(100.875,5.,-0.875));
#2809=CARTESIAN_POINT('',(100.875,5.,-20.0625));
#2810=CARTESIAN_POINT('',(100.875,5.,-0.875));
#2811=CARTESIAN_POINT('Origin',(104.125,5.,-0.875));
#2812=CARTESIAN_POINT('',(104.125,0.,-0.875));
#2813=CARTESIAN_POINT('',(78.3125,0.,-0.874999999999999));
#2814=CARTESIAN_POINT('',(104.125,5.,-0.875));
#2815=CARTESIAN_POINT('',(78.3125,5.,-0.874999999999999));
#2816=CARTESIAN_POINT('',(104.125,5.,-0.875));
#2817=CARTESIAN_POINT('Origin',(104.125,5.,-4.125));
#2818=CARTESIAN_POINT('',(104.125,0.,-4.125));
#2819=CARTESIAN_POINT('',(104.125,0.,-21.6875));
#2820=CARTESIAN_POINT('',(104.125,5.,-4.125));
#2821=CARTESIAN_POINT('',(104.125,5.,-21.6875));
#2822=CARTESIAN_POINT('',(104.125,5.,-4.125));
#2823=CARTESIAN_POINT('Origin',(100.875,5.,-4.125));
#2824=CARTESIAN_POINT('',(76.6875,0.,-4.125));
#2825=CARTESIAN_POINT('',(76.6875,5.,-4.125));
#2826=CARTESIAN_POINT('Origin',(0.875,5.,-74.375));
#2827=CARTESIAN_POINT('',(0.875,0.,-77.625));
#2828=CARTESIAN_POINT('',(0.875,0.,-74.375));
#2829=CARTESIAN_POINT('',(0.875000000000004,0.,-56.8125));
#2830=CARTESIAN_POINT('',(0.875,5.,-77.625));
#2831=CARTESIAN_POINT('',(0.875,5.,-77.625));
#2832=CARTESIAN_POINT('',(0.875,5.,-74.375));
#2833=CARTESIAN_POINT('',(0.875000000000004,5.,-56.8125));
#2834=CARTESIAN_POINT('',(0.875,5.,-74.375));
#2835=CARTESIAN_POINT('Origin',(4.125,5.,-74.375));
#2836=CARTESIAN_POINT('',(4.125,0.,-74.375));
#2837=CARTESIAN_POINT('',(28.3125,0.,-74.375));
#2838=CARTESIAN_POINT('',(4.125,5.,-74.375));
#2839=CARTESIAN_POINT('',(28.3125,5.,-74.375));
#2840=CARTESIAN_POINT('',(4.125,5.,-74.375));
#2841=CARTESIAN_POINT('Origin',(4.125,5.,-77.625));
#2842=CARTESIAN_POINT('',(4.125,0.,-77.625));
#2843=CARTESIAN_POINT('',(4.125,0.,-58.4375));
#2844=CARTESIAN_POINT('',(4.125,5.,-77.625));
#2845=CARTESIAN_POINT('',(4.125,5.,-58.4375));
#2846=CARTESIAN_POINT('',(4.125,5.,-77.625));
#2847=CARTESIAN_POINT('Origin',(0.875,5.,-77.625));
#2848=CARTESIAN_POINT('',(26.6875,0.,-77.625));
#2849=CARTESIAN_POINT('',(26.6875,5.,-77.625));
#2850=CARTESIAN_POINT('Origin',(0.,0.,0.));
#2851=CARTESIAN_POINT('',(0.,0.,0.));
#2852=CARTESIAN_POINT('',(105.,0.,0.));
#2853=CARTESIAN_POINT('',(0.,0.,0.));
#2854=CARTESIAN_POINT('',(105.,5.,0.));
#2855=CARTESIAN_POINT('',(105.,0.,0.));
#2856=CARTESIAN_POINT('',(0.,5.,0.));
#2857=CARTESIAN_POINT('',(0.,5.,0.));
#2858=CARTESIAN_POINT('',(0.,0.,0.));
#2859=CARTESIAN_POINT('Origin',(0.,0.,-78.5));
#2860=CARTESIAN_POINT('',(0.,0.,-78.5));
#2861=CARTESIAN_POINT('',(0.,5.,-78.5));
#2862=CARTESIAN_POINT('Origin',(105.,0.,0.));
#2863=CARTESIAN_POINT('',(105.,0.,0.));
#2864=CARTESIAN_POINT('',(105.,5.,0.));
#2865=CARTESIAN_POINT('Origin',(52.5,5.,-39.25));
#2866=CARTESIAN_POINT('Origin',(52.5,0.,-39.25));
#2867=UNCERTAINTY_MEASURE_WITH_UNIT(LENGTH_MEASURE(0.01),#2871,
'DISTANCE_ACCURACY_VALUE',
'Maximum model space distance between geometric entities at asserted c
onnectivities');
#2868=UNCERTAINTY_MEASURE_WITH_UNIT(LENGTH_MEASURE(0.01),#2871,
'DISTANCE_ACCURACY_VALUE',
'Maximum model space distance between geometric entities at asserted c
onnectivities');
#2869=(
GEOMETRIC_REPRESENTATION_CONTEXT(3)
GLOBAL_UNCERTAINTY_ASSIGNED_CONTEXT((#2867))
GLOBAL_UNIT_ASSIGNED_CONTEXT((#2871,#2873,#2874))
REPRESENTATION_CONTEXT('','3D')
);
#2870=(
GEOMETRIC_REPRESENTATION_CONTEXT(3)
GLOBAL_UNCERTAINTY_ASSIGNED_CONTEXT((#2868))
GLOBAL_UNIT_ASSIGNED_CONTEXT((#2871,#2873,#2874))
REPRESENTATION_CONTEXT('','3D')
);
#2871=(
LENGTH_UNIT()
NAMED_UNIT(*)
SI_UNIT(.MILLI.,.METRE.)
);
#2872=(
LENGTH_UNIT()
NAMED_UNIT(*)
SI_UNIT(.CENTI.,.METRE.)
);
#2873=(
NAMED_UNIT(*)
PLANE_ANGLE_UNIT()
SI_UNIT($,.RADIAN.)
);
#2874=(
NAMED_UNIT(*)
SI_UNIT($,.STERADIAN.)
SOLID_ANGLE_UNIT()
);
#2875=SHAPE_DEFINITION_REPRESENTATION(#2876,#2877);
#2876=PRODUCT_DEFINITION_SHAPE('',$,#2879);
#2877=SHAPE_REPRESENTATION('',(#1831),#2869);
#2878=PRODUCT_DEFINITION_CONTEXT('part definition',#2883,'design');
#2879=PRODUCT_DEFINITION('frame_bottom','frame_bottom',#2880,#2878);
#2880=PRODUCT_DEFINITION_FORMATION('',$,#2885);
#2881=PRODUCT_RELATED_PRODUCT_CATEGORY('frame_bottom','frame_bottom',(#2885));
#2882=APPLICATION_PROTOCOL_DEFINITION('international standard',
'automotive_design',2009,#2883);
#2883=APPLICATION_CONTEXT(
'Core Data for Automotive Mechanical Design Process');
#2884=PRODUCT_CONTEXT('part definition',#2883,'mechanical');
#2885=PRODUCT('frame_bottom','frame_bottom',$,(#2884));
#2886=PRESENTATION_STYLE_ASSIGNMENT((#2887));
#2887=SURFACE_STYLE_USAGE(.BOTH.,#2890);
#2888=SURFACE_STYLE_RENDERING_WITH_PROPERTIES($,#2894,(#2889));
#2889=SURFACE_STYLE_TRANSPARENT(0.);
#2890=SURFACE_SIDE_STYLE('',(#2891,#2888));
#2891=SURFACE_STYLE_FILL_AREA(#2892);
#2892=FILL_AREA_STYLE('',(#2893));
#2893=FILL_AREA_STYLE_COLOUR('',#2894);
#2894=COLOUR_RGB('',0.749019607843137,0.749019607843137,0.749019607843137);
ENDSEC;
END-ISO-10303-21;
