ISO-10303-21;
HEADER;
/* Generated by software containing ST-Developer
 * from STEP Tools, Inc. (www.steptools.com) 
 */

FILE_DESCRIPTION(
/* description */ (''),
/* implementation_level */ '2;1');

FILE_NAME(
/* name */ 'frame_front.stp',
/* time_stamp */ '2026-09-01T11:17:44+02:00',
/* author */ ('carlos'),
/* organization */ (''),
/* preprocessor_version */ 'ST-DEVELOPER v20.1',
/* originating_system */ 'Autodesk Inventor 2027',
/* authorisation */ '');

FILE_SCHEMA (('AUTOMOTIVE_DESIGN { 1 0 10303 214 3 1 1 }'));
ENDSEC;

DATA;
#10=MECHANICAL_DESIGN_GEOMETRIC_PRESENTATION_REPRESENTATION('',(#26,#27,
#28,#29,#30,#31,#32,#33,#34),#11516);
#11=GEOMETRICALLY_BOUNDED_WIREFRAME_SHAPE_REPRESENTATION('',(#12),#11515);
#12=GEOMETRIC_CURVE_SET('Sketch10',(#18,#19,#20,#21,#22,#23,#24,#25,#16,
#17,#11512));
#13=SHAPE_REPRESENTATION_RELATIONSHIP('SRR','None',#11523,#15);
#14=SHAPE_REPRESENTATION_RELATIONSHIP('SRR','None',#11523,#11);
#15=ADVANCED_BREP_SHAPE_REPRESENTATION('',(#35),#11515);
#16=CIRCLE('',#6682,0.499999999999997);
#17=CIRCLE('',#6683,0.5);
#18=POLYLINE('',(#11494,#11495));
#19=POLYLINE('',(#11496,#11497));
#20=POLYLINE('',(#11498,#11499));
#21=POLYLINE('',(#11500,#11501));
#22=POLYLINE('',(#11502,#11503));
#23=POLYLINE('',(#11504,#11505));
#24=POLYLINE('',(#11506,#11507));
#25=POLYLINE('',(#11508,#11509));
#26=STYLED_ITEM('',(#11532),#35);
#27=STYLED_ITEM('',(#11533),#18);
#28=STYLED_ITEM('',(#11533),#19);
#29=STYLED_ITEM('',(#11533),#20);
#30=STYLED_ITEM('',(#11533),#21);
#31=STYLED_ITEM('',(#11533),#22);
#32=STYLED_ITEM('',(#11533),#23);
#33=STYLED_ITEM('',(#11533),#24);
#34=STYLED_ITEM('',(#11533),#25);
#35=MANIFOLD_SOLID_BREP('Solid1',#6466);
#36=FACE_BOUND('',#639,.T.);
#37=FACE_BOUND('',#680,.T.);
#38=FACE_BOUND('',#726,.T.);
#39=FACE_BOUND('',#782,.T.);
#40=FACE_BOUND('',#819,.T.);
#41=FACE_BOUND('',#842,.T.);
#42=FACE_BOUND('',#877,.T.);
#43=FACE_BOUND('',#878,.T.);
#44=FACE_BOUND('',#880,.T.);
#45=FACE_BOUND('',#881,.T.);
#46=FACE_BOUND('',#882,.T.);
#47=FACE_BOUND('',#883,.T.);
#48=FACE_BOUND('',#884,.T.);
#49=FACE_BOUND('',#885,.T.);
#50=FACE_BOUND('',#886,.T.);
#51=FACE_BOUND('',#887,.T.);
#52=FACE_BOUND('',#888,.T.);
#53=FACE_BOUND('',#889,.T.);
#54=FACE_BOUND('',#890,.T.);
#55=FACE_BOUND('',#891,.T.);
#56=FACE_BOUND('',#892,.T.);
#57=FACE_BOUND('',#893,.T.);
#58=FACE_BOUND('',#894,.T.);
#59=FACE_BOUND('',#895,.T.);
#60=FACE_BOUND('',#896,.T.);
#61=FACE_BOUND('',#897,.T.);
#62=FACE_BOUND('',#898,.T.);
#63=FACE_BOUND('',#899,.T.);
#64=FACE_BOUND('',#900,.T.);
#65=FACE_BOUND('',#901,.T.);
#66=FACE_BOUND('',#902,.T.);
#67=FACE_BOUND('',#903,.T.);
#68=FACE_BOUND('',#904,.T.);
#69=FACE_BOUND('',#905,.T.);
#70=FACE_BOUND('',#986,.T.);
#71=FACE_BOUND('',#987,.T.);
#72=FACE_BOUND('',#988,.T.);
#73=FACE_BOUND('',#989,.T.);
#74=FACE_BOUND('',#990,.T.);
#75=FACE_BOUND('',#991,.T.);
#76=FACE_BOUND('',#992,.T.);
#77=FACE_BOUND('',#993,.T.);
#78=FACE_BOUND('',#994,.T.);
#79=FACE_BOUND('',#995,.T.);
#80=FACE_BOUND('',#996,.T.);
#81=FACE_BOUND('',#997,.T.);
#82=FACE_BOUND('',#1000,.T.);
#83=FACE_BOUND('',#1001,.T.);
#84=FACE_BOUND('',#1003,.T.);
#85=FACE_BOUND('',#1004,.T.);
#86=PLANE('',#6489);
#87=PLANE('',#6490);
#88=PLANE('',#6491);
#89=PLANE('',#6492);
#90=PLANE('',#6493);
#91=PLANE('',#6494);
#92=PLANE('',#6495);
#93=PLANE('',#6496);
#94=PLANE('',#6497);
#95=PLANE('',#6498);
#96=PLANE('',#6499);
#97=PLANE('',#6500);
#98=PLANE('',#6501);
#99=PLANE('',#6502);
#100=PLANE('',#6503);
#101=PLANE('',#6504);
#102=PLANE('',#6505);
#103=PLANE('',#6506);
#104=PLANE('',#6507);
#105=PLANE('',#6508);
#106=PLANE('',#6509);
#107=PLANE('',#6510);
#108=PLANE('',#6511);
#109=PLANE('',#6512);
#110=PLANE('',#6513);
#111=PLANE('',#6514);
#112=PLANE('',#6515);
#113=PLANE('',#6516);
#114=PLANE('',#6517);
#115=PLANE('',#6518);
#116=PLANE('',#6519);
#117=PLANE('',#6520);
#118=PLANE('',#6521);
#119=PLANE('',#6522);
#120=PLANE('',#6523);
#121=PLANE('',#6524);
#122=PLANE('',#6525);
#123=PLANE('',#6526);
#124=PLANE('',#6527);
#125=PLANE('',#6528);
#126=PLANE('',#6529);
#127=PLANE('',#6530);
#128=PLANE('',#6531);
#129=PLANE('',#6532);
#130=PLANE('',#6533);
#131=PLANE('',#6534);
#132=PLANE('',#6535);
#133=PLANE('',#6536);
#134=PLANE('',#6537);
#135=PLANE('',#6538);
#136=PLANE('',#6539);
#137=PLANE('',#6540);
#138=PLANE('',#6541);
#139=PLANE('',#6542);
#140=PLANE('',#6543);
#141=PLANE('',#6544);
#142=PLANE('',#6545);
#143=PLANE('',#6546);
#144=PLANE('',#6547);
#145=PLANE('',#6548);
#146=PLANE('',#6549);
#147=PLANE('',#6550);
#148=PLANE('',#6551);
#149=PLANE('',#6552);
#150=PLANE('',#6553);
#151=PLANE('',#6554);
#152=PLANE('',#6555);
#153=PLANE('',#6556);
#154=PLANE('',#6557);
#155=PLANE('',#6558);
#156=PLANE('',#6559);
#157=PLANE('',#6560);
#158=PLANE('',#6561);
#159=PLANE('',#6562);
#160=PLANE('',#6563);
#161=PLANE('',#6564);
#162=PLANE('',#6565);
#163=PLANE('',#6566);
#164=PLANE('',#6567);
#165=PLANE('',#6568);
#166=PLANE('',#6569);
#167=PLANE('',#6570);
#168=PLANE('',#6571);
#169=PLANE('',#6572);
#170=PLANE('',#6573);
#171=PLANE('',#6574);
#172=PLANE('',#6575);
#173=PLANE('',#6576);
#174=PLANE('',#6577);
#175=PLANE('',#6578);
#176=PLANE('',#6579);
#177=PLANE('',#6580);
#178=PLANE('',#6581);
#179=PLANE('',#6582);
#180=PLANE('',#6583);
#181=PLANE('',#6584);
#182=PLANE('',#6585);
#183=PLANE('',#6586);
#184=PLANE('',#6587);
#185=PLANE('',#6588);
#186=PLANE('',#6589);
#187=PLANE('',#6590);
#188=PLANE('',#6591);
#189=PLANE('',#6592);
#190=PLANE('',#6593);
#191=PLANE('',#6594);
#192=PLANE('',#6595);
#193=PLANE('',#6596);
#194=PLANE('',#6597);
#195=PLANE('',#6598);
#196=PLANE('',#6599);
#197=PLANE('',#6600);
#198=PLANE('',#6601);
#199=PLANE('',#6602);
#200=PLANE('',#6603);
#201=PLANE('',#6604);
#202=PLANE('',#6605);
#203=PLANE('',#6606);
#204=PLANE('',#6607);
#205=PLANE('',#6608);
#206=PLANE('',#6609);
#207=PLANE('',#6610);
#208=PLANE('',#6611);
#209=PLANE('',#6612);
#210=PLANE('',#6613);
#211=PLANE('',#6614);
#212=PLANE('',#6615);
#213=PLANE('',#6616);
#214=PLANE('',#6617);
#215=PLANE('',#6618);
#216=PLANE('',#6619);
#217=PLANE('',#6620);
#218=PLANE('',#6621);
#219=PLANE('',#6622);
#220=PLANE('',#6623);
#221=PLANE('',#6624);
#222=PLANE('',#6625);
#223=PLANE('',#6626);
#224=PLANE('',#6627);
#225=PLANE('',#6628);
#226=PLANE('',#6629);
#227=PLANE('',#6630);
#228=PLANE('',#6631);
#229=PLANE('',#6632);
#230=PLANE('',#6633);
#231=PLANE('',#6634);
#232=PLANE('',#6635);
#233=PLANE('',#6636);
#234=PLANE('',#6637);
#235=PLANE('',#6638);
#236=PLANE('',#6639);
#237=PLANE('',#6640);
#238=PLANE('',#6641);
#239=PLANE('',#6642);
#240=PLANE('',#6643);
#241=PLANE('',#6644);
#242=PLANE('',#6645);
#243=PLANE('',#6646);
#244=PLANE('',#6647);
#245=PLANE('',#6648);
#246=PLANE('',#6649);
#247=PLANE('',#6650);
#248=PLANE('',#6651);
#249=PLANE('',#6652);
#250=PLANE('',#6653);
#251=PLANE('',#6654);
#252=PLANE('',#6655);
#253=PLANE('',#6656);
#254=PLANE('',#6657);
#255=PLANE('',#6658);
#256=PLANE('',#6659);
#257=PLANE('',#6660);
#258=PLANE('',#6661);
#259=PLANE('',#6662);
#260=PLANE('',#6663);
#261=PLANE('',#6664);
#262=PLANE('',#6665);
#263=PLANE('',#6666);
#264=PLANE('',#6667);
#265=PLANE('',#6668);
#266=PLANE('',#6669);
#267=PLANE('',#6670);
#268=PLANE('',#6671);
#269=PLANE('',#6672);
#270=PLANE('',#6673);
#271=PLANE('',#6674);
#272=PLANE('',#6675);
#273=PLANE('',#6676);
#274=PLANE('',#6677);
#275=PLANE('',#6678);
#276=PLANE('',#6679);
#277=PLANE('',#6680);
#278=PLANE('',#6681);
#279=FACE_OUTER_BOUND('',#617,.T.);
#280=FACE_OUTER_BOUND('',#618,.T.);
#281=FACE_OUTER_BOUND('',#619,.T.);
#282=FACE_OUTER_BOUND('',#620,.T.);
#283=FACE_OUTER_BOUND('',#621,.T.);
#284=FACE_OUTER_BOUND('',#622,.T.);
#285=FACE_OUTER_BOUND('',#623,.T.);
#286=FACE_OUTER_BOUND('',#624,.T.);
#287=FACE_OUTER_BOUND('',#625,.T.);
#288=FACE_OUTER_BOUND('',#626,.T.);
#289=FACE_OUTER_BOUND('',#627,.T.);
#290=FACE_OUTER_BOUND('',#628,.T.);
#291=FACE_OUTER_BOUND('',#629,.T.);
#292=FACE_OUTER_BOUND('',#630,.T.);
#293=FACE_OUTER_BOUND('',#631,.T.);
#294=FACE_OUTER_BOUND('',#632,.T.);
#295=FACE_OUTER_BOUND('',#633,.T.);
#296=FACE_OUTER_BOUND('',#634,.T.);
#297=FACE_OUTER_BOUND('',#635,.T.);
#298=FACE_OUTER_BOUND('',#636,.T.);
#299=FACE_OUTER_BOUND('',#637,.T.);
#300=FACE_OUTER_BOUND('',#638,.T.);
#301=FACE_OUTER_BOUND('',#640,.T.);
#302=FACE_OUTER_BOUND('',#641,.T.);
#303=FACE_OUTER_BOUND('',#642,.T.);
#304=FACE_OUTER_BOUND('',#643,.T.);
#305=FACE_OUTER_BOUND('',#644,.T.);
#306=FACE_OUTER_BOUND('',#645,.T.);
#307=FACE_OUTER_BOUND('',#646,.T.);
#308=FACE_OUTER_BOUND('',#647,.T.);
#309=FACE_OUTER_BOUND('',#648,.T.);
#310=FACE_OUTER_BOUND('',#649,.T.);
#311=FACE_OUTER_BOUND('',#650,.T.);
#312=FACE_OUTER_BOUND('',#651,.T.);
#313=FACE_OUTER_BOUND('',#652,.T.);
#314=FACE_OUTER_BOUND('',#653,.T.);
#315=FACE_OUTER_BOUND('',#654,.T.);
#316=FACE_OUTER_BOUND('',#655,.T.);
#317=FACE_OUTER_BOUND('',#656,.T.);
#318=FACE_OUTER_BOUND('',#657,.T.);
#319=FACE_OUTER_BOUND('',#658,.T.);
#320=FACE_OUTER_BOUND('',#659,.T.);
#321=FACE_OUTER_BOUND('',#660,.T.);
#322=FACE_OUTER_BOUND('',#661,.T.);
#323=FACE_OUTER_BOUND('',#662,.T.);
#324=FACE_OUTER_BOUND('',#663,.T.);
#325=FACE_OUTER_BOUND('',#664,.T.);
#326=FACE_OUTER_BOUND('',#665,.T.);
#327=FACE_OUTER_BOUND('',#666,.T.);
#328=FACE_OUTER_BOUND('',#667,.T.);
#329=FACE_OUTER_BOUND('',#668,.T.);
#330=FACE_OUTER_BOUND('',#669,.T.);
#331=FACE_OUTER_BOUND('',#670,.T.);
#332=FACE_OUTER_BOUND('',#671,.T.);
#333=FACE_OUTER_BOUND('',#672,.T.);
#334=FACE_OUTER_BOUND('',#673,.T.);
#335=FACE_OUTER_BOUND('',#674,.T.);
#336=FACE_OUTER_BOUND('',#675,.T.);
#337=FACE_OUTER_BOUND('',#676,.T.);
#338=FACE_OUTER_BOUND('',#677,.T.);
#339=FACE_OUTER_BOUND('',#678,.T.);
#340=FACE_OUTER_BOUND('',#679,.T.);
#341=FACE_OUTER_BOUND('',#681,.T.);
#342=FACE_OUTER_BOUND('',#682,.T.);
#343=FACE_OUTER_BOUND('',#683,.T.);
#344=FACE_OUTER_BOUND('',#684,.T.);
#345=FACE_OUTER_BOUND('',#685,.T.);
#346=FACE_OUTER_BOUND('',#686,.T.);
#347=FACE_OUTER_BOUND('',#687,.T.);
#348=FACE_OUTER_BOUND('',#688,.T.);
#349=FACE_OUTER_BOUND('',#689,.T.);
#350=FACE_OUTER_BOUND('',#690,.T.);
#351=FACE_OUTER_BOUND('',#691,.T.);
#352=FACE_OUTER_BOUND('',#692,.T.);
#353=FACE_OUTER_BOUND('',#693,.T.);
#354=FACE_OUTER_BOUND('',#694,.T.);
#355=FACE_OUTER_BOUND('',#695,.T.);
#356=FACE_OUTER_BOUND('',#696,.T.);
#357=FACE_OUTER_BOUND('',#697,.T.);
#358=FACE_OUTER_BOUND('',#698,.T.);
#359=FACE_OUTER_BOUND('',#699,.T.);
#360=FACE_OUTER_BOUND('',#700,.T.);
#361=FACE_OUTER_BOUND('',#701,.T.);
#362=FACE_OUTER_BOUND('',#702,.T.);
#363=FACE_OUTER_BOUND('',#703,.T.);
#364=FACE_OUTER_BOUND('',#704,.T.);
#365=FACE_OUTER_BOUND('',#705,.T.);
#366=FACE_OUTER_BOUND('',#706,.T.);
#367=FACE_OUTER_BOUND('',#707,.T.);
#368=FACE_OUTER_BOUND('',#708,.T.);
#369=FACE_OUTER_BOUND('',#709,.T.);
#370=FACE_OUTER_BOUND('',#710,.T.);
#371=FACE_OUTER_BOUND('',#711,.T.);
#372=FACE_OUTER_BOUND('',#712,.T.);
#373=FACE_OUTER_BOUND('',#713,.T.);
#374=FACE_OUTER_BOUND('',#714,.T.);
#375=FACE_OUTER_BOUND('',#715,.T.);
#376=FACE_OUTER_BOUND('',#716,.T.);
#377=FACE_OUTER_BOUND('',#717,.T.);
#378=FACE_OUTER_BOUND('',#718,.T.);
#379=FACE_OUTER_BOUND('',#719,.T.);
#380=FACE_OUTER_BOUND('',#720,.T.);
#381=FACE_OUTER_BOUND('',#721,.T.);
#382=FACE_OUTER_BOUND('',#722,.T.);
#383=FACE_OUTER_BOUND('',#723,.T.);
#384=FACE_OUTER_BOUND('',#724,.T.);
#385=FACE_OUTER_BOUND('',#725,.T.);
#386=FACE_OUTER_BOUND('',#727,.T.);
#387=FACE_OUTER_BOUND('',#728,.T.);
#388=FACE_OUTER_BOUND('',#729,.T.);
#389=FACE_OUTER_BOUND('',#730,.T.);
#390=FACE_OUTER_BOUND('',#731,.T.);
#391=FACE_OUTER_BOUND('',#732,.T.);
#392=FACE_OUTER_BOUND('',#733,.T.);
#393=FACE_OUTER_BOUND('',#734,.T.);
#394=FACE_OUTER_BOUND('',#735,.T.);
#395=FACE_OUTER_BOUND('',#736,.T.);
#396=FACE_OUTER_BOUND('',#737,.T.);
#397=FACE_OUTER_BOUND('',#738,.T.);
#398=FACE_OUTER_BOUND('',#739,.T.);
#399=FACE_OUTER_BOUND('',#740,.T.);
#400=FACE_OUTER_BOUND('',#741,.T.);
#401=FACE_OUTER_BOUND('',#742,.T.);
#402=FACE_OUTER_BOUND('',#743,.T.);
#403=FACE_OUTER_BOUND('',#744,.T.);
#404=FACE_OUTER_BOUND('',#745,.T.);
#405=FACE_OUTER_BOUND('',#746,.T.);
#406=FACE_OUTER_BOUND('',#747,.T.);
#407=FACE_OUTER_BOUND('',#748,.T.);
#408=FACE_OUTER_BOUND('',#749,.T.);
#409=FACE_OUTER_BOUND('',#750,.T.);
#410=FACE_OUTER_BOUND('',#751,.T.);
#411=FACE_OUTER_BOUND('',#752,.T.);
#412=FACE_OUTER_BOUND('',#753,.T.);
#413=FACE_OUTER_BOUND('',#754,.T.);
#414=FACE_OUTER_BOUND('',#755,.T.);
#415=FACE_OUTER_BOUND('',#756,.T.);
#416=FACE_OUTER_BOUND('',#757,.T.);
#417=FACE_OUTER_BOUND('',#758,.T.);
#418=FACE_OUTER_BOUND('',#759,.T.);
#419=FACE_OUTER_BOUND('',#760,.T.);
#420=FACE_OUTER_BOUND('',#761,.T.);
#421=FACE_OUTER_BOUND('',#762,.T.);
#422=FACE_OUTER_BOUND('',#763,.T.);
#423=FACE_OUTER_BOUND('',#764,.T.);
#424=FACE_OUTER_BOUND('',#765,.T.);
#425=FACE_OUTER_BOUND('',#766,.T.);
#426=FACE_OUTER_BOUND('',#767,.T.);
#427=FACE_OUTER_BOUND('',#768,.T.);
#428=FACE_OUTER_BOUND('',#769,.T.);
#429=FACE_OUTER_BOUND('',#770,.T.);
#430=FACE_OUTER_BOUND('',#771,.T.);
#431=FACE_OUTER_BOUND('',#772,.T.);
#432=FACE_OUTER_BOUND('',#773,.T.);
#433=FACE_OUTER_BOUND('',#774,.T.);
#434=FACE_OUTER_BOUND('',#775,.T.);
#435=FACE_OUTER_BOUND('',#776,.T.);
#436=FACE_OUTER_BOUND('',#777,.T.);
#437=FACE_OUTER_BOUND('',#778,.T.);
#438=FACE_OUTER_BOUND('',#779,.T.);
#439=FACE_OUTER_BOUND('',#780,.T.);
#440=FACE_OUTER_BOUND('',#781,.T.);
#441=FACE_OUTER_BOUND('',#783,.T.);
#442=FACE_OUTER_BOUND('',#784,.T.);
#443=FACE_OUTER_BOUND('',#785,.T.);
#444=FACE_OUTER_BOUND('',#786,.T.);
#445=FACE_OUTER_BOUND('',#787,.T.);
#446=FACE_OUTER_BOUND('',#788,.T.);
#447=FACE_OUTER_BOUND('',#789,.T.);
#448=FACE_OUTER_BOUND('',#790,.T.);
#449=FACE_OUTER_BOUND('',#791,.T.);
#450=FACE_OUTER_BOUND('',#792,.T.);
#451=FACE_OUTER_BOUND('',#793,.T.);
#452=FACE_OUTER_BOUND('',#794,.T.);
#453=FACE_OUTER_BOUND('',#795,.T.);
#454=FACE_OUTER_BOUND('',#796,.T.);
#455=FACE_OUTER_BOUND('',#797,.T.);
#456=FACE_OUTER_BOUND('',#798,.T.);
#457=FACE_OUTER_BOUND('',#799,.T.);
#458=FACE_OUTER_BOUND('',#800,.T.);
#459=FACE_OUTER_BOUND('',#801,.T.);
#460=FACE_OUTER_BOUND('',#802,.T.);
#461=FACE_OUTER_BOUND('',#803,.T.);
#462=FACE_OUTER_BOUND('',#804,.T.);
#463=FACE_OUTER_BOUND('',#805,.T.);
#464=FACE_OUTER_BOUND('',#806,.T.);
#465=FACE_OUTER_BOUND('',#807,.T.);
#466=FACE_OUTER_BOUND('',#808,.T.);
#467=FACE_OUTER_BOUND('',#809,.T.);
#468=FACE_OUTER_BOUND('',#810,.T.);
#469=FACE_OUTER_BOUND('',#811,.T.);
#470=FACE_OUTER_BOUND('',#812,.T.);
#471=FACE_OUTER_BOUND('',#813,.T.);
#472=FACE_OUTER_BOUND('',#814,.T.);
#473=FACE_OUTER_BOUND('',#815,.T.);
#474=FACE_OUTER_BOUND('',#816,.T.);
#475=FACE_OUTER_BOUND('',#817,.T.);
#476=FACE_OUTER_BOUND('',#818,.T.);
#477=FACE_OUTER_BOUND('',#820,.T.);
#478=FACE_OUTER_BOUND('',#821,.T.);
#479=FACE_OUTER_BOUND('',#822,.T.);
#480=FACE_OUTER_BOUND('',#823,.T.);
#481=FACE_OUTER_BOUND('',#824,.T.);
#482=FACE_OUTER_BOUND('',#825,.T.);
#483=FACE_OUTER_BOUND('',#826,.T.);
#484=FACE_OUTER_BOUND('',#827,.T.);
#485=FACE_OUTER_BOUND('',#828,.T.);
#486=FACE_OUTER_BOUND('',#829,.T.);
#487=FACE_OUTER_BOUND('',#830,.T.);
#488=FACE_OUTER_BOUND('',#831,.T.);
#489=FACE_OUTER_BOUND('',#832,.T.);
#490=FACE_OUTER_BOUND('',#833,.T.);
#491=FACE_OUTER_BOUND('',#834,.T.);
#492=FACE_OUTER_BOUND('',#835,.T.);
#493=FACE_OUTER_BOUND('',#836,.T.);
#494=FACE_OUTER_BOUND('',#837,.T.);
#495=FACE_OUTER_BOUND('',#838,.T.);
#496=FACE_OUTER_BOUND('',#839,.T.);
#497=FACE_OUTER_BOUND('',#840,.T.);
#498=FACE_OUTER_BOUND('',#841,.T.);
#499=FACE_OUTER_BOUND('',#843,.T.);
#500=FACE_OUTER_BOUND('',#844,.T.);
#501=FACE_OUTER_BOUND('',#845,.T.);
#502=FACE_OUTER_BOUND('',#846,.T.);
#503=FACE_OUTER_BOUND('',#847,.T.);
#504=FACE_OUTER_BOUND('',#848,.T.);
#505=FACE_OUTER_BOUND('',#849,.T.);
#506=FACE_OUTER_BOUND('',#850,.T.);
#507=FACE_OUTER_BOUND('',#851,.T.);
#508=FACE_OUTER_BOUND('',#852,.T.);
#509=FACE_OUTER_BOUND('',#853,.T.);
#510=FACE_OUTER_BOUND('',#854,.T.);
#511=FACE_OUTER_BOUND('',#855,.T.);
#512=FACE_OUTER_BOUND('',#856,.T.);
#513=FACE_OUTER_BOUND('',#857,.T.);
#514=FACE_OUTER_BOUND('',#858,.T.);
#515=FACE_OUTER_BOUND('',#859,.T.);
#516=FACE_OUTER_BOUND('',#860,.T.);
#517=FACE_OUTER_BOUND('',#861,.T.);
#518=FACE_OUTER_BOUND('',#862,.T.);
#519=FACE_OUTER_BOUND('',#863,.T.);
#520=FACE_OUTER_BOUND('',#864,.T.);
#521=FACE_OUTER_BOUND('',#865,.T.);
#522=FACE_OUTER_BOUND('',#866,.T.);
#523=FACE_OUTER_BOUND('',#867,.T.);
#524=FACE_OUTER_BOUND('',#868,.T.);
#525=FACE_OUTER_BOUND('',#869,.T.);
#526=FACE_OUTER_BOUND('',#870,.T.);
#527=FACE_OUTER_BOUND('',#871,.T.);
#528=FACE_OUTER_BOUND('',#872,.T.);
#529=FACE_OUTER_BOUND('',#873,.T.);
#530=FACE_OUTER_BOUND('',#874,.T.);
#531=FACE_OUTER_BOUND('',#875,.T.);
#532=FACE_OUTER_BOUND('',#876,.T.);
#533=FACE_OUTER_BOUND('',#879,.T.);
#534=FACE_OUTER_BOUND('',#906,.T.);
#535=FACE_OUTER_BOUND('',#907,.T.);
#536=FACE_OUTER_BOUND('',#908,.T.);
#537=FACE_OUTER_BOUND('',#909,.T.);
#538=FACE_OUTER_BOUND('',#910,.T.);
#539=FACE_OUTER_BOUND('',#911,.T.);
#540=FACE_OUTER_BOUND('',#912,.T.);
#541=FACE_OUTER_BOUND('',#913,.T.);
#542=FACE_OUTER_BOUND('',#914,.T.);
#543=FACE_OUTER_BOUND('',#915,.T.);
#544=FACE_OUTER_BOUND('',#916,.T.);
#545=FACE_OUTER_BOUND('',#917,.T.);
#546=FACE_OUTER_BOUND('',#918,.T.);
#547=FACE_OUTER_BOUND('',#919,.T.);
#548=FACE_OUTER_BOUND('',#920,.T.);
#549=FACE_OUTER_BOUND('',#921,.T.);
#550=FACE_OUTER_BOUND('',#922,.T.);
#551=FACE_OUTER_BOUND('',#923,.T.);
#552=FACE_OUTER_BOUND('',#924,.T.);
#553=FACE_OUTER_BOUND('',#925,.T.);
#554=FACE_OUTER_BOUND('',#926,.T.);
#555=FACE_OUTER_BOUND('',#927,.T.);
#556=FACE_OUTER_BOUND('',#928,.T.);
#557=FACE_OUTER_BOUND('',#929,.T.);
#558=FACE_OUTER_BOUND('',#930,.T.);
#559=FACE_OUTER_BOUND('',#931,.T.);
#560=FACE_OUTER_BOUND('',#932,.T.);
#561=FACE_OUTER_BOUND('',#933,.T.);
#562=FACE_OUTER_BOUND('',#934,.T.);
#563=FACE_OUTER_BOUND('',#935,.T.);
#564=FACE_OUTER_BOUND('',#936,.T.);
#565=FACE_OUTER_BOUND('',#937,.T.);
#566=FACE_OUTER_BOUND('',#938,.T.);
#567=FACE_OUTER_BOUND('',#939,.T.);
#568=FACE_OUTER_BOUND('',#940,.T.);
#569=FACE_OUTER_BOUND('',#941,.T.);
#570=FACE_OUTER_BOUND('',#942,.T.);
#571=FACE_OUTER_BOUND('',#943,.T.);
#572=FACE_OUTER_BOUND('',#944,.T.);
#573=FACE_OUTER_BOUND('',#945,.T.);
#574=FACE_OUTER_BOUND('',#946,.T.);
#575=FACE_OUTER_BOUND('',#947,.T.);
#576=FACE_OUTER_BOUND('',#948,.T.);
#577=FACE_OUTER_BOUND('',#949,.T.);
#578=FACE_OUTER_BOUND('',#950,.T.);
#579=FACE_OUTER_BOUND('',#951,.T.);
#580=FACE_OUTER_BOUND('',#952,.T.);
#581=FACE_OUTER_BOUND('',#953,.T.);
#582=FACE_OUTER_BOUND('',#954,.T.);
#583=FACE_OUTER_BOUND('',#955,.T.);
#584=FACE_OUTER_BOUND('',#956,.T.);
#585=FACE_OUTER_BOUND('',#957,.T.);
#586=FACE_OUTER_BOUND('',#958,.T.);
#587=FACE_OUTER_BOUND('',#959,.T.);
#588=FACE_OUTER_BOUND('',#960,.T.);
#589=FACE_OUTER_BOUND('',#961,.T.);
#590=FACE_OUTER_BOUND('',#962,.T.);
#591=FACE_OUTER_BOUND('',#963,.T.);
#592=FACE_OUTER_BOUND('',#964,.T.);
#593=FACE_OUTER_BOUND('',#965,.T.);
#594=FACE_OUTER_BOUND('',#966,.T.);
#595=FACE_OUTER_BOUND('',#967,.T.);
#596=FACE_OUTER_BOUND('',#968,.T.);
#597=FACE_OUTER_BOUND('',#969,.T.);
#598=FACE_OUTER_BOUND('',#970,.T.);
#599=FACE_OUTER_BOUND('',#971,.T.);
#600=FACE_OUTER_BOUND('',#972,.T.);
#601=FACE_OUTER_BOUND('',#973,.T.);
#602=FACE_OUTER_BOUND('',#974,.T.);
#603=FACE_OUTER_BOUND('',#975,.T.);
#604=FACE_OUTER_BOUND('',#976,.T.);
#605=FACE_OUTER_BOUND('',#977,.T.);
#606=FACE_OUTER_BOUND('',#978,.T.);
#607=FACE_OUTER_BOUND('',#979,.T.);
#608=FACE_OUTER_BOUND('',#980,.T.);
#609=FACE_OUTER_BOUND('',#981,.T.);
#610=FACE_OUTER_BOUND('',#982,.T.);
#611=FACE_OUTER_BOUND('',#983,.T.);
#612=FACE_OUTER_BOUND('',#984,.T.);
#613=FACE_OUTER_BOUND('',#985,.T.);
#614=FACE_OUTER_BOUND('',#998,.T.);
#615=FACE_OUTER_BOUND('',#999,.T.);
#616=FACE_OUTER_BOUND('',#1002,.T.);
#617=EDGE_LOOP('',(#4123,#4124,#4125,#4126));
#618=EDGE_LOOP('',(#4127,#4128,#4129,#4130));
#619=EDGE_LOOP('',(#4131,#4132,#4133,#4134));
#620=EDGE_LOOP('',(#4135,#4136,#4137,#4138));
#621=EDGE_LOOP('',(#4139,#4140,#4141,#4142));
#622=EDGE_LOOP('',(#4143,#4144,#4145,#4146));
#623=EDGE_LOOP('',(#4147,#4148,#4149,#4150));
#624=EDGE_LOOP('',(#4151,#4152,#4153,#4154));
#625=EDGE_LOOP('',(#4155,#4156,#4157,#4158));
#626=EDGE_LOOP('',(#4159,#4160,#4161,#4162));
#627=EDGE_LOOP('',(#4163,#4164,#4165,#4166));
#628=EDGE_LOOP('',(#4167,#4168,#4169,#4170));
#629=EDGE_LOOP('',(#4171,#4172,#4173,#4174));
#630=EDGE_LOOP('',(#4175,#4176,#4177,#4178));
#631=EDGE_LOOP('',(#4179,#4180,#4181,#4182));
#632=EDGE_LOOP('',(#4183,#4184,#4185,#4186));
#633=EDGE_LOOP('',(#4187,#4188,#4189,#4190));
#634=EDGE_LOOP('',(#4191,#4192,#4193,#4194));
#635=EDGE_LOOP('',(#4195,#4196,#4197,#4198));
#636=EDGE_LOOP('',(#4199,#4200,#4201,#4202));
#637=EDGE_LOOP('',(#4203,#4204,#4205,#4206));
#638=EDGE_LOOP('',(#4207,#4208,#4209,#4210,#4211,#4212,#4213,#4214,#4215,
#4216,#4217,#4218,#4219,#4220));
#639=EDGE_LOOP('',(#4221,#4222,#4223,#4224,#4225,#4226,#4227));
#640=EDGE_LOOP('',(#4228,#4229,#4230,#4231));
#641=EDGE_LOOP('',(#4232,#4233,#4234,#4235));
#642=EDGE_LOOP('',(#4236,#4237,#4238,#4239));
#643=EDGE_LOOP('',(#4240,#4241,#4242,#4243));
#644=EDGE_LOOP('',(#4244,#4245,#4246,#4247));
#645=EDGE_LOOP('',(#4248,#4249,#4250,#4251));
#646=EDGE_LOOP('',(#4252,#4253,#4254,#4255));
#647=EDGE_LOOP('',(#4256,#4257,#4258,#4259));
#648=EDGE_LOOP('',(#4260,#4261,#4262,#4263));
#649=EDGE_LOOP('',(#4264,#4265,#4266,#4267));
#650=EDGE_LOOP('',(#4268,#4269,#4270,#4271));
#651=EDGE_LOOP('',(#4272,#4273,#4274,#4275));
#652=EDGE_LOOP('',(#4276,#4277,#4278,#4279));
#653=EDGE_LOOP('',(#4280,#4281,#4282,#4283));
#654=EDGE_LOOP('',(#4284,#4285,#4286,#4287));
#655=EDGE_LOOP('',(#4288,#4289,#4290,#4291));
#656=EDGE_LOOP('',(#4292,#4293,#4294,#4295));
#657=EDGE_LOOP('',(#4296,#4297,#4298,#4299,#4300,#4301,#4302,#4303,#4304,
#4305,#4306,#4307,#4308,#4309,#4310,#4311,#4312));
#658=EDGE_LOOP('',(#4313,#4314,#4315,#4316));
#659=EDGE_LOOP('',(#4317,#4318,#4319,#4320));
#660=EDGE_LOOP('',(#4321,#4322,#4323,#4324));
#661=EDGE_LOOP('',(#4325,#4326,#4327,#4328));
#662=EDGE_LOOP('',(#4329,#4330,#4331,#4332));
#663=EDGE_LOOP('',(#4333,#4334,#4335,#4336));
#664=EDGE_LOOP('',(#4337,#4338,#4339,#4340));
#665=EDGE_LOOP('',(#4341,#4342,#4343,#4344));
#666=EDGE_LOOP('',(#4345,#4346,#4347,#4348));
#667=EDGE_LOOP('',(#4349,#4350,#4351,#4352));
#668=EDGE_LOOP('',(#4353,#4354,#4355,#4356));
#669=EDGE_LOOP('',(#4357,#4358,#4359,#4360));
#670=EDGE_LOOP('',(#4361,#4362,#4363,#4364));
#671=EDGE_LOOP('',(#4365,#4366,#4367,#4368));
#672=EDGE_LOOP('',(#4369,#4370,#4371,#4372));
#673=EDGE_LOOP('',(#4373,#4374,#4375,#4376));
#674=EDGE_LOOP('',(#4377,#4378,#4379,#4380));
#675=EDGE_LOOP('',(#4381,#4382,#4383,#4384));
#676=EDGE_LOOP('',(#4385,#4386,#4387,#4388));
#677=EDGE_LOOP('',(#4389,#4390,#4391,#4392));
#678=EDGE_LOOP('',(#4393,#4394,#4395,#4396));
#679=EDGE_LOOP('',(#4397,#4398,#4399,#4400,#4401,#4402,#4403,#4404,#4405,
#4406,#4407,#4408,#4409,#4410,#4411));
#680=EDGE_LOOP('',(#4412,#4413,#4414,#4415,#4416,#4417));
#681=EDGE_LOOP('',(#4418,#4419,#4420,#4421));
#682=EDGE_LOOP('',(#4422,#4423,#4424,#4425));
#683=EDGE_LOOP('',(#4426,#4427,#4428,#4429));
#684=EDGE_LOOP('',(#4430,#4431,#4432,#4433));
#685=EDGE_LOOP('',(#4434,#4435,#4436,#4437));
#686=EDGE_LOOP('',(#4438,#4439,#4440,#4441));
#687=EDGE_LOOP('',(#4442,#4443,#4444,#4445));
#688=EDGE_LOOP('',(#4446,#4447,#4448,#4449,#4450,#4451,#4452));
#689=EDGE_LOOP('',(#4453,#4454,#4455,#4456));
#690=EDGE_LOOP('',(#4457,#4458,#4459,#4460));
#691=EDGE_LOOP('',(#4461,#4462,#4463,#4464));
#692=EDGE_LOOP('',(#4465,#4466,#4467,#4468));
#693=EDGE_LOOP('',(#4469,#4470,#4471,#4472));
#694=EDGE_LOOP('',(#4473,#4474,#4475,#4476));
#695=EDGE_LOOP('',(#4477,#4478,#4479,#4480));
#696=EDGE_LOOP('',(#4481,#4482,#4483,#4484));
#697=EDGE_LOOP('',(#4485,#4486,#4487,#4488));
#698=EDGE_LOOP('',(#4489,#4490,#4491,#4492));
#699=EDGE_LOOP('',(#4493,#4494,#4495,#4496));
#700=EDGE_LOOP('',(#4497,#4498,#4499,#4500));
#701=EDGE_LOOP('',(#4501,#4502,#4503,#4504));
#702=EDGE_LOOP('',(#4505,#4506,#4507,#4508));
#703=EDGE_LOOP('',(#4509,#4510,#4511,#4512));
#704=EDGE_LOOP('',(#4513,#4514,#4515,#4516));
#705=EDGE_LOOP('',(#4517,#4518,#4519,#4520));
#706=EDGE_LOOP('',(#4521,#4522,#4523,#4524,#4525,#4526,#4527,#4528,#4529,
#4530,#4531,#4532,#4533,#4534,#4535,#4536,#4537));
#707=EDGE_LOOP('',(#4538,#4539,#4540,#4541));
#708=EDGE_LOOP('',(#4542,#4543,#4544,#4545));
#709=EDGE_LOOP('',(#4546,#4547,#4548,#4549));
#710=EDGE_LOOP('',(#4550,#4551,#4552,#4553));
#711=EDGE_LOOP('',(#4554,#4555,#4556,#4557));
#712=EDGE_LOOP('',(#4558,#4559,#4560,#4561));
#713=EDGE_LOOP('',(#4562,#4563,#4564,#4565));
#714=EDGE_LOOP('',(#4566,#4567,#4568,#4569));
#715=EDGE_LOOP('',(#4570,#4571,#4572,#4573));
#716=EDGE_LOOP('',(#4574,#4575,#4576,#4577));
#717=EDGE_LOOP('',(#4578,#4579,#4580,#4581));
#718=EDGE_LOOP('',(#4582,#4583,#4584,#4585));
#719=EDGE_LOOP('',(#4586,#4587,#4588,#4589));
#720=EDGE_LOOP('',(#4590,#4591,#4592,#4593));
#721=EDGE_LOOP('',(#4594,#4595,#4596,#4597));
#722=EDGE_LOOP('',(#4598,#4599,#4600,#4601));
#723=EDGE_LOOP('',(#4602,#4603,#4604,#4605));
#724=EDGE_LOOP('',(#4606,#4607,#4608,#4609));
#725=EDGE_LOOP('',(#4610,#4611,#4612,#4613,#4614,#4615,#4616,#4617,#4618,
#4619,#4620));
#726=EDGE_LOOP('',(#4621,#4622,#4623,#4624,#4625,#4626,#4627));
#727=EDGE_LOOP('',(#4628,#4629,#4630,#4631));
#728=EDGE_LOOP('',(#4632,#4633,#4634,#4635));
#729=EDGE_LOOP('',(#4636,#4637,#4638,#4639));
#730=EDGE_LOOP('',(#4640,#4641,#4642,#4643));
#731=EDGE_LOOP('',(#4644,#4645,#4646,#4647));
#732=EDGE_LOOP('',(#4648,#4649,#4650,#4651));
#733=EDGE_LOOP('',(#4652,#4653,#4654,#4655));
#734=EDGE_LOOP('',(#4656,#4657,#4658,#4659));
#735=EDGE_LOOP('',(#4660,#4661,#4662,#4663));
#736=EDGE_LOOP('',(#4664,#4665,#4666,#4667));
#737=EDGE_LOOP('',(#4668,#4669,#4670,#4671));
#738=EDGE_LOOP('',(#4672,#4673,#4674,#4675,#4676,#4677,#4678,#4679,#4680,
#4681,#4682));
#739=EDGE_LOOP('',(#4683,#4684,#4685,#4686));
#740=EDGE_LOOP('',(#4687,#4688,#4689,#4690));
#741=EDGE_LOOP('',(#4691,#4692,#4693,#4694));
#742=EDGE_LOOP('',(#4695,#4696,#4697,#4698));
#743=EDGE_LOOP('',(#4699,#4700,#4701,#4702));
#744=EDGE_LOOP('',(#4703,#4704,#4705,#4706));
#745=EDGE_LOOP('',(#4707,#4708,#4709,#4710));
#746=EDGE_LOOP('',(#4711,#4712,#4713,#4714));
#747=EDGE_LOOP('',(#4715,#4716,#4717,#4718));
#748=EDGE_LOOP('',(#4719,#4720,#4721,#4722));
#749=EDGE_LOOP('',(#4723,#4724,#4725,#4726));
#750=EDGE_LOOP('',(#4727,#4728,#4729,#4730));
#751=EDGE_LOOP('',(#4731,#4732,#4733,#4734));
#752=EDGE_LOOP('',(#4735,#4736,#4737,#4738));
#753=EDGE_LOOP('',(#4739,#4740,#4741,#4742));
#754=EDGE_LOOP('',(#4743,#4744,#4745,#4746));
#755=EDGE_LOOP('',(#4747,#4748,#4749,#4750));
#756=EDGE_LOOP('',(#4751,#4752,#4753,#4754));
#757=EDGE_LOOP('',(#4755,#4756,#4757,#4758));
#758=EDGE_LOOP('',(#4759,#4760,#4761,#4762));
#759=EDGE_LOOP('',(#4763,#4764,#4765,#4766));
#760=EDGE_LOOP('',(#4767,#4768,#4769,#4770));
#761=EDGE_LOOP('',(#4771,#4772,#4773,#4774));
#762=EDGE_LOOP('',(#4775,#4776,#4777,#4778));
#763=EDGE_LOOP('',(#4779,#4780,#4781,#4782));
#764=EDGE_LOOP('',(#4783,#4784,#4785,#4786));
#765=EDGE_LOOP('',(#4787,#4788,#4789,#4790));
#766=EDGE_LOOP('',(#4791,#4792,#4793,#4794,#4795,#4796,#4797,#4798,#4799,
#4800,#4801,#4802,#4803,#4804,#4805,#4806,#4807,#4808,#4809,#4810,#4811,
#4812,#4813,#4814,#4815,#4816,#4817));
#767=EDGE_LOOP('',(#4818,#4819,#4820,#4821));
#768=EDGE_LOOP('',(#4822,#4823,#4824,#4825));
#769=EDGE_LOOP('',(#4826,#4827,#4828,#4829));
#770=EDGE_LOOP('',(#4830,#4831,#4832,#4833));
#771=EDGE_LOOP('',(#4834,#4835,#4836,#4837));
#772=EDGE_LOOP('',(#4838,#4839,#4840,#4841));
#773=EDGE_LOOP('',(#4842,#4843,#4844,#4845));
#774=EDGE_LOOP('',(#4846,#4847,#4848,#4849));
#775=EDGE_LOOP('',(#4850,#4851,#4852,#4853));
#776=EDGE_LOOP('',(#4854,#4855,#4856,#4857));
#777=EDGE_LOOP('',(#4858,#4859,#4860,#4861));
#778=EDGE_LOOP('',(#4862,#4863,#4864,#4865));
#779=EDGE_LOOP('',(#4866,#4867,#4868,#4869));
#780=EDGE_LOOP('',(#4870,#4871,#4872,#4873));
#781=EDGE_LOOP('',(#4874,#4875,#4876,#4877,#4878,#4879,#4880,#4881,#4882,
#4883,#4884));
#782=EDGE_LOOP('',(#4885,#4886,#4887));
#783=EDGE_LOOP('',(#4888,#4889,#4890,#4891));
#784=EDGE_LOOP('',(#4892,#4893,#4894,#4895));
#785=EDGE_LOOP('',(#4896,#4897,#4898,#4899));
#786=EDGE_LOOP('',(#4900,#4901,#4902,#4903));
#787=EDGE_LOOP('',(#4904,#4905,#4906,#4907));
#788=EDGE_LOOP('',(#4908,#4909,#4910,#4911));
#789=EDGE_LOOP('',(#4912,#4913,#4914,#4915));
#790=EDGE_LOOP('',(#4916,#4917,#4918,#4919));
#791=EDGE_LOOP('',(#4920,#4921,#4922,#4923));
#792=EDGE_LOOP('',(#4924,#4925,#4926,#4927));
#793=EDGE_LOOP('',(#4928,#4929,#4930,#4931));
#794=EDGE_LOOP('',(#4932,#4933,#4934,#4935));
#795=EDGE_LOOP('',(#4936,#4937,#4938,#4939));
#796=EDGE_LOOP('',(#4940,#4941,#4942,#4943));
#797=EDGE_LOOP('',(#4944,#4945,#4946,#4947));
#798=EDGE_LOOP('',(#4948,#4949,#4950,#4951));
#799=EDGE_LOOP('',(#4952,#4953,#4954,#4955));
#800=EDGE_LOOP('',(#4956,#4957,#4958,#4959));
#801=EDGE_LOOP('',(#4960,#4961,#4962,#4963));
#802=EDGE_LOOP('',(#4964,#4965,#4966,#4967));
#803=EDGE_LOOP('',(#4968,#4969,#4970,#4971,#4972,#4973,#4974,#4975,#4976,
#4977,#4978,#4979,#4980,#4981,#4982,#4983,#4984,#4985,#4986,#4987));
#804=EDGE_LOOP('',(#4988,#4989,#4990,#4991));
#805=EDGE_LOOP('',(#4992,#4993,#4994,#4995));
#806=EDGE_LOOP('',(#4996,#4997,#4998,#4999));
#807=EDGE_LOOP('',(#5000,#5001,#5002,#5003));
#808=EDGE_LOOP('',(#5004,#5005,#5006,#5007));
#809=EDGE_LOOP('',(#5008,#5009,#5010,#5011));
#810=EDGE_LOOP('',(#5012,#5013,#5014,#5015));
#811=EDGE_LOOP('',(#5016,#5017,#5018,#5019));
#812=EDGE_LOOP('',(#5020,#5021,#5022,#5023));
#813=EDGE_LOOP('',(#5024,#5025,#5026,#5027));
#814=EDGE_LOOP('',(#5028,#5029,#5030,#5031));
#815=EDGE_LOOP('',(#5032,#5033,#5034,#5035));
#816=EDGE_LOOP('',(#5036,#5037,#5038,#5039));
#817=EDGE_LOOP('',(#5040,#5041,#5042,#5043));
#818=EDGE_LOOP('',(#5044,#5045,#5046,#5047,#5048,#5049,#5050));
#819=EDGE_LOOP('',(#5051,#5052,#5053,#5054,#5055,#5056,#5057));
#820=EDGE_LOOP('',(#5058,#5059,#5060,#5061));
#821=EDGE_LOOP('',(#5062,#5063,#5064,#5065));
#822=EDGE_LOOP('',(#5066,#5067,#5068,#5069));
#823=EDGE_LOOP('',(#5070,#5071,#5072,#5073));
#824=EDGE_LOOP('',(#5074,#5075,#5076,#5077));
#825=EDGE_LOOP('',(#5078,#5079,#5080,#5081));
#826=EDGE_LOOP('',(#5082,#5083,#5084,#5085));
#827=EDGE_LOOP('',(#5086,#5087,#5088,#5089));
#828=EDGE_LOOP('',(#5090,#5091,#5092,#5093));
#829=EDGE_LOOP('',(#5094,#5095,#5096,#5097));
#830=EDGE_LOOP('',(#5098,#5099,#5100,#5101));
#831=EDGE_LOOP('',(#5102,#5103,#5104,#5105));
#832=EDGE_LOOP('',(#5106,#5107,#5108,#5109));
#833=EDGE_LOOP('',(#5110,#5111,#5112,#5113));
#834=EDGE_LOOP('',(#5114,#5115,#5116,#5117));
#835=EDGE_LOOP('',(#5118,#5119,#5120,#5121));
#836=EDGE_LOOP('',(#5122,#5123,#5124,#5125));
#837=EDGE_LOOP('',(#5126,#5127,#5128,#5129));
#838=EDGE_LOOP('',(#5130,#5131,#5132,#5133));
#839=EDGE_LOOP('',(#5134,#5135,#5136,#5137));
#840=EDGE_LOOP('',(#5138,#5139,#5140,#5141));
#841=EDGE_LOOP('',(#5142,#5143,#5144,#5145,#5146,#5147,#5148,#5149,#5150,
#5151,#5152,#5153,#5154,#5155,#5156));
#842=EDGE_LOOP('',(#5157,#5158,#5159,#5160,#5161,#5162));
#843=EDGE_LOOP('',(#5163,#5164,#5165,#5166));
#844=EDGE_LOOP('',(#5167,#5168,#5169,#5170));
#845=EDGE_LOOP('',(#5171,#5172,#5173,#5174));
#846=EDGE_LOOP('',(#5175,#5176,#5177,#5178));
#847=EDGE_LOOP('',(#5179,#5180,#5181,#5182));
#848=EDGE_LOOP('',(#5183,#5184,#5185,#5186));
#849=EDGE_LOOP('',(#5187,#5188,#5189,#5190));
#850=EDGE_LOOP('',(#5191,#5192,#5193,#5194));
#851=EDGE_LOOP('',(#5195,#5196,#5197,#5198));
#852=EDGE_LOOP('',(#5199,#5200,#5201,#5202));
#853=EDGE_LOOP('',(#5203,#5204,#5205,#5206));
#854=EDGE_LOOP('',(#5207,#5208,#5209,#5210,#5211,#5212,#5213,#5214,#5215,
#5216,#5217));
#855=EDGE_LOOP('',(#5218,#5219,#5220,#5221));
#856=EDGE_LOOP('',(#5222,#5223,#5224,#5225));
#857=EDGE_LOOP('',(#5226,#5227,#5228,#5229));
#858=EDGE_LOOP('',(#5230,#5231,#5232,#5233));
#859=EDGE_LOOP('',(#5234,#5235,#5236,#5237));
#860=EDGE_LOOP('',(#5238,#5239,#5240,#5241));
#861=EDGE_LOOP('',(#5242,#5243,#5244,#5245));
#862=EDGE_LOOP('',(#5246,#5247,#5248,#5249));
#863=EDGE_LOOP('',(#5250,#5251,#5252,#5253));
#864=EDGE_LOOP('',(#5254,#5255,#5256,#5257));
#865=EDGE_LOOP('',(#5258,#5259,#5260,#5261));
#866=EDGE_LOOP('',(#5262,#5263,#5264,#5265));
#867=EDGE_LOOP('',(#5266,#5267,#5268,#5269));
#868=EDGE_LOOP('',(#5270,#5271,#5272,#5273));
#869=EDGE_LOOP('',(#5274,#5275,#5276,#5277));
#870=EDGE_LOOP('',(#5278,#5279,#5280,#5281));
#871=EDGE_LOOP('',(#5282,#5283,#5284,#5285));
#872=EDGE_LOOP('',(#5286,#5287,#5288,#5289));
#873=EDGE_LOOP('',(#5290,#5291,#5292,#5293));
#874=EDGE_LOOP('',(#5294,#5295,#5296,#5297));
#875=EDGE_LOOP('',(#5298,#5299,#5300,#5301));
#876=EDGE_LOOP('',(#5302,#5303,#5304,#5305,#5306,#5307,#5308,#5309,#5310,
#5311,#5312));
#877=EDGE_LOOP('',(#5313,#5314,#5315,#5316,#5317));
#878=EDGE_LOOP('',(#5318,#5319,#5320,#5321,#5322));
#879=EDGE_LOOP('',(#5323,#5324,#5325,#5326));
#880=EDGE_LOOP('',(#5327,#5328,#5329,#5330,#5331,#5332,#5333,#5334,#5335,
#5336,#5337,#5338,#5339,#5340));
#881=EDGE_LOOP('',(#5341,#5342,#5343,#5344,#5345,#5346,#5347,#5348,#5349,
#5350,#5351,#5352,#5353,#5354,#5355,#5356,#5357));
#882=EDGE_LOOP('',(#5358,#5359,#5360,#5361,#5362,#5363,#5364,#5365,#5366,
#5367,#5368,#5369,#5370,#5371,#5372));
#883=EDGE_LOOP('',(#5373,#5374,#5375,#5376,#5377,#5378,#5379));
#884=EDGE_LOOP('',(#5380,#5381,#5382,#5383,#5384,#5385,#5386,#5387,#5388,
#5389,#5390,#5391,#5392,#5393,#5394,#5395,#5396));
#885=EDGE_LOOP('',(#5397,#5398,#5399,#5400,#5401,#5402,#5403,#5404,#5405,
#5406,#5407));
#886=EDGE_LOOP('',(#5408,#5409,#5410,#5411,#5412,#5413,#5414,#5415,#5416,
#5417,#5418));
#887=EDGE_LOOP('',(#5419,#5420,#5421,#5422,#5423,#5424,#5425,#5426,#5427,
#5428,#5429,#5430,#5431,#5432,#5433,#5434,#5435,#5436,#5437,#5438,#5439,
#5440,#5441,#5442,#5443,#5444,#5445));
#888=EDGE_LOOP('',(#5446,#5447,#5448,#5449,#5450,#5451,#5452,#5453,#5454,
#5455,#5456));
#889=EDGE_LOOP('',(#5457,#5458,#5459,#5460,#5461,#5462,#5463,#5464,#5465,
#5466,#5467,#5468,#5469,#5470,#5471,#5472,#5473,#5474,#5475,#5476));
#890=EDGE_LOOP('',(#5477,#5478,#5479,#5480,#5481,#5482,#5483));
#891=EDGE_LOOP('',(#5484,#5485,#5486,#5487,#5488,#5489,#5490,#5491,#5492,
#5493,#5494,#5495,#5496,#5497,#5498));
#892=EDGE_LOOP('',(#5499,#5500,#5501,#5502,#5503,#5504,#5505,#5506,#5507,
#5508,#5509));
#893=EDGE_LOOP('',(#5510,#5511,#5512,#5513,#5514,#5515,#5516,#5517,#5518,
#5519,#5520));
#894=EDGE_LOOP('',(#5521,#5522,#5523,#5524));
#895=EDGE_LOOP('',(#5525,#5526,#5527,#5528));
#896=EDGE_LOOP('',(#5529,#5530,#5531,#5532));
#897=EDGE_LOOP('',(#5533,#5534,#5535,#5536));
#898=EDGE_LOOP('',(#5537,#5538,#5539,#5540));
#899=EDGE_LOOP('',(#5541,#5542,#5543,#5544));
#900=EDGE_LOOP('',(#5545,#5546,#5547,#5548));
#901=EDGE_LOOP('',(#5549,#5550,#5551,#5552));
#902=EDGE_LOOP('',(#5553,#5554,#5555,#5556));
#903=EDGE_LOOP('',(#5557,#5558,#5559,#5560));
#904=EDGE_LOOP('',(#5561,#5562,#5563,#5564));
#905=EDGE_LOOP('',(#5565,#5566,#5567,#5568));
#906=EDGE_LOOP('',(#5569,#5570,#5571,#5572,#5573));
#907=EDGE_LOOP('',(#5574,#5575,#5576,#5577,#5578));
#908=EDGE_LOOP('',(#5579,#5580,#5581,#5582,#5583,#5584));
#909=EDGE_LOOP('',(#5585,#5586,#5587,#5588,#5589,#5590,#5591));
#910=EDGE_LOOP('',(#5592,#5593,#5594));
#911=EDGE_LOOP('',(#5595,#5596,#5597,#5598,#5599,#5600,#5601));
#912=EDGE_LOOP('',(#5602,#5603,#5604,#5605,#5606,#5607));
#913=EDGE_LOOP('',(#5608,#5609,#5610,#5611));
#914=EDGE_LOOP('',(#5612,#5613,#5614,#5615));
#915=EDGE_LOOP('',(#5616,#5617,#5618,#5619));
#916=EDGE_LOOP('',(#5620,#5621,#5622,#5623));
#917=EDGE_LOOP('',(#5624,#5625,#5626,#5627));
#918=EDGE_LOOP('',(#5628,#5629,#5630,#5631));
#919=EDGE_LOOP('',(#5632,#5633,#5634,#5635));
#920=EDGE_LOOP('',(#5636,#5637,#5638,#5639));
#921=EDGE_LOOP('',(#5640,#5641,#5642,#5643));
#922=EDGE_LOOP('',(#5644,#5645,#5646,#5647));
#923=EDGE_LOOP('',(#5648,#5649,#5650,#5651));
#924=EDGE_LOOP('',(#5652,#5653,#5654,#5655));
#925=EDGE_LOOP('',(#5656,#5657,#5658,#5659));
#926=EDGE_LOOP('',(#5660,#5661,#5662,#5663));
#927=EDGE_LOOP('',(#5664,#5665,#5666,#5667));
#928=EDGE_LOOP('',(#5668,#5669,#5670,#5671));
#929=EDGE_LOOP('',(#5672,#5673,#5674,#5675));
#930=EDGE_LOOP('',(#5676,#5677,#5678,#5679));
#931=EDGE_LOOP('',(#5680,#5681,#5682,#5683));
#932=EDGE_LOOP('',(#5684,#5685,#5686,#5687));
#933=EDGE_LOOP('',(#5688,#5689,#5690,#5691));
#934=EDGE_LOOP('',(#5692,#5693,#5694,#5695));
#935=EDGE_LOOP('',(#5696,#5697,#5698,#5699));
#936=EDGE_LOOP('',(#5700,#5701,#5702,#5703));
#937=EDGE_LOOP('',(#5704,#5705,#5706,#5707));
#938=EDGE_LOOP('',(#5708,#5709,#5710,#5711));
#939=EDGE_LOOP('',(#5712,#5713,#5714,#5715));
#940=EDGE_LOOP('',(#5716,#5717,#5718,#5719));
#941=EDGE_LOOP('',(#5720,#5721,#5722,#5723));
#942=EDGE_LOOP('',(#5724,#5725,#5726,#5727));
#943=EDGE_LOOP('',(#5728,#5729,#5730,#5731));
#944=EDGE_LOOP('',(#5732,#5733,#5734,#5735));
#945=EDGE_LOOP('',(#5736,#5737,#5738,#5739));
#946=EDGE_LOOP('',(#5740,#5741,#5742,#5743));
#947=EDGE_LOOP('',(#5744,#5745,#5746,#5747));
#948=EDGE_LOOP('',(#5748,#5749,#5750,#5751));
#949=EDGE_LOOP('',(#5752,#5753,#5754,#5755));
#950=EDGE_LOOP('',(#5756,#5757,#5758,#5759));
#951=EDGE_LOOP('',(#5760,#5761,#5762,#5763));
#952=EDGE_LOOP('',(#5764,#5765,#5766,#5767));
#953=EDGE_LOOP('',(#5768,#5769,#5770,#5771));
#954=EDGE_LOOP('',(#5772,#5773,#5774,#5775));
#955=EDGE_LOOP('',(#5776,#5777,#5778,#5779));
#956=EDGE_LOOP('',(#5780,#5781,#5782,#5783));
#957=EDGE_LOOP('',(#5784,#5785,#5786,#5787));
#958=EDGE_LOOP('',(#5788,#5789,#5790,#5791));
#959=EDGE_LOOP('',(#5792,#5793,#5794,#5795));
#960=EDGE_LOOP('',(#5796,#5797,#5798,#5799));
#961=EDGE_LOOP('',(#5800,#5801,#5802,#5803));
#962=EDGE_LOOP('',(#5804,#5805,#5806,#5807));
#963=EDGE_LOOP('',(#5808,#5809,#5810,#5811));
#964=EDGE_LOOP('',(#5812,#5813,#5814,#5815));
#965=EDGE_LOOP('',(#5816,#5817,#5818,#5819));
#966=EDGE_LOOP('',(#5820,#5821,#5822,#5823));
#967=EDGE_LOOP('',(#5824,#5825,#5826,#5827));
#968=EDGE_LOOP('',(#5828,#5829,#5830,#5831));
#969=EDGE_LOOP('',(#5832,#5833,#5834,#5835));
#970=EDGE_LOOP('',(#5836,#5837,#5838,#5839));
#971=EDGE_LOOP('',(#5840,#5841,#5842,#5843));
#972=EDGE_LOOP('',(#5844,#5845,#5846,#5847));
#973=EDGE_LOOP('',(#5848,#5849,#5850,#5851));
#974=EDGE_LOOP('',(#5852,#5853,#5854,#5855));
#975=EDGE_LOOP('',(#5856,#5857,#5858,#5859));
#976=EDGE_LOOP('',(#5860,#5861,#5862,#5863));
#977=EDGE_LOOP('',(#5864,#5865,#5866,#5867));
#978=EDGE_LOOP('',(#5868,#5869,#5870,#5871));
#979=EDGE_LOOP('',(#5872,#5873,#5874,#5875));
#980=EDGE_LOOP('',(#5876,#5877,#5878,#5879));
#981=EDGE_LOOP('',(#5880,#5881,#5882,#5883));
#982=EDGE_LOOP('',(#5884,#5885,#5886,#5887));
#983=EDGE_LOOP('',(#5888,#5889,#5890,#5891,#5892,#5893,#5894));
#984=EDGE_LOOP('',(#5895,#5896,#5897,#5898));
#985=EDGE_LOOP('',(#5899,#5900,#5901,#5902));
#986=EDGE_LOOP('',(#5903,#5904,#5905,#5906));
#987=EDGE_LOOP('',(#5907,#5908,#5909,#5910));
#988=EDGE_LOOP('',(#5911,#5912,#5913,#5914));
#989=EDGE_LOOP('',(#5915,#5916,#5917,#5918));
#990=EDGE_LOOP('',(#5919,#5920,#5921,#5922));
#991=EDGE_LOOP('',(#5923,#5924,#5925,#5926));
#992=EDGE_LOOP('',(#5927,#5928,#5929,#5930));
#993=EDGE_LOOP('',(#5931,#5932,#5933,#5934));
#994=EDGE_LOOP('',(#5935,#5936,#5937,#5938));
#995=EDGE_LOOP('',(#5939,#5940,#5941,#5942));
#996=EDGE_LOOP('',(#5943,#5944,#5945,#5946));
#997=EDGE_LOOP('',(#5947,#5948,#5949,#5950));
#998=EDGE_LOOP('',(#5951,#5952,#5953,#5954));
#999=EDGE_LOOP('',(#5955,#5956,#5957,#5958,#5959,#5960));
#1000=EDGE_LOOP('',(#5961,#5962,#5963,#5964));
#1001=EDGE_LOOP('',(#5965,#5966,#5967,#5968));
#1002=EDGE_LOOP('',(#5969,#5970,#5971,#5972,#5973,#5974));
#1003=EDGE_LOOP('',(#5975,#5976,#5977,#5978));
#1004=EDGE_LOOP('',(#5979,#5980,#5981,#5982));
#1005=LINE('',#7730,#1643);
#1006=LINE('',#7736,#1644);
#1007=LINE('',#7755,#1645);
#1008=LINE('',#7774,#1646);
#1009=LINE('',#7793,#1647);
#1010=LINE('',#7812,#1648);
#1011=LINE('',#7831,#1649);
#1012=LINE('',#7863,#1650);
#1013=LINE('',#7869,#1651);
#1014=LINE('',#7884,#1652);
#1015=LINE('',#7903,#1653);
#1016=LINE('',#7922,#1654);
#1017=LINE('',#7941,#1655);
#1018=LINE('',#7948,#1656);
#1019=LINE('',#7950,#1657);
#1020=LINE('',#7951,#1658);
#1021=LINE('',#7954,#1659);
#1022=LINE('',#7956,#1660);
#1023=LINE('',#7957,#1661);
#1024=LINE('',#7972,#1662);
#1025=LINE('',#7991,#1663);
#1026=LINE('',#8010,#1664);
#1027=LINE('',#8029,#1665);
#1028=LINE('',#8048,#1666);
#1029=LINE('',#8067,#1667);
#1030=LINE('',#8092,#1668);
#1031=LINE('',#8094,#1669);
#1032=LINE('',#8096,#1670);
#1033=LINE('',#8097,#1671);
#1034=LINE('',#8100,#1672);
#1035=LINE('',#8102,#1673);
#1036=LINE('',#8103,#1674);
#1037=LINE('',#8118,#1675);
#1038=LINE('',#8137,#1676);
#1039=LINE('',#8156,#1677);
#1040=LINE('',#8175,#1678);
#1041=LINE('',#8194,#1679);
#1042=LINE('',#8201,#1680);
#1043=LINE('',#8203,#1681);
#1044=LINE('',#8204,#1682);
#1045=LINE('',#8207,#1683);
#1046=LINE('',#8209,#1684);
#1047=LINE('',#8210,#1685);
#1048=LINE('',#8225,#1686);
#1049=LINE('',#8244,#1687);
#1050=LINE('',#8263,#1688);
#1051=LINE('',#8282,#1689);
#1052=LINE('',#8301,#1690);
#1053=LINE('',#8320,#1691);
#1054=LINE('',#8327,#1692);
#1055=LINE('',#8329,#1693);
#1056=LINE('',#8330,#1694);
#1057=LINE('',#8332,#1695);
#1058=LINE('',#8333,#1696);
#1059=LINE('',#8350,#1697);
#1060=LINE('',#8356,#1698);
#1061=LINE('',#8375,#1699);
#1062=LINE('',#8394,#1700);
#1063=LINE('',#8413,#1701);
#1064=LINE('',#8432,#1702);
#1065=LINE('',#8452,#1703);
#1066=LINE('',#8454,#1704);
#1067=LINE('',#8456,#1705);
#1068=LINE('',#8457,#1706);
#1069=LINE('',#8460,#1707);
#1070=LINE('',#8462,#1708);
#1071=LINE('',#8463,#1709);
#1072=LINE('',#8478,#1710);
#1073=LINE('',#8497,#1711);
#1074=LINE('',#8516,#1712);
#1075=LINE('',#8535,#1713);
#1076=LINE('',#8554,#1714);
#1077=LINE('',#8573,#1715);
#1078=LINE('',#8592,#1716);
#1079=LINE('',#8611,#1717);
#1080=LINE('',#8630,#1718);
#1081=LINE('',#8649,#1719);
#1082=LINE('',#8656,#1720);
#1083=LINE('',#8658,#1721);
#1084=LINE('',#8677,#1722);
#1085=LINE('',#8702,#1723);
#1086=LINE('',#8704,#1724);
#1087=LINE('',#8706,#1725);
#1088=LINE('',#8707,#1726);
#1089=LINE('',#8710,#1727);
#1090=LINE('',#8712,#1728);
#1091=LINE('',#8713,#1729);
#1092=LINE('',#8716,#1730);
#1093=LINE('',#8718,#1731);
#1094=LINE('',#8719,#1732);
#1095=LINE('',#8722,#1733);
#1096=LINE('',#8724,#1734);
#1097=LINE('',#8725,#1735);
#1098=LINE('',#8728,#1736);
#1099=LINE('',#8730,#1737);
#1100=LINE('',#8731,#1738);
#1101=LINE('',#8734,#1739);
#1102=LINE('',#8736,#1740);
#1103=LINE('',#8737,#1741);
#1104=LINE('',#8739,#1742);
#1105=LINE('',#8740,#1743);
#1106=LINE('',#8745,#1744);
#1107=LINE('',#8747,#1745);
#1108=LINE('',#8749,#1746);
#1109=LINE('',#8750,#1747);
#1110=LINE('',#8753,#1748);
#1111=LINE('',#8755,#1749);
#1112=LINE('',#8756,#1750);
#1113=LINE('',#8771,#1751);
#1114=LINE('',#8790,#1752);
#1115=LINE('',#8809,#1753);
#1116=LINE('',#8828,#1754);
#1117=LINE('',#8847,#1755);
#1118=LINE('',#8854,#1756);
#1119=LINE('',#8856,#1757);
#1120=LINE('',#8857,#1758);
#1121=LINE('',#8860,#1759);
#1122=LINE('',#8862,#1760);
#1123=LINE('',#8863,#1761);
#1124=LINE('',#8878,#1762);
#1125=LINE('',#8897,#1763);
#1126=LINE('',#8916,#1764);
#1127=LINE('',#8935,#1765);
#1128=LINE('',#8954,#1766);
#1129=LINE('',#8973,#1767);
#1130=LINE('',#8980,#1768);
#1131=LINE('',#8982,#1769);
#1132=LINE('',#8983,#1770);
#1133=LINE('',#8985,#1771);
#1134=LINE('',#8986,#1772);
#1135=LINE('',#9003,#1773);
#1136=LINE('',#9009,#1774);
#1137=LINE('',#9012,#1775);
#1138=LINE('',#9014,#1776);
#1139=LINE('',#9015,#1777);
#1140=LINE('',#9018,#1778);
#1141=LINE('',#9020,#1779);
#1142=LINE('',#9021,#1780);
#1143=LINE('',#9024,#1781);
#1144=LINE('',#9026,#1782);
#1145=LINE('',#9027,#1783);
#1146=LINE('',#9046,#1784);
#1147=LINE('',#9065,#1785);
#1148=LINE('',#9085,#1786);
#1149=LINE('',#9087,#1787);
#1150=LINE('',#9089,#1788);
#1151=LINE('',#9090,#1789);
#1152=LINE('',#9105,#1790);
#1153=LINE('',#9124,#1791);
#1154=LINE('',#9143,#1792);
#1155=LINE('',#9150,#1793);
#1156=LINE('',#9152,#1794);
#1157=LINE('',#9153,#1795);
#1158=LINE('',#9156,#1796);
#1159=LINE('',#9158,#1797);
#1160=LINE('',#9159,#1798);
#1161=LINE('',#9162,#1799);
#1162=LINE('',#9164,#1800);
#1163=LINE('',#9165,#1801);
#1164=LINE('',#9168,#1802);
#1165=LINE('',#9170,#1803);
#1166=LINE('',#9171,#1804);
#1167=LINE('',#9174,#1805);
#1168=LINE('',#9176,#1806);
#1169=LINE('',#9177,#1807);
#1170=LINE('',#9180,#1808);
#1171=LINE('',#9182,#1809);
#1172=LINE('',#9183,#1810);
#1173=LINE('',#9185,#1811);
#1174=LINE('',#9186,#1812);
#1175=LINE('',#9191,#1813);
#1176=LINE('',#9193,#1814);
#1177=LINE('',#9195,#1815);
#1178=LINE('',#9196,#1816);
#1179=LINE('',#9199,#1817);
#1180=LINE('',#9201,#1818);
#1181=LINE('',#9202,#1819);
#1182=LINE('',#9205,#1820);
#1183=LINE('',#9207,#1821);
#1184=LINE('',#9208,#1822);
#1185=LINE('',#9211,#1823);
#1186=LINE('',#9213,#1824);
#1187=LINE('',#9214,#1825);
#1188=LINE('',#9229,#1826);
#1189=LINE('',#9236,#1827);
#1190=LINE('',#9238,#1828);
#1191=LINE('',#9239,#1829);
#1192=LINE('',#9242,#1830);
#1193=LINE('',#9244,#1831);
#1194=LINE('',#9245,#1832);
#1195=LINE('',#9248,#1833);
#1196=LINE('',#9250,#1834);
#1197=LINE('',#9251,#1835);
#1198=LINE('',#9254,#1836);
#1199=LINE('',#9256,#1837);
#1200=LINE('',#9257,#1838);
#1201=LINE('',#9260,#1839);
#1202=LINE('',#9262,#1840);
#1203=LINE('',#9263,#1841);
#1204=LINE('',#9265,#1842);
#1205=LINE('',#9266,#1843);
#1206=LINE('',#9283,#1844);
#1207=LINE('',#9289,#1845);
#1208=LINE('',#9304,#1846);
#1209=LINE('',#9323,#1847);
#1210=LINE('',#9330,#1848);
#1211=LINE('',#9332,#1849);
#1212=LINE('',#9333,#1850);
#1213=LINE('',#9336,#1851);
#1214=LINE('',#9338,#1852);
#1215=LINE('',#9339,#1853);
#1216=LINE('',#9342,#1854);
#1217=LINE('',#9344,#1855);
#1218=LINE('',#9345,#1856);
#1219=LINE('',#9360,#1857);
#1220=LINE('',#9379,#1858);
#1221=LINE('',#9398,#1859);
#1222=LINE('',#9417,#1860);
#1223=LINE('',#9436,#1861);
#1224=LINE('',#9443,#1862);
#1225=LINE('',#9445,#1863);
#1226=LINE('',#9446,#1864);
#1227=LINE('',#9449,#1865);
#1228=LINE('',#9451,#1866);
#1229=LINE('',#9452,#1867);
#1230=LINE('',#9467,#1868);
#1231=LINE('',#9486,#1869);
#1232=LINE('',#9505,#1870);
#1233=LINE('',#9524,#1871);
#1234=LINE('',#9543,#1872);
#1235=LINE('',#9550,#1873);
#1236=LINE('',#9552,#1874);
#1237=LINE('',#9553,#1875);
#1238=LINE('',#9568,#1876);
#1239=LINE('',#9587,#1877);
#1240=LINE('',#9606,#1878);
#1241=LINE('',#9625,#1879);
#1242=LINE('',#9632,#1880);
#1243=LINE('',#9634,#1881);
#1244=LINE('',#9635,#1882);
#1245=LINE('',#9638,#1883);
#1246=LINE('',#9640,#1884);
#1247=LINE('',#9641,#1885);
#1248=LINE('',#9656,#1886);
#1249=LINE('',#9681,#1887);
#1250=LINE('',#9683,#1888);
#1251=LINE('',#9685,#1889);
#1252=LINE('',#9686,#1890);
#1253=LINE('',#9689,#1891);
#1254=LINE('',#9691,#1892);
#1255=LINE('',#9692,#1893);
#1256=LINE('',#9694,#1894);
#1257=LINE('',#9695,#1895);
#1258=LINE('',#9699,#1896);
#1259=LINE('',#9701,#1897);
#1260=LINE('',#9703,#1898);
#1261=LINE('',#9704,#1899);
#1262=LINE('',#9707,#1900);
#1263=LINE('',#9709,#1901);
#1264=LINE('',#9710,#1902);
#1265=LINE('',#9713,#1903);
#1266=LINE('',#9715,#1904);
#1267=LINE('',#9716,#1905);
#1268=LINE('',#9719,#1906);
#1269=LINE('',#9721,#1907);
#1270=LINE('',#9722,#1908);
#1271=LINE('',#9725,#1909);
#1272=LINE('',#9727,#1910);
#1273=LINE('',#9728,#1911);
#1274=LINE('',#9731,#1912);
#1275=LINE('',#9733,#1913);
#1276=LINE('',#9734,#1914);
#1277=LINE('',#9737,#1915);
#1278=LINE('',#9739,#1916);
#1279=LINE('',#9740,#1917);
#1280=LINE('',#9743,#1918);
#1281=LINE('',#9745,#1919);
#1282=LINE('',#9746,#1920);
#1283=LINE('',#9749,#1921);
#1284=LINE('',#9751,#1922);
#1285=LINE('',#9752,#1923);
#1286=LINE('',#9755,#1924);
#1287=LINE('',#9757,#1925);
#1288=LINE('',#9758,#1926);
#1289=LINE('',#9760,#1927);
#1290=LINE('',#9761,#1928);
#1291=LINE('',#9778,#1929);
#1292=LINE('',#9784,#1930);
#1293=LINE('',#9799,#1931);
#1294=LINE('',#9818,#1932);
#1295=LINE('',#9825,#1933);
#1296=LINE('',#9827,#1934);
#1297=LINE('',#9828,#1935);
#1298=LINE('',#9831,#1936);
#1299=LINE('',#9833,#1937);
#1300=LINE('',#9834,#1938);
#1301=LINE('',#9837,#1939);
#1302=LINE('',#9839,#1940);
#1303=LINE('',#9840,#1941);
#1304=LINE('',#9843,#1942);
#1305=LINE('',#9845,#1943);
#1306=LINE('',#9846,#1944);
#1307=LINE('',#9849,#1945);
#1308=LINE('',#9851,#1946);
#1309=LINE('',#9852,#1947);
#1310=LINE('',#9867,#1948);
#1311=LINE('',#9886,#1949);
#1312=LINE('',#9905,#1950);
#1313=LINE('',#9924,#1951);
#1314=LINE('',#9943,#1952);
#1315=LINE('',#9962,#1953);
#1316=LINE('',#9981,#1954);
#1317=LINE('',#9988,#1955);
#1318=LINE('',#9990,#1956);
#1319=LINE('',#9991,#1957);
#1320=LINE('',#9994,#1958);
#1321=LINE('',#9996,#1959);
#1322=LINE('',#9997,#1960);
#1323=LINE('',#10012,#1961);
#1324=LINE('',#10031,#1962);
#1325=LINE('',#10068,#1963);
#1326=LINE('',#10074,#1964);
#1327=LINE('',#10077,#1965);
#1328=LINE('',#10079,#1966);
#1329=LINE('',#10080,#1967);
#1330=LINE('',#10083,#1968);
#1331=LINE('',#10085,#1969);
#1332=LINE('',#10086,#1970);
#1333=LINE('',#10089,#1971);
#1334=LINE('',#10091,#1972);
#1335=LINE('',#10092,#1973);
#1336=LINE('',#10111,#1974);
#1337=LINE('',#10130,#1975);
#1338=LINE('',#10162,#1976);
#1339=LINE('',#10168,#1977);
#1340=LINE('',#10183,#1978);
#1341=LINE('',#10190,#1979);
#1342=LINE('',#10192,#1980);
#1343=LINE('',#10193,#1981);
#1344=LINE('',#10196,#1982);
#1345=LINE('',#10198,#1983);
#1346=LINE('',#10199,#1984);
#1347=LINE('',#10202,#1985);
#1348=LINE('',#10204,#1986);
#1349=LINE('',#10205,#1987);
#1350=LINE('',#10220,#1988);
#1351=LINE('',#10257,#1989);
#1352=LINE('',#10263,#1990);
#1353=LINE('',#10282,#1991);
#1354=LINE('',#10301,#1992);
#1355=LINE('',#10320,#1993);
#1356=LINE('',#10339,#1994);
#1357=LINE('',#10359,#1995);
#1358=LINE('',#10361,#1996);
#1359=LINE('',#10363,#1997);
#1360=LINE('',#10364,#1998);
#1361=LINE('',#10367,#1999);
#1362=LINE('',#10369,#2000);
#1363=LINE('',#10370,#2001);
#1364=LINE('',#10385,#2002);
#1365=LINE('',#10404,#2003);
#1366=LINE('',#10423,#2004);
#1367=LINE('',#10442,#2005);
#1368=LINE('',#10461,#2006);
#1369=LINE('',#10480,#2007);
#1370=LINE('',#10499,#2008);
#1371=LINE('',#10518,#2009);
#1372=LINE('',#10537,#2010);
#1373=LINE('',#10556,#2011);
#1374=LINE('',#10563,#2012);
#1375=LINE('',#10565,#2013);
#1376=LINE('',#10584,#2014);
#1377=LINE('',#10609,#2015);
#1378=LINE('',#10611,#2016);
#1379=LINE('',#10613,#2017);
#1380=LINE('',#10614,#2018);
#1381=LINE('',#10617,#2019);
#1382=LINE('',#10619,#2020);
#1383=LINE('',#10620,#2021);
#1384=LINE('',#10623,#2022);
#1385=LINE('',#10625,#2023);
#1386=LINE('',#10626,#2024);
#1387=LINE('',#10629,#2025);
#1388=LINE('',#10631,#2026);
#1389=LINE('',#10632,#2027);
#1390=LINE('',#10647,#2028);
#1391=LINE('',#10654,#2029);
#1392=LINE('',#10656,#2030);
#1393=LINE('',#10657,#2031);
#1394=LINE('',#10660,#2032);
#1395=LINE('',#10662,#2033);
#1396=LINE('',#10663,#2034);
#1397=LINE('',#10666,#2035);
#1398=LINE('',#10668,#2036);
#1399=LINE('',#10669,#2037);
#1400=LINE('',#10672,#2038);
#1401=LINE('',#10674,#2039);
#1402=LINE('',#10675,#2040);
#1403=LINE('',#10678,#2041);
#1404=LINE('',#10680,#2042);
#1405=LINE('',#10681,#2043);
#1406=LINE('',#10683,#2044);
#1407=LINE('',#10684,#2045);
#1408=LINE('',#10701,#2046);
#1409=LINE('',#10707,#2047);
#1410=LINE('',#10726,#2048);
#1411=LINE('',#10745,#2049);
#1412=LINE('',#10764,#2050);
#1413=LINE('',#10796,#2051);
#1414=LINE('',#10802,#2052);
#1415=LINE('',#10821,#2053);
#1416=LINE('',#10840,#2054);
#1417=LINE('',#10859,#2055);
#1418=LINE('',#10891,#2056);
#1419=LINE('',#10897,#2057);
#1420=LINE('',#10912,#2058);
#1421=LINE('',#10919,#2059);
#1422=LINE('',#10921,#2060);
#1423=LINE('',#10922,#2061);
#1424=LINE('',#10937,#2062);
#1425=LINE('',#10956,#2063);
#1426=LINE('',#10975,#2064);
#1427=LINE('',#10994,#2065);
#1428=LINE('',#11001,#2066);
#1429=LINE('',#11003,#2067);
#1430=LINE('',#11004,#2068);
#1431=LINE('',#11019,#2069);
#1432=LINE('',#11038,#2070);
#1433=LINE('',#11063,#2071);
#1434=LINE('',#11065,#2072);
#1435=LINE('',#11067,#2073);
#1436=LINE('',#11068,#2074);
#1437=LINE('',#11071,#2075);
#1438=LINE('',#11073,#2076);
#1439=LINE('',#11075,#2077);
#1440=LINE('',#11076,#2078);
#1441=LINE('',#11079,#2079);
#1442=LINE('',#11081,#2080);
#1443=LINE('',#11083,#2081);
#1444=LINE('',#11084,#2082);
#1445=LINE('',#11087,#2083);
#1446=LINE('',#11089,#2084);
#1447=LINE('',#11091,#2085);
#1448=LINE('',#11092,#2086);
#1449=LINE('',#11095,#2087);
#1450=LINE('',#11097,#2088);
#1451=LINE('',#11099,#2089);
#1452=LINE('',#11100,#2090);
#1453=LINE('',#11103,#2091);
#1454=LINE('',#11105,#2092);
#1455=LINE('',#11107,#2093);
#1456=LINE('',#11108,#2094);
#1457=LINE('',#11111,#2095);
#1458=LINE('',#11113,#2096);
#1459=LINE('',#11115,#2097);
#1460=LINE('',#11116,#2098);
#1461=LINE('',#11119,#2099);
#1462=LINE('',#11121,#2100);
#1463=LINE('',#11123,#2101);
#1464=LINE('',#11124,#2102);
#1465=LINE('',#11127,#2103);
#1466=LINE('',#11129,#2104);
#1467=LINE('',#11131,#2105);
#1468=LINE('',#11132,#2106);
#1469=LINE('',#11135,#2107);
#1470=LINE('',#11137,#2108);
#1471=LINE('',#11139,#2109);
#1472=LINE('',#11140,#2110);
#1473=LINE('',#11143,#2111);
#1474=LINE('',#11145,#2112);
#1475=LINE('',#11147,#2113);
#1476=LINE('',#11148,#2114);
#1477=LINE('',#11151,#2115);
#1478=LINE('',#11153,#2116);
#1479=LINE('',#11155,#2117);
#1480=LINE('',#11156,#2118);
#1481=LINE('',#11159,#2119);
#1482=LINE('',#11161,#2120);
#1483=LINE('',#11163,#2121);
#1484=LINE('',#11164,#2122);
#1485=LINE('',#11175,#2123);
#1486=LINE('',#11177,#2124);
#1487=LINE('',#11179,#2125);
#1488=LINE('',#11180,#2126);
#1489=LINE('',#11183,#2127);
#1490=LINE('',#11185,#2128);
#1491=LINE('',#11186,#2129);
#1492=LINE('',#11189,#2130);
#1493=LINE('',#11191,#2131);
#1494=LINE('',#11192,#2132);
#1495=LINE('',#11194,#2133);
#1496=LINE('',#11195,#2134);
#1497=LINE('',#11200,#2135);
#1498=LINE('',#11202,#2136);
#1499=LINE('',#11204,#2137);
#1500=LINE('',#11205,#2138);
#1501=LINE('',#11208,#2139);
#1502=LINE('',#11210,#2140);
#1503=LINE('',#11211,#2141);
#1504=LINE('',#11214,#2142);
#1505=LINE('',#11216,#2143);
#1506=LINE('',#11217,#2144);
#1507=LINE('',#11219,#2145);
#1508=LINE('',#11220,#2146);
#1509=LINE('',#11225,#2147);
#1510=LINE('',#11227,#2148);
#1511=LINE('',#11229,#2149);
#1512=LINE('',#11230,#2150);
#1513=LINE('',#11233,#2151);
#1514=LINE('',#11235,#2152);
#1515=LINE('',#11236,#2153);
#1516=LINE('',#11239,#2154);
#1517=LINE('',#11241,#2155);
#1518=LINE('',#11242,#2156);
#1519=LINE('',#11244,#2157);
#1520=LINE('',#11245,#2158);
#1521=LINE('',#11250,#2159);
#1522=LINE('',#11252,#2160);
#1523=LINE('',#11254,#2161);
#1524=LINE('',#11255,#2162);
#1525=LINE('',#11258,#2163);
#1526=LINE('',#11260,#2164);
#1527=LINE('',#11261,#2165);
#1528=LINE('',#11264,#2166);
#1529=LINE('',#11266,#2167);
#1530=LINE('',#11267,#2168);
#1531=LINE('',#11269,#2169);
#1532=LINE('',#11270,#2170);
#1533=LINE('',#11275,#2171);
#1534=LINE('',#11277,#2172);
#1535=LINE('',#11279,#2173);
#1536=LINE('',#11280,#2174);
#1537=LINE('',#11283,#2175);
#1538=LINE('',#11285,#2176);
#1539=LINE('',#11286,#2177);
#1540=LINE('',#11290,#2178);
#1541=LINE('',#11291,#2179);
#1542=LINE('',#11292,#2180);
#1543=LINE('',#11295,#2181);
#1544=LINE('',#11296,#2182);
#1545=LINE('',#11299,#2183);
#1546=LINE('',#11300,#2184);
#1547=LINE('',#11302,#2185);
#1548=LINE('',#11306,#2186);
#1549=LINE('',#11307,#2187);
#1550=LINE('',#11308,#2188);
#1551=LINE('',#11311,#2189);
#1552=LINE('',#11312,#2190);
#1553=LINE('',#11315,#2191);
#1554=LINE('',#11316,#2192);
#1555=LINE('',#11318,#2193);
#1556=LINE('',#11322,#2194);
#1557=LINE('',#11323,#2195);
#1558=LINE('',#11324,#2196);
#1559=LINE('',#11327,#2197);
#1560=LINE('',#11328,#2198);
#1561=LINE('',#11331,#2199);
#1562=LINE('',#11332,#2200);
#1563=LINE('',#11334,#2201);
#1564=LINE('',#11338,#2202);
#1565=LINE('',#11339,#2203);
#1566=LINE('',#11340,#2204);
#1567=LINE('',#11343,#2205);
#1568=LINE('',#11344,#2206);
#1569=LINE('',#11347,#2207);
#1570=LINE('',#11348,#2208);
#1571=LINE('',#11350,#2209);
#1572=LINE('',#11354,#2210);
#1573=LINE('',#11355,#2211);
#1574=LINE('',#11356,#2212);
#1575=LINE('',#11359,#2213);
#1576=LINE('',#11360,#2214);
#1577=LINE('',#11363,#2215);
#1578=LINE('',#11364,#2216);
#1579=LINE('',#11366,#2217);
#1580=LINE('',#11370,#2218);
#1581=LINE('',#11371,#2219);
#1582=LINE('',#11372,#2220);
#1583=LINE('',#11375,#2221);
#1584=LINE('',#11376,#2222);
#1585=LINE('',#11379,#2223);
#1586=LINE('',#11380,#2224);
#1587=LINE('',#11382,#2225);
#1588=LINE('',#11386,#2226);
#1589=LINE('',#11387,#2227);
#1590=LINE('',#11388,#2228);
#1591=LINE('',#11391,#2229);
#1592=LINE('',#11392,#2230);
#1593=LINE('',#11395,#2231);
#1594=LINE('',#11396,#2232);
#1595=LINE('',#11398,#2233);
#1596=LINE('',#11402,#2234);
#1597=LINE('',#11403,#2235);
#1598=LINE('',#11404,#2236);
#1599=LINE('',#11407,#2237);
#1600=LINE('',#11408,#2238);
#1601=LINE('',#11411,#2239);
#1602=LINE('',#11412,#2240);
#1603=LINE('',#11414,#2241);
#1604=LINE('',#11418,#2242);
#1605=LINE('',#11419,#2243);
#1606=LINE('',#11420,#2244);
#1607=LINE('',#11423,#2245);
#1608=LINE('',#11424,#2246);
#1609=LINE('',#11427,#2247);
#1610=LINE('',#11428,#2248);
#1611=LINE('',#11430,#2249);
#1612=LINE('',#11434,#2250);
#1613=LINE('',#11435,#2251);
#1614=LINE('',#11436,#2252);
#1615=LINE('',#11439,#2253);
#1616=LINE('',#11440,#2254);
#1617=LINE('',#11443,#2255);
#1618=LINE('',#11444,#2256);
#1619=LINE('',#11446,#2257);
#1620=LINE('',#11450,#2258);
#1621=LINE('',#11451,#2259);
#1622=LINE('',#11452,#2260);
#1623=LINE('',#11455,#2261);
#1624=LINE('',#11456,#2262);
#1625=LINE('',#11459,#2263);
#1626=LINE('',#11460,#2264);
#1627=LINE('',#11462,#2265);
#1628=LINE('',#11466,#2266);
#1629=LINE('',#11467,#2267);
#1630=LINE('',#11468,#2268);
#1631=LINE('',#11471,#2269);
#1632=LINE('',#11472,#2270);
#1633=LINE('',#11475,#2271);
#1634=LINE('',#11476,#2272);
#1635=LINE('',#11478,#2273);
#1636=LINE('',#11482,#2274);
#1637=LINE('',#11484,#2275);
#1638=LINE('',#11485,#2276);
#1639=LINE('',#11487,#2277);
#1640=LINE('',#11488,#2278);
#1641=LINE('',#11490,#2279);
#1642=LINE('',#11491,#2280);
#1643=VECTOR('',#6686,10.);
#1644=VECTOR('',#6687,10.);
#1645=VECTOR('',#6688,10.);
#1646=VECTOR('',#6689,10.);
#1647=VECTOR('',#6690,10.);
#1648=VECTOR('',#6691,10.);
#1649=VECTOR('',#6692,10.);
#1650=VECTOR('',#6693,10.);
#1651=VECTOR('',#6694,10.);
#1652=VECTOR('',#6695,10.);
#1653=VECTOR('',#6696,10.);
#1654=VECTOR('',#6697,10.);
#1655=VECTOR('',#6698,10.);
#1656=VECTOR('',#6701,10.);
#1657=VECTOR('',#6702,10.);
#1658=VECTOR('',#6703,10.);
#1659=VECTOR('',#6706,10.);
#1660=VECTOR('',#6707,10.);
#1661=VECTOR('',#6708,10.);
#1662=VECTOR('',#6709,10.);
#1663=VECTOR('',#6710,10.);
#1664=VECTOR('',#6711,10.);
#1665=VECTOR('',#6712,10.);
#1666=VECTOR('',#6713,10.);
#1667=VECTOR('',#6714,10.);
#1668=VECTOR('',#6719,10.);
#1669=VECTOR('',#6720,10.);
#1670=VECTOR('',#6721,10.);
#1671=VECTOR('',#6722,10.);
#1672=VECTOR('',#6725,10.);
#1673=VECTOR('',#6726,10.);
#1674=VECTOR('',#6727,10.);
#1675=VECTOR('',#6728,10.);
#1676=VECTOR('',#6729,10.);
#1677=VECTOR('',#6730,10.);
#1678=VECTOR('',#6731,10.);
#1679=VECTOR('',#6732,10.);
#1680=VECTOR('',#6735,10.);
#1681=VECTOR('',#6736,10.);
#1682=VECTOR('',#6737,10.);
#1683=VECTOR('',#6740,10.);
#1684=VECTOR('',#6741,10.);
#1685=VECTOR('',#6742,10.);
#1686=VECTOR('',#6743,10.);
#1687=VECTOR('',#6744,10.);
#1688=VECTOR('',#6745,10.);
#1689=VECTOR('',#6746,10.);
#1690=VECTOR('',#6747,10.);
#1691=VECTOR('',#6748,10.);
#1692=VECTOR('',#6751,10.);
#1693=VECTOR('',#6752,10.);
#1694=VECTOR('',#6753,10.);
#1695=VECTOR('',#6756,10.);
#1696=VECTOR('',#6757,10.);
#1697=VECTOR('',#6760,10.);
#1698=VECTOR('',#6761,10.);
#1699=VECTOR('',#6762,10.);
#1700=VECTOR('',#6763,10.);
#1701=VECTOR('',#6764,10.);
#1702=VECTOR('',#6765,10.);
#1703=VECTOR('',#6768,10.);
#1704=VECTOR('',#6769,10.);
#1705=VECTOR('',#6770,10.);
#1706=VECTOR('',#6771,10.);
#1707=VECTOR('',#6774,10.);
#1708=VECTOR('',#6775,10.);
#1709=VECTOR('',#6776,10.);
#1710=VECTOR('',#6777,10.);
#1711=VECTOR('',#6778,10.);
#1712=VECTOR('',#6779,10.);
#1713=VECTOR('',#6780,10.);
#1714=VECTOR('',#6781,10.);
#1715=VECTOR('',#6782,10.);
#1716=VECTOR('',#6783,10.);
#1717=VECTOR('',#6784,10.);
#1718=VECTOR('',#6785,10.);
#1719=VECTOR('',#6786,10.);
#1720=VECTOR('',#6789,10.);
#1721=VECTOR('',#6790,10.);
#1722=VECTOR('',#6791,10.);
#1723=VECTOR('',#6796,10.);
#1724=VECTOR('',#6797,10.);
#1725=VECTOR('',#6798,10.);
#1726=VECTOR('',#6799,10.);
#1727=VECTOR('',#6802,10.);
#1728=VECTOR('',#6803,10.);
#1729=VECTOR('',#6804,10.);
#1730=VECTOR('',#6807,10.);
#1731=VECTOR('',#6808,10.);
#1732=VECTOR('',#6809,10.);
#1733=VECTOR('',#6812,10.);
#1734=VECTOR('',#6813,10.);
#1735=VECTOR('',#6814,10.);
#1736=VECTOR('',#6817,10.);
#1737=VECTOR('',#6818,10.);
#1738=VECTOR('',#6819,10.);
#1739=VECTOR('',#6822,10.);
#1740=VECTOR('',#6823,10.);
#1741=VECTOR('',#6824,10.);
#1742=VECTOR('',#6827,10.);
#1743=VECTOR('',#6828,10.);
#1744=VECTOR('',#6833,10.);
#1745=VECTOR('',#6834,10.);
#1746=VECTOR('',#6835,10.);
#1747=VECTOR('',#6836,10.);
#1748=VECTOR('',#6839,10.);
#1749=VECTOR('',#6840,10.);
#1750=VECTOR('',#6841,10.);
#1751=VECTOR('',#6842,10.);
#1752=VECTOR('',#6843,10.);
#1753=VECTOR('',#6844,10.);
#1754=VECTOR('',#6845,10.);
#1755=VECTOR('',#6846,10.);
#1756=VECTOR('',#6849,10.);
#1757=VECTOR('',#6850,10.);
#1758=VECTOR('',#6851,10.);
#1759=VECTOR('',#6854,10.);
#1760=VECTOR('',#6855,10.);
#1761=VECTOR('',#6856,10.);
#1762=VECTOR('',#6857,10.);
#1763=VECTOR('',#6858,10.);
#1764=VECTOR('',#6859,10.);
#1765=VECTOR('',#6860,10.);
#1766=VECTOR('',#6861,10.);
#1767=VECTOR('',#6862,10.);
#1768=VECTOR('',#6865,10.);
#1769=VECTOR('',#6866,10.);
#1770=VECTOR('',#6867,10.);
#1771=VECTOR('',#6870,10.);
#1772=VECTOR('',#6871,10.);
#1773=VECTOR('',#6874,10.);
#1774=VECTOR('',#6875,10.);
#1775=VECTOR('',#6878,10.);
#1776=VECTOR('',#6879,10.);
#1777=VECTOR('',#6880,10.);
#1778=VECTOR('',#6883,10.);
#1779=VECTOR('',#6884,10.);
#1780=VECTOR('',#6885,10.);
#1781=VECTOR('',#6888,10.);
#1782=VECTOR('',#6889,10.);
#1783=VECTOR('',#6890,10.);
#1784=VECTOR('',#6891,10.);
#1785=VECTOR('',#6892,10.);
#1786=VECTOR('',#6895,10.);
#1787=VECTOR('',#6896,10.);
#1788=VECTOR('',#6897,10.);
#1789=VECTOR('',#6898,10.);
#1790=VECTOR('',#6899,10.);
#1791=VECTOR('',#6900,10.);
#1792=VECTOR('',#6901,10.);
#1793=VECTOR('',#6904,10.);
#1794=VECTOR('',#6905,10.);
#1795=VECTOR('',#6906,10.);
#1796=VECTOR('',#6909,10.);
#1797=VECTOR('',#6910,10.);
#1798=VECTOR('',#6911,10.);
#1799=VECTOR('',#6914,10.);
#1800=VECTOR('',#6915,10.);
#1801=VECTOR('',#6916,10.);
#1802=VECTOR('',#6919,10.);
#1803=VECTOR('',#6920,10.);
#1804=VECTOR('',#6921,10.);
#1805=VECTOR('',#6924,10.);
#1806=VECTOR('',#6925,10.);
#1807=VECTOR('',#6926,10.);
#1808=VECTOR('',#6929,10.);
#1809=VECTOR('',#6930,10.);
#1810=VECTOR('',#6931,10.);
#1811=VECTOR('',#6934,10.);
#1812=VECTOR('',#6935,10.);
#1813=VECTOR('',#6940,10.);
#1814=VECTOR('',#6941,10.);
#1815=VECTOR('',#6942,10.);
#1816=VECTOR('',#6943,10.);
#1817=VECTOR('',#6946,10.);
#1818=VECTOR('',#6947,10.);
#1819=VECTOR('',#6948,10.);
#1820=VECTOR('',#6951,10.);
#1821=VECTOR('',#6952,10.);
#1822=VECTOR('',#6953,10.);
#1823=VECTOR('',#6956,10.);
#1824=VECTOR('',#6957,10.);
#1825=VECTOR('',#6958,10.);
#1826=VECTOR('',#6959,10.);
#1827=VECTOR('',#6962,10.);
#1828=VECTOR('',#6963,10.);
#1829=VECTOR('',#6964,10.);
#1830=VECTOR('',#6967,10.);
#1831=VECTOR('',#6968,10.);
#1832=VECTOR('',#6969,10.);
#1833=VECTOR('',#6972,10.);
#1834=VECTOR('',#6973,10.);
#1835=VECTOR('',#6974,10.);
#1836=VECTOR('',#6977,10.);
#1837=VECTOR('',#6978,10.);
#1838=VECTOR('',#6979,10.);
#1839=VECTOR('',#6982,10.);
#1840=VECTOR('',#6983,10.);
#1841=VECTOR('',#6984,10.);
#1842=VECTOR('',#6987,10.);
#1843=VECTOR('',#6988,10.);
#1844=VECTOR('',#6991,10.);
#1845=VECTOR('',#6992,10.);
#1846=VECTOR('',#6993,10.);
#1847=VECTOR('',#6994,10.);
#1848=VECTOR('',#6997,10.);
#1849=VECTOR('',#6998,10.);
#1850=VECTOR('',#6999,10.);
#1851=VECTOR('',#7002,10.);
#1852=VECTOR('',#7003,10.);
#1853=VECTOR('',#7004,10.);
#1854=VECTOR('',#7007,10.);
#1855=VECTOR('',#7008,10.);
#1856=VECTOR('',#7009,10.);
#1857=VECTOR('',#7010,10.);
#1858=VECTOR('',#7011,10.);
#1859=VECTOR('',#7012,10.);
#1860=VECTOR('',#7013,10.);
#1861=VECTOR('',#7014,10.);
#1862=VECTOR('',#7017,10.);
#1863=VECTOR('',#7018,10.);
#1864=VECTOR('',#7019,10.);
#1865=VECTOR('',#7022,10.);
#1866=VECTOR('',#7023,10.);
#1867=VECTOR('',#7024,10.);
#1868=VECTOR('',#7025,10.);
#1869=VECTOR('',#7026,10.);
#1870=VECTOR('',#7027,10.);
#1871=VECTOR('',#7028,10.);
#1872=VECTOR('',#7029,10.);
#1873=VECTOR('',#7032,10.);
#1874=VECTOR('',#7033,10.);
#1875=VECTOR('',#7034,10.);
#1876=VECTOR('',#7035,10.);
#1877=VECTOR('',#7036,10.);
#1878=VECTOR('',#7037,10.);
#1879=VECTOR('',#7038,10.);
#1880=VECTOR('',#7041,10.);
#1881=VECTOR('',#7042,10.);
#1882=VECTOR('',#7043,10.);
#1883=VECTOR('',#7046,10.);
#1884=VECTOR('',#7047,10.);
#1885=VECTOR('',#7048,10.);
#1886=VECTOR('',#7049,10.);
#1887=VECTOR('',#7054,10.);
#1888=VECTOR('',#7055,10.);
#1889=VECTOR('',#7056,10.);
#1890=VECTOR('',#7057,10.);
#1891=VECTOR('',#7060,10.);
#1892=VECTOR('',#7061,10.);
#1893=VECTOR('',#7062,10.);
#1894=VECTOR('',#7065,10.);
#1895=VECTOR('',#7066,10.);
#1896=VECTOR('',#7069,10.);
#1897=VECTOR('',#7070,10.);
#1898=VECTOR('',#7071,10.);
#1899=VECTOR('',#7072,10.);
#1900=VECTOR('',#7075,10.);
#1901=VECTOR('',#7076,10.);
#1902=VECTOR('',#7077,10.);
#1903=VECTOR('',#7080,10.);
#1904=VECTOR('',#7081,10.);
#1905=VECTOR('',#7082,10.);
#1906=VECTOR('',#7085,10.);
#1907=VECTOR('',#7086,10.);
#1908=VECTOR('',#7087,10.);
#1909=VECTOR('',#7090,10.);
#1910=VECTOR('',#7091,10.);
#1911=VECTOR('',#7092,10.);
#1912=VECTOR('',#7095,10.);
#1913=VECTOR('',#7096,10.);
#1914=VECTOR('',#7097,10.);
#1915=VECTOR('',#7100,10.);
#1916=VECTOR('',#7101,10.);
#1917=VECTOR('',#7102,10.);
#1918=VECTOR('',#7105,10.);
#1919=VECTOR('',#7106,10.);
#1920=VECTOR('',#7107,10.);
#1921=VECTOR('',#7110,10.);
#1922=VECTOR('',#7111,10.);
#1923=VECTOR('',#7112,10.);
#1924=VECTOR('',#7115,10.);
#1925=VECTOR('',#7116,10.);
#1926=VECTOR('',#7117,10.);
#1927=VECTOR('',#7120,10.);
#1928=VECTOR('',#7121,10.);
#1929=VECTOR('',#7124,10.);
#1930=VECTOR('',#7125,10.);
#1931=VECTOR('',#7126,10.);
#1932=VECTOR('',#7127,10.);
#1933=VECTOR('',#7130,10.);
#1934=VECTOR('',#7131,10.);
#1935=VECTOR('',#7132,10.);
#1936=VECTOR('',#7135,10.);
#1937=VECTOR('',#7136,10.);
#1938=VECTOR('',#7137,10.);
#1939=VECTOR('',#7140,10.);
#1940=VECTOR('',#7141,10.);
#1941=VECTOR('',#7142,10.);
#1942=VECTOR('',#7145,10.);
#1943=VECTOR('',#7146,10.);
#1944=VECTOR('',#7147,10.);
#1945=VECTOR('',#7150,10.);
#1946=VECTOR('',#7151,10.);
#1947=VECTOR('',#7152,10.);
#1948=VECTOR('',#7153,10.);
#1949=VECTOR('',#7154,10.);
#1950=VECTOR('',#7155,10.);
#1951=VECTOR('',#7156,10.);
#1952=VECTOR('',#7157,10.);
#1953=VECTOR('',#7158,10.);
#1954=VECTOR('',#7159,10.);
#1955=VECTOR('',#7162,10.);
#1956=VECTOR('',#7163,10.);
#1957=VECTOR('',#7164,10.);
#1958=VECTOR('',#7167,10.);
#1959=VECTOR('',#7168,10.);
#1960=VECTOR('',#7169,10.);
#1961=VECTOR('',#7170,10.);
#1962=VECTOR('',#7171,10.);
#1963=VECTOR('',#7174,10.);
#1964=VECTOR('',#7175,10.);
#1965=VECTOR('',#7178,10.);
#1966=VECTOR('',#7179,10.);
#1967=VECTOR('',#7180,10.);
#1968=VECTOR('',#7183,10.);
#1969=VECTOR('',#7184,10.);
#1970=VECTOR('',#7185,10.);
#1971=VECTOR('',#7188,10.);
#1972=VECTOR('',#7189,10.);
#1973=VECTOR('',#7190,10.);
#1974=VECTOR('',#7191,10.);
#1975=VECTOR('',#7192,10.);
#1976=VECTOR('',#7193,10.);
#1977=VECTOR('',#7194,10.);
#1978=VECTOR('',#7195,10.);
#1979=VECTOR('',#7198,10.);
#1980=VECTOR('',#7199,10.);
#1981=VECTOR('',#7200,10.);
#1982=VECTOR('',#7203,10.);
#1983=VECTOR('',#7204,10.);
#1984=VECTOR('',#7205,10.);
#1985=VECTOR('',#7208,10.);
#1986=VECTOR('',#7209,10.);
#1987=VECTOR('',#7210,10.);
#1988=VECTOR('',#7211,10.);
#1989=VECTOR('',#7214,10.);
#1990=VECTOR('',#7215,10.);
#1991=VECTOR('',#7216,10.);
#1992=VECTOR('',#7217,10.);
#1993=VECTOR('',#7218,10.);
#1994=VECTOR('',#7219,10.);
#1995=VECTOR('',#7222,10.);
#1996=VECTOR('',#7223,10.);
#1997=VECTOR('',#7224,10.);
#1998=VECTOR('',#7225,10.);
#1999=VECTOR('',#7228,10.);
#2000=VECTOR('',#7229,10.);
#2001=VECTOR('',#7230,10.);
#2002=VECTOR('',#7231,10.);
#2003=VECTOR('',#7232,10.);
#2004=VECTOR('',#7233,10.);
#2005=VECTOR('',#7234,10.);
#2006=VECTOR('',#7235,10.);
#2007=VECTOR('',#7236,10.);
#2008=VECTOR('',#7237,10.);
#2009=VECTOR('',#7238,10.);
#2010=VECTOR('',#7239,10.);
#2011=VECTOR('',#7240,10.);
#2012=VECTOR('',#7243,10.);
#2013=VECTOR('',#7244,10.);
#2014=VECTOR('',#7245,10.);
#2015=VECTOR('',#7250,10.);
#2016=VECTOR('',#7251,10.);
#2017=VECTOR('',#7252,10.);
#2018=VECTOR('',#7253,10.);
#2019=VECTOR('',#7256,10.);
#2020=VECTOR('',#7257,10.);
#2021=VECTOR('',#7258,10.);
#2022=VECTOR('',#7261,10.);
#2023=VECTOR('',#7262,10.);
#2024=VECTOR('',#7263,10.);
#2025=VECTOR('',#7266,10.);
#2026=VECTOR('',#7267,10.);
#2027=VECTOR('',#7268,10.);
#2028=VECTOR('',#7269,10.);
#2029=VECTOR('',#7272,10.);
#2030=VECTOR('',#7273,10.);
#2031=VECTOR('',#7274,10.);
#2032=VECTOR('',#7277,10.);
#2033=VECTOR('',#7278,10.);
#2034=VECTOR('',#7279,10.);
#2035=VECTOR('',#7282,10.);
#2036=VECTOR('',#7283,10.);
#2037=VECTOR('',#7284,10.);
#2038=VECTOR('',#7287,10.);
#2039=VECTOR('',#7288,10.);
#2040=VECTOR('',#7289,10.);
#2041=VECTOR('',#7292,10.);
#2042=VECTOR('',#7293,10.);
#2043=VECTOR('',#7294,10.);
#2044=VECTOR('',#7297,10.);
#2045=VECTOR('',#7298,10.);
#2046=VECTOR('',#7301,10.);
#2047=VECTOR('',#7302,10.);
#2048=VECTOR('',#7303,10.);
#2049=VECTOR('',#7304,10.);
#2050=VECTOR('',#7305,10.);
#2051=VECTOR('',#7306,10.);
#2052=VECTOR('',#7307,10.);
#2053=VECTOR('',#7308,10.);
#2054=VECTOR('',#7309,10.);
#2055=VECTOR('',#7310,10.);
#2056=VECTOR('',#7311,10.);
#2057=VECTOR('',#7312,10.);
#2058=VECTOR('',#7313,10.);
#2059=VECTOR('',#7316,10.);
#2060=VECTOR('',#7317,10.);
#2061=VECTOR('',#7318,10.);
#2062=VECTOR('',#7319,10.);
#2063=VECTOR('',#7320,10.);
#2064=VECTOR('',#7321,10.);
#2065=VECTOR('',#7322,10.);
#2066=VECTOR('',#7325,10.);
#2067=VECTOR('',#7326,10.);
#2068=VECTOR('',#7327,10.);
#2069=VECTOR('',#7328,10.);
#2070=VECTOR('',#7329,10.);
#2071=VECTOR('',#7334,10.);
#2072=VECTOR('',#7335,10.);
#2073=VECTOR('',#7336,10.);
#2074=VECTOR('',#7337,10.);
#2075=VECTOR('',#7338,10.);
#2076=VECTOR('',#7339,10.);
#2077=VECTOR('',#7340,10.);
#2078=VECTOR('',#7341,10.);
#2079=VECTOR('',#7342,10.);
#2080=VECTOR('',#7343,10.);
#2081=VECTOR('',#7344,10.);
#2082=VECTOR('',#7345,10.);
#2083=VECTOR('',#7346,10.);
#2084=VECTOR('',#7347,10.);
#2085=VECTOR('',#7348,10.);
#2086=VECTOR('',#7349,10.);
#2087=VECTOR('',#7350,10.);
#2088=VECTOR('',#7351,10.);
#2089=VECTOR('',#7352,10.);
#2090=VECTOR('',#7353,10.);
#2091=VECTOR('',#7354,10.);
#2092=VECTOR('',#7355,10.);
#2093=VECTOR('',#7356,10.);
#2094=VECTOR('',#7357,10.);
#2095=VECTOR('',#7358,10.);
#2096=VECTOR('',#7359,10.);
#2097=VECTOR('',#7360,10.);
#2098=VECTOR('',#7361,10.);
#2099=VECTOR('',#7362,10.);
#2100=VECTOR('',#7363,10.);
#2101=VECTOR('',#7364,10.);
#2102=VECTOR('',#7365,10.);
#2103=VECTOR('',#7366,10.);
#2104=VECTOR('',#7367,10.);
#2105=VECTOR('',#7368,10.);
#2106=VECTOR('',#7369,10.);
#2107=VECTOR('',#7370,10.);
#2108=VECTOR('',#7371,10.);
#2109=VECTOR('',#7372,10.);
#2110=VECTOR('',#7373,10.);
#2111=VECTOR('',#7374,10.);
#2112=VECTOR('',#7375,10.);
#2113=VECTOR('',#7376,10.);
#2114=VECTOR('',#7377,10.);
#2115=VECTOR('',#7378,10.);
#2116=VECTOR('',#7379,10.);
#2117=VECTOR('',#7380,10.);
#2118=VECTOR('',#7381,10.);
#2119=VECTOR('',#7382,10.);
#2120=VECTOR('',#7383,10.);
#2121=VECTOR('',#7384,10.);
#2122=VECTOR('',#7385,10.);
#2123=VECTOR('',#7402,10.);
#2124=VECTOR('',#7403,10.);
#2125=VECTOR('',#7404,10.);
#2126=VECTOR('',#7405,10.);
#2127=VECTOR('',#7408,10.);
#2128=VECTOR('',#7409,10.);
#2129=VECTOR('',#7410,10.);
#2130=VECTOR('',#7413,10.);
#2131=VECTOR('',#7414,10.);
#2132=VECTOR('',#7415,10.);
#2133=VECTOR('',#7418,10.);
#2134=VECTOR('',#7419,10.);
#2135=VECTOR('',#7424,10.);
#2136=VECTOR('',#7425,10.);
#2137=VECTOR('',#7426,10.);
#2138=VECTOR('',#7427,10.);
#2139=VECTOR('',#7430,10.);
#2140=VECTOR('',#7431,10.);
#2141=VECTOR('',#7432,10.);
#2142=VECTOR('',#7435,10.);
#2143=VECTOR('',#7436,10.);
#2144=VECTOR('',#7437,10.);
#2145=VECTOR('',#7440,10.);
#2146=VECTOR('',#7441,10.);
#2147=VECTOR('',#7446,10.);
#2148=VECTOR('',#7447,10.);
#2149=VECTOR('',#7448,10.);
#2150=VECTOR('',#7449,10.);
#2151=VECTOR('',#7452,10.);
#2152=VECTOR('',#7453,10.);
#2153=VECTOR('',#7454,10.);
#2154=VECTOR('',#7457,10.);
#2155=VECTOR('',#7458,10.);
#2156=VECTOR('',#7459,10.);
#2157=VECTOR('',#7462,10.);
#2158=VECTOR('',#7463,10.);
#2159=VECTOR('',#7468,10.);
#2160=VECTOR('',#7469,10.);
#2161=VECTOR('',#7470,10.);
#2162=VECTOR('',#7471,10.);
#2163=VECTOR('',#7474,10.);
#2164=VECTOR('',#7475,10.);
#2165=VECTOR('',#7476,10.);
#2166=VECTOR('',#7479,10.);
#2167=VECTOR('',#7480,10.);
#2168=VECTOR('',#7481,10.);
#2169=VECTOR('',#7484,10.);
#2170=VECTOR('',#7485,10.);
#2171=VECTOR('',#7490,10.);
#2172=VECTOR('',#7491,10.);
#2173=VECTOR('',#7492,10.);
#2174=VECTOR('',#7493,10.);
#2175=VECTOR('',#7496,10.);
#2176=VECTOR('',#7497,10.);
#2177=VECTOR('',#7498,10.);
#2178=VECTOR('',#7501,10.);
#2179=VECTOR('',#7502,10.);
#2180=VECTOR('',#7503,10.);
#2181=VECTOR('',#7506,10.);
#2182=VECTOR('',#7507,10.);
#2183=VECTOR('',#7510,10.);
#2184=VECTOR('',#7511,10.);
#2185=VECTOR('',#7514,10.);
#2186=VECTOR('',#7517,10.);
#2187=VECTOR('',#7518,10.);
#2188=VECTOR('',#7519,10.);
#2189=VECTOR('',#7522,10.);
#2190=VECTOR('',#7523,10.);
#2191=VECTOR('',#7526,10.);
#2192=VECTOR('',#7527,10.);
#2193=VECTOR('',#7530,10.);
#2194=VECTOR('',#7533,10.);
#2195=VECTOR('',#7534,10.);
#2196=VECTOR('',#7535,10.);
#2197=VECTOR('',#7538,10.);
#2198=VECTOR('',#7539,10.);
#2199=VECTOR('',#7542,10.);
#2200=VECTOR('',#7543,10.);
#2201=VECTOR('',#7546,10.);
#2202=VECTOR('',#7549,10.);
#2203=VECTOR('',#7550,10.);
#2204=VECTOR('',#7551,10.);
#2205=VECTOR('',#7554,10.);
#2206=VECTOR('',#7555,10.);
#2207=VECTOR('',#7558,10.);
#2208=VECTOR('',#7559,10.);
#2209=VECTOR('',#7562,10.);
#2210=VECTOR('',#7565,10.);
#2211=VECTOR('',#7566,10.);
#2212=VECTOR('',#7567,10.);
#2213=VECTOR('',#7570,10.);
#2214=VECTOR('',#7571,10.);
#2215=VECTOR('',#7574,10.);
#2216=VECTOR('',#7575,10.);
#2217=VECTOR('',#7578,10.);
#2218=VECTOR('',#7581,10.);
#2219=VECTOR('',#7582,10.);
#2220=VECTOR('',#7583,10.);
#2221=VECTOR('',#7586,10.);
#2222=VECTOR('',#7587,10.);
#2223=VECTOR('',#7590,10.);
#2224=VECTOR('',#7591,10.);
#2225=VECTOR('',#7594,10.);
#2226=VECTOR('',#7597,10.);
#2227=VECTOR('',#7598,10.);
#2228=VECTOR('',#7599,10.);
#2229=VECTOR('',#7602,10.);
#2230=VECTOR('',#7603,10.);
#2231=VECTOR('',#7606,10.);
#2232=VECTOR('',#7607,10.);
#2233=VECTOR('',#7610,10.);
#2234=VECTOR('',#7613,10.);
#2235=VECTOR('',#7614,10.);
#2236=VECTOR('',#7615,10.);
#2237=VECTOR('',#7618,10.);
#2238=VECTOR('',#7619,10.);
#2239=VECTOR('',#7622,10.);
#2240=VECTOR('',#7623,10.);
#2241=VECTOR('',#7626,10.);
#2242=VECTOR('',#7629,10.);
#2243=VECTOR('',#7630,10.);
#2244=VECTOR('',#7631,10.);
#2245=VECTOR('',#7634,10.);
#2246=VECTOR('',#7635,10.);
#2247=VECTOR('',#7638,10.);
#2248=VECTOR('',#7639,10.);
#2249=VECTOR('',#7642,10.);
#2250=VECTOR('',#7645,10.);
#2251=VECTOR('',#7646,10.);
#2252=VECTOR('',#7647,10.);
#2253=VECTOR('',#7650,10.);
#2254=VECTOR('',#7651,10.);
#2255=VECTOR('',#7654,10.);
#2256=VECTOR('',#7655,10.);
#2257=VECTOR('',#7658,10.);
#2258=VECTOR('',#7661,10.);
#2259=VECTOR('',#7662,10.);
#2260=VECTOR('',#7663,10.);
#2261=VECTOR('',#7666,10.);
#2262=VECTOR('',#7667,10.);
#2263=VECTOR('',#7670,10.);
#2264=VECTOR('',#7671,10.);
#2265=VECTOR('',#7674,10.);
#2266=VECTOR('',#7677,10.);
#2267=VECTOR('',#7678,10.);
#2268=VECTOR('',#7679,10.);
#2269=VECTOR('',#7682,10.);
#2270=VECTOR('',#7683,10.);
#2271=VECTOR('',#7686,10.);
#2272=VECTOR('',#7687,10.);
#2273=VECTOR('',#7690,10.);
#2274=VECTOR('',#7695,10.);
#2275=VECTOR('',#7696,10.);
#2276=VECTOR('',#7697,10.);
#2277=VECTOR('',#7700,10.);
#2278=VECTOR('',#7701,10.);
#2279=VECTOR('',#7704,10.);
#2280=VECTOR('',#7705,10.);
#2281=B_SPLINE_CURVE_WITH_KNOTS('',2,(#7725,#7726,#7727,#7728),
 .UNSPECIFIED.,.F.,.F.,(3,1,3),(0.,1.,2.),.UNSPECIFIED.);
#2282=B_SPLINE_CURVE_WITH_KNOTS('',2,(#7732,#7733,#7734,#7735),
 .UNSPECIFIED.,.F.,.F.,(3,1,3),(0.,1.,2.),.UNSPECIFIED.);
#2283=B_SPLINE_CURVE_WITH_KNOTS('',2,(#7746,#7747,#7748,#7749),
 .UNSPECIFIED.,.F.,.F.,(3,1,3),(0.,1.,2.),.UNSPECIFIED.);
#2284=B_SPLINE_CURVE_WITH_KNOTS('',2,(#7751,#7752,#7753,#7754),
 .UNSPECIFIED.,.F.,.F.,(3,1,3),(0.,1.,2.),.UNSPECIFIED.);
#2285=B_SPLINE_CURVE_WITH_KNOTS('',2,(#7765,#7766,#7767,#7768),
 .UNSPECIFIED.,.F.,.F.,(3,1,3),(0.,1.,2.),.UNSPECIFIED.);
#2286=B_SPLINE_CURVE_WITH_KNOTS('',2,(#7770,#7771,#7772,#7773),
 .UNSPECIFIED.,.F.,.F.,(3,1,3),(0.,1.,2.),.UNSPECIFIED.);
#2287=B_SPLINE_CURVE_WITH_KNOTS('',2,(#7784,#7785,#7786,#7787),
 .UNSPECIFIED.,.F.,.F.,(3,1,3),(0.,1.,2.),.UNSPECIFIED.);
#2288=B_SPLINE_CURVE_WITH_KNOTS('',2,(#7789,#7790,#7791,#7792),
 .UNSPECIFIED.,.F.,.F.,(3,1,3),(0.,1.,2.),.UNSPECIFIED.);
#2289=B_SPLINE_CURVE_WITH_KNOTS('',2,(#7803,#7804,#7805,#7806),
 .UNSPECIFIED.,.F.,.F.,(3,1,3),(0.,1.,2.),.UNSPECIFIED.);
#2290=B_SPLINE_CURVE_WITH_KNOTS('',2,(#7808,#7809,#7810,#7811),
 .UNSPECIFIED.,.F.,.F.,(3,1,3),(0.,1.,2.),.UNSPECIFIED.);
#2291=B_SPLINE_CURVE_WITH_KNOTS('',2,(#7822,#7823,#7824,#7825),
 .UNSPECIFIED.,.F.,.F.,(3,1,3),(0.,1.,2.),.UNSPECIFIED.);
#2292=B_SPLINE_CURVE_WITH_KNOTS('',2,(#7827,#7828,#7829,#7830),
 .UNSPECIFIED.,.F.,.F.,(3,1,3),(0.,1.,2.),.UNSPECIFIED.);
#2293=B_SPLINE_CURVE_WITH_KNOTS('',2,(#7840,#7841,#7842,#7843),
 .UNSPECIFIED.,.F.,.F.,(3,1,3),(0.,1.,2.),.UNSPECIFIED.);
#2294=B_SPLINE_CURVE_WITH_KNOTS('',2,(#7844,#7845,#7846,#7847),
 .UNSPECIFIED.,.F.,.F.,(3,1,3),(0.,1.,2.),.UNSPECIFIED.);
#2295=B_SPLINE_CURVE_WITH_KNOTS('',2,(#7858,#7859,#7860,#7861),
 .UNSPECIFIED.,.F.,.F.,(3,1,3),(0.,1.,2.),.UNSPECIFIED.);
#2296=B_SPLINE_CURVE_WITH_KNOTS('',2,(#7865,#7866,#7867,#7868),
 .UNSPECIFIED.,.F.,.F.,(3,1,3),(0.,1.,2.),.UNSPECIFIED.);
#2297=B_SPLINE_CURVE_WITH_KNOTS('',2,(#7879,#7880,#7881,#7882),
 .UNSPECIFIED.,.F.,.F.,(3,1,3),(0.,1.,2.),.UNSPECIFIED.);
#2298=B_SPLINE_CURVE_WITH_KNOTS('',2,(#7885,#7886,#7887,#7888),
 .UNSPECIFIED.,.F.,.F.,(3,1,3),(0.,1.,2.),.UNSPECIFIED.);
#2299=B_SPLINE_CURVE_WITH_KNOTS('',2,(#7898,#7899,#7900,#7901),
 .UNSPECIFIED.,.F.,.F.,(3,1,3),(0.,1.,2.),.UNSPECIFIED.);
#2300=B_SPLINE_CURVE_WITH_KNOTS('',2,(#7904,#7905,#7906,#7907),
 .UNSPECIFIED.,.F.,.F.,(3,1,3),(0.,1.,2.),.UNSPECIFIED.);
#2301=B_SPLINE_CURVE_WITH_KNOTS('',2,(#7917,#7918,#7919,#7920),
 .UNSPECIFIED.,.F.,.F.,(3,1,3),(0.,1.,2.),.UNSPECIFIED.);
#2302=B_SPLINE_CURVE_WITH_KNOTS('',2,(#7923,#7924,#7925,#7926),
 .UNSPECIFIED.,.F.,.F.,(3,1,3),(0.,1.,2.),.UNSPECIFIED.);
#2303=B_SPLINE_CURVE_WITH_KNOTS('',2,(#7936,#7937,#7938,#7939),
 .UNSPECIFIED.,.F.,.F.,(3,1,3),(0.,1.,2.),.UNSPECIFIED.);
#2304=B_SPLINE_CURVE_WITH_KNOTS('',2,(#7942,#7943,#7944,#7945),
 .UNSPECIFIED.,.F.,.F.,(3,1,3),(0.,1.,2.),.UNSPECIFIED.);
#2305=B_SPLINE_CURVE_WITH_KNOTS('',2,(#7967,#7968,#7969,#7970),
 .UNSPECIFIED.,.F.,.F.,(3,1,3),(0.,1.,2.),.UNSPECIFIED.);
#2306=B_SPLINE_CURVE_WITH_KNOTS('',2,(#7973,#7974,#7975,#7976),
 .UNSPECIFIED.,.F.,.F.,(3,1,3),(0.,1.,2.),.UNSPECIFIED.);
#2307=B_SPLINE_CURVE_WITH_KNOTS('',2,(#7986,#7987,#7988,#7989),
 .UNSPECIFIED.,.F.,.F.,(3,1,3),(0.,1.,2.),.UNSPECIFIED.);
#2308=B_SPLINE_CURVE_WITH_KNOTS('',2,(#7992,#7993,#7994,#7995),
 .UNSPECIFIED.,.F.,.F.,(3,1,3),(0.,1.,2.),.UNSPECIFIED.);
#2309=B_SPLINE_CURVE_WITH_KNOTS('',2,(#8005,#8006,#8007,#8008),
 .UNSPECIFIED.,.F.,.F.,(3,1,3),(0.,1.,2.),.UNSPECIFIED.);
#2310=B_SPLINE_CURVE_WITH_KNOTS('',2,(#8011,#8012,#8013,#8014),
 .UNSPECIFIED.,.F.,.F.,(3,1,3),(0.,1.,2.),.UNSPECIFIED.);
#2311=B_SPLINE_CURVE_WITH_KNOTS('',2,(#8024,#8025,#8026,#8027),
 .UNSPECIFIED.,.F.,.F.,(3,1,3),(0.,1.,2.),.UNSPECIFIED.);
#2312=B_SPLINE_CURVE_WITH_KNOTS('',2,(#8030,#8031,#8032,#8033),
 .UNSPECIFIED.,.F.,.F.,(3,1,3),(0.,1.,2.),.UNSPECIFIED.);
#2313=B_SPLINE_CURVE_WITH_KNOTS('',2,(#8043,#8044,#8045,#8046),
 .UNSPECIFIED.,.F.,.F.,(3,1,3),(0.,1.,2.),.UNSPECIFIED.);
#2314=B_SPLINE_CURVE_WITH_KNOTS('',2,(#8049,#8050,#8051,#8052),
 .UNSPECIFIED.,.F.,.F.,(3,1,3),(0.,1.,2.),.UNSPECIFIED.);
#2315=B_SPLINE_CURVE_WITH_KNOTS('',2,(#8062,#8063,#8064,#8065),
 .UNSPECIFIED.,.F.,.F.,(3,1,3),(0.,1.,2.),.UNSPECIFIED.);
#2316=B_SPLINE_CURVE_WITH_KNOTS('',2,(#8068,#8069,#8070,#8071),
 .UNSPECIFIED.,.F.,.F.,(3,1,3),(0.,1.,2.),.UNSPECIFIED.);
#2317=B_SPLINE_CURVE_WITH_KNOTS('',2,(#8080,#8081,#8082,#8083),
 .UNSPECIFIED.,.F.,.F.,(3,1,3),(0.,1.,2.),.UNSPECIFIED.);
#2318=B_SPLINE_CURVE_WITH_KNOTS('',2,(#8084,#8085,#8086,#8087),
 .UNSPECIFIED.,.F.,.F.,(3,1,3),(0.,1.,2.),.UNSPECIFIED.);
#2319=B_SPLINE_CURVE_WITH_KNOTS('',2,(#8113,#8114,#8115,#8116),
 .UNSPECIFIED.,.F.,.F.,(3,1,3),(0.,1.,2.),.UNSPECIFIED.);
#2320=B_SPLINE_CURVE_WITH_KNOTS('',2,(#8119,#8120,#8121,#8122),
 .UNSPECIFIED.,.F.,.F.,(3,1,3),(0.,1.,2.),.UNSPECIFIED.);
#2321=B_SPLINE_CURVE_WITH_KNOTS('',2,(#8132,#8133,#8134,#8135),
 .UNSPECIFIED.,.F.,.F.,(3,1,3),(0.,1.,2.),.UNSPECIFIED.);
#2322=B_SPLINE_CURVE_WITH_KNOTS('',2,(#8138,#8139,#8140,#8141),
 .UNSPECIFIED.,.F.,.F.,(3,1,3),(0.,1.,2.),.UNSPECIFIED.);
#2323=B_SPLINE_CURVE_WITH_KNOTS('',2,(#8151,#8152,#8153,#8154),
 .UNSPECIFIED.,.F.,.F.,(3,1,3),(0.,1.,2.),.UNSPECIFIED.);
#2324=B_SPLINE_CURVE_WITH_KNOTS('',2,(#8157,#8158,#8159,#8160),
 .UNSPECIFIED.,.F.,.F.,(3,1,3),(0.,1.,2.),.UNSPECIFIED.);
#2325=B_SPLINE_CURVE_WITH_KNOTS('',2,(#8170,#8171,#8172,#8173),
 .UNSPECIFIED.,.F.,.F.,(3,1,3),(0.,1.,2.),.UNSPECIFIED.);
#2326=B_SPLINE_CURVE_WITH_KNOTS('',2,(#8176,#8177,#8178,#8179),
 .UNSPECIFIED.,.F.,.F.,(3,1,3),(0.,1.,2.),.UNSPECIFIED.);
#2327=B_SPLINE_CURVE_WITH_KNOTS('',2,(#8189,#8190,#8191,#8192),
 .UNSPECIFIED.,.F.,.F.,(3,1,3),(0.,1.,2.),.UNSPECIFIED.);
#2328=B_SPLINE_CURVE_WITH_KNOTS('',2,(#8195,#8196,#8197,#8198),
 .UNSPECIFIED.,.F.,.F.,(3,1,3),(0.,1.,2.),.UNSPECIFIED.);
#2329=B_SPLINE_CURVE_WITH_KNOTS('',2,(#8220,#8221,#8222,#8223),
 .UNSPECIFIED.,.F.,.F.,(3,1,3),(0.,1.,2.),.UNSPECIFIED.);
#2330=B_SPLINE_CURVE_WITH_KNOTS('',2,(#8226,#8227,#8228,#8229),
 .UNSPECIFIED.,.F.,.F.,(3,1,3),(0.,1.,2.),.UNSPECIFIED.);
#2331=B_SPLINE_CURVE_WITH_KNOTS('',2,(#8239,#8240,#8241,#8242),
 .UNSPECIFIED.,.F.,.F.,(3,1,3),(0.,1.,2.),.UNSPECIFIED.);
#2332=B_SPLINE_CURVE_WITH_KNOTS('',2,(#8245,#8246,#8247,#8248),
 .UNSPECIFIED.,.F.,.F.,(3,1,3),(0.,1.,2.),.UNSPECIFIED.);
#2333=B_SPLINE_CURVE_WITH_KNOTS('',2,(#8258,#8259,#8260,#8261),
 .UNSPECIFIED.,.F.,.F.,(3,1,3),(0.,1.,2.),.UNSPECIFIED.);
#2334=B_SPLINE_CURVE_WITH_KNOTS('',2,(#8264,#8265,#8266,#8267),
 .UNSPECIFIED.,.F.,.F.,(3,1,3),(0.,1.,2.),.UNSPECIFIED.);
#2335=B_SPLINE_CURVE_WITH_KNOTS('',2,(#8277,#8278,#8279,#8280),
 .UNSPECIFIED.,.F.,.F.,(3,1,3),(0.,1.,2.),.UNSPECIFIED.);
#2336=B_SPLINE_CURVE_WITH_KNOTS('',2,(#8283,#8284,#8285,#8286),
 .UNSPECIFIED.,.F.,.F.,(3,1,3),(0.,1.,2.),.UNSPECIFIED.);
#2337=B_SPLINE_CURVE_WITH_KNOTS('',2,(#8296,#8297,#8298,#8299),
 .UNSPECIFIED.,.F.,.F.,(3,1,3),(0.,1.,2.),.UNSPECIFIED.);
#2338=B_SPLINE_CURVE_WITH_KNOTS('',2,(#8302,#8303,#8304,#8305),
 .UNSPECIFIED.,.F.,.F.,(3,1,3),(0.,1.,2.),.UNSPECIFIED.);
#2339=B_SPLINE_CURVE_WITH_KNOTS('',2,(#8315,#8316,#8317,#8318),
 .UNSPECIFIED.,.F.,.F.,(3,1,3),(0.,1.,2.),.UNSPECIFIED.);
#2340=B_SPLINE_CURVE_WITH_KNOTS('',2,(#8321,#8322,#8323,#8324),
 .UNSPECIFIED.,.F.,.F.,(3,1,3),(0.,1.,2.),.UNSPECIFIED.);
#2341=B_SPLINE_CURVE_WITH_KNOTS('',2,(#8345,#8346,#8347,#8348),
 .UNSPECIFIED.,.F.,.F.,(3,1,3),(0.,1.,2.),.UNSPECIFIED.);
#2342=B_SPLINE_CURVE_WITH_KNOTS('',2,(#8352,#8353,#8354,#8355),
 .UNSPECIFIED.,.F.,.F.,(3,1,3),(0.,1.,2.),.UNSPECIFIED.);
#2343=B_SPLINE_CURVE_WITH_KNOTS('',2,(#8366,#8367,#8368,#8369),
 .UNSPECIFIED.,.F.,.F.,(3,1,3),(0.,1.,2.),.UNSPECIFIED.);
#2344=B_SPLINE_CURVE_WITH_KNOTS('',2,(#8371,#8372,#8373,#8374),
 .UNSPECIFIED.,.F.,.F.,(3,1,3),(0.,1.,2.),.UNSPECIFIED.);
#2345=B_SPLINE_CURVE_WITH_KNOTS('',2,(#8385,#8386,#8387,#8388),
 .UNSPECIFIED.,.F.,.F.,(3,1,3),(0.,1.,2.),.UNSPECIFIED.);
#2346=B_SPLINE_CURVE_WITH_KNOTS('',2,(#8390,#8391,#8392,#8393),
 .UNSPECIFIED.,.F.,.F.,(3,1,3),(0.,1.,2.),.UNSPECIFIED.);
#2347=B_SPLINE_CURVE_WITH_KNOTS('',2,(#8404,#8405,#8406,#8407),
 .UNSPECIFIED.,.F.,.F.,(3,1,3),(0.,1.,2.),.UNSPECIFIED.);
#2348=B_SPLINE_CURVE_WITH_KNOTS('',2,(#8409,#8410,#8411,#8412),
 .UNSPECIFIED.,.F.,.F.,(3,1,3),(0.,1.,2.),.UNSPECIFIED.);
#2349=B_SPLINE_CURVE_WITH_KNOTS('',2,(#8423,#8424,#8425,#8426),
 .UNSPECIFIED.,.F.,.F.,(3,1,3),(0.,1.,2.),.UNSPECIFIED.);
#2350=B_SPLINE_CURVE_WITH_KNOTS('',2,(#8428,#8429,#8430,#8431),
 .UNSPECIFIED.,.F.,.F.,(3,1,3),(0.,1.,2.),.UNSPECIFIED.);
#2351=B_SPLINE_CURVE_WITH_KNOTS('',2,(#8441,#8442,#8443,#8444),
 .UNSPECIFIED.,.F.,.F.,(3,1,3),(0.,1.,2.),.UNSPECIFIED.);
#2352=B_SPLINE_CURVE_WITH_KNOTS('',2,(#8445,#8446,#8447,#8448),
 .UNSPECIFIED.,.F.,.F.,(3,1,3),(0.,1.,2.),.UNSPECIFIED.);
#2353=B_SPLINE_CURVE_WITH_KNOTS('',2,(#8473,#8474,#8475,#8476),
 .UNSPECIFIED.,.F.,.F.,(3,1,3),(0.,1.,2.),.UNSPECIFIED.);
#2354=B_SPLINE_CURVE_WITH_KNOTS('',2,(#8479,#8480,#8481,#8482),
 .UNSPECIFIED.,.F.,.F.,(3,1,3),(0.,1.,2.),.UNSPECIFIED.);
#2355=B_SPLINE_CURVE_WITH_KNOTS('',2,(#8492,#8493,#8494,#8495),
 .UNSPECIFIED.,.F.,.F.,(3,1,3),(0.,1.,2.),.UNSPECIFIED.);
#2356=B_SPLINE_CURVE_WITH_KNOTS('',2,(#8498,#8499,#8500,#8501),
 .UNSPECIFIED.,.F.,.F.,(3,1,3),(0.,1.,2.),.UNSPECIFIED.);
#2357=B_SPLINE_CURVE_WITH_KNOTS('',2,(#8511,#8512,#8513,#8514),
 .UNSPECIFIED.,.F.,.F.,(3,1,3),(0.,1.,2.),.UNSPECIFIED.);
#2358=B_SPLINE_CURVE_WITH_KNOTS('',2,(#8517,#8518,#8519,#8520),
 .UNSPECIFIED.,.F.,.F.,(3,1,3),(0.,1.,2.),.UNSPECIFIED.);
#2359=B_SPLINE_CURVE_WITH_KNOTS('',2,(#8530,#8531,#8532,#8533),
 .UNSPECIFIED.,.F.,.F.,(3,1,3),(0.,1.,2.),.UNSPECIFIED.);
#2360=B_SPLINE_CURVE_WITH_KNOTS('',2,(#8536,#8537,#8538,#8539),
 .UNSPECIFIED.,.F.,.F.,(3,1,3),(0.,1.,2.),.UNSPECIFIED.);
#2361=B_SPLINE_CURVE_WITH_KNOTS('',2,(#8549,#8550,#8551,#8552),
 .UNSPECIFIED.,.F.,.F.,(3,1,3),(0.,1.,2.),.UNSPECIFIED.);
#2362=B_SPLINE_CURVE_WITH_KNOTS('',2,(#8555,#8556,#8557,#8558),
 .UNSPECIFIED.,.F.,.F.,(3,1,3),(0.,1.,2.),.UNSPECIFIED.);
#2363=B_SPLINE_CURVE_WITH_KNOTS('',2,(#8568,#8569,#8570,#8571),
 .UNSPECIFIED.,.F.,.F.,(3,1,3),(0.,1.,2.),.UNSPECIFIED.);
#2364=B_SPLINE_CURVE_WITH_KNOTS('',2,(#8574,#8575,#8576,#8577),
 .UNSPECIFIED.,.F.,.F.,(3,1,3),(0.,1.,2.),.UNSPECIFIED.);
#2365=B_SPLINE_CURVE_WITH_KNOTS('',2,(#8587,#8588,#8589,#8590),
 .UNSPECIFIED.,.F.,.F.,(3,1,3),(0.,1.,2.),.UNSPECIFIED.);
#2366=B_SPLINE_CURVE_WITH_KNOTS('',2,(#8593,#8594,#8595,#8596),
 .UNSPECIFIED.,.F.,.F.,(3,1,3),(0.,1.,2.),.UNSPECIFIED.);
#2367=B_SPLINE_CURVE_WITH_KNOTS('',2,(#8606,#8607,#8608,#8609),
 .UNSPECIFIED.,.F.,.F.,(3,1,3),(0.,1.,2.),.UNSPECIFIED.);
#2368=B_SPLINE_CURVE_WITH_KNOTS('',2,(#8612,#8613,#8614,#8615),
 .UNSPECIFIED.,.F.,.F.,(3,1,3),(0.,1.,2.),.UNSPECIFIED.);
#2369=B_SPLINE_CURVE_WITH_KNOTS('',2,(#8625,#8626,#8627,#8628),
 .UNSPECIFIED.,.F.,.F.,(3,1,3),(0.,1.,2.),.UNSPECIFIED.);
#2370=B_SPLINE_CURVE_WITH_KNOTS('',2,(#8631,#8632,#8633,#8634),
 .UNSPECIFIED.,.F.,.F.,(3,1,3),(0.,1.,2.),.UNSPECIFIED.);
#2371=B_SPLINE_CURVE_WITH_KNOTS('',2,(#8644,#8645,#8646,#8647),
 .UNSPECIFIED.,.F.,.F.,(3,1,3),(0.,1.,2.),.UNSPECIFIED.);
#2372=B_SPLINE_CURVE_WITH_KNOTS('',2,(#8650,#8651,#8652,#8653),
 .UNSPECIFIED.,.F.,.F.,(3,1,3),(0.,1.,2.),.UNSPECIFIED.);
#2373=B_SPLINE_CURVE_WITH_KNOTS('',2,(#8659,#8660,#8661,#8662),
 .UNSPECIFIED.,.F.,.F.,(3,1,3),(0.,1.,2.),.UNSPECIFIED.);
#2374=B_SPLINE_CURVE_WITH_KNOTS('',2,(#8672,#8673,#8674,#8675),
 .UNSPECIFIED.,.F.,.F.,(3,1,3),(0.,1.,2.),.UNSPECIFIED.);
#2375=B_SPLINE_CURVE_WITH_KNOTS('',2,(#8678,#8679,#8680,#8681),
 .UNSPECIFIED.,.F.,.F.,(3,1,3),(0.,1.,2.),.UNSPECIFIED.);
#2376=B_SPLINE_CURVE_WITH_KNOTS('',2,(#8690,#8691,#8692,#8693),
 .UNSPECIFIED.,.F.,.F.,(3,1,3),(0.,1.,2.),.UNSPECIFIED.);
#2377=B_SPLINE_CURVE_WITH_KNOTS('',2,(#8694,#8695,#8696,#8697),
 .UNSPECIFIED.,.F.,.F.,(3,1,3),(0.,1.,2.),.UNSPECIFIED.);
#2378=B_SPLINE_CURVE_WITH_KNOTS('',2,(#8766,#8767,#8768,#8769),
 .UNSPECIFIED.,.F.,.F.,(3,1,3),(0.,1.,2.),.UNSPECIFIED.);
#2379=B_SPLINE_CURVE_WITH_KNOTS('',2,(#8772,#8773,#8774,#8775),
 .UNSPECIFIED.,.F.,.F.,(3,1,3),(0.,1.,2.),.UNSPECIFIED.);
#2380=B_SPLINE_CURVE_WITH_KNOTS('',2,(#8785,#8786,#8787,#8788),
 .UNSPECIFIED.,.F.,.F.,(3,1,3),(0.,1.,2.),.UNSPECIFIED.);
#2381=B_SPLINE_CURVE_WITH_KNOTS('',2,(#8791,#8792,#8793,#8794),
 .UNSPECIFIED.,.F.,.F.,(3,1,3),(0.,1.,2.),.UNSPECIFIED.);
#2382=B_SPLINE_CURVE_WITH_KNOTS('',2,(#8804,#8805,#8806,#8807),
 .UNSPECIFIED.,.F.,.F.,(3,1,3),(0.,1.,2.),.UNSPECIFIED.);
#2383=B_SPLINE_CURVE_WITH_KNOTS('',2,(#8810,#8811,#8812,#8813),
 .UNSPECIFIED.,.F.,.F.,(3,1,3),(0.,1.,2.),.UNSPECIFIED.);
#2384=B_SPLINE_CURVE_WITH_KNOTS('',2,(#8823,#8824,#8825,#8826),
 .UNSPECIFIED.,.F.,.F.,(3,1,3),(0.,1.,2.),.UNSPECIFIED.);
#2385=B_SPLINE_CURVE_WITH_KNOTS('',2,(#8829,#8830,#8831,#8832),
 .UNSPECIFIED.,.F.,.F.,(3,1,3),(0.,1.,2.),.UNSPECIFIED.);
#2386=B_SPLINE_CURVE_WITH_KNOTS('',2,(#8842,#8843,#8844,#8845),
 .UNSPECIFIED.,.F.,.F.,(3,1,3),(0.,1.,2.),.UNSPECIFIED.);
#2387=B_SPLINE_CURVE_WITH_KNOTS('',2,(#8848,#8849,#8850,#8851),
 .UNSPECIFIED.,.F.,.F.,(3,1,3),(0.,1.,2.),.UNSPECIFIED.);
#2388=B_SPLINE_CURVE_WITH_KNOTS('',2,(#8873,#8874,#8875,#8876),
 .UNSPECIFIED.,.F.,.F.,(3,1,3),(0.,1.,2.),.UNSPECIFIED.);
#2389=B_SPLINE_CURVE_WITH_KNOTS('',2,(#8879,#8880,#8881,#8882),
 .UNSPECIFIED.,.F.,.F.,(3,1,3),(0.,1.,2.),.UNSPECIFIED.);
#2390=B_SPLINE_CURVE_WITH_KNOTS('',2,(#8892,#8893,#8894,#8895),
 .UNSPECIFIED.,.F.,.F.,(3,1,3),(0.,1.,2.),.UNSPECIFIED.);
#2391=B_SPLINE_CURVE_WITH_KNOTS('',2,(#8898,#8899,#8900,#8901),
 .UNSPECIFIED.,.F.,.F.,(3,1,3),(0.,1.,2.),.UNSPECIFIED.);
#2392=B_SPLINE_CURVE_WITH_KNOTS('',2,(#8911,#8912,#8913,#8914),
 .UNSPECIFIED.,.F.,.F.,(3,1,3),(0.,1.,2.),.UNSPECIFIED.);
#2393=B_SPLINE_CURVE_WITH_KNOTS('',2,(#8917,#8918,#8919,#8920),
 .UNSPECIFIED.,.F.,.F.,(3,1,3),(0.,1.,2.),.UNSPECIFIED.);
#2394=B_SPLINE_CURVE_WITH_KNOTS('',2,(#8930,#8931,#8932,#8933),
 .UNSPECIFIED.,.F.,.F.,(3,1,3),(0.,1.,2.),.UNSPECIFIED.);
#2395=B_SPLINE_CURVE_WITH_KNOTS('',2,(#8936,#8937,#8938,#8939),
 .UNSPECIFIED.,.F.,.F.,(3,1,3),(0.,1.,2.),.UNSPECIFIED.);
#2396=B_SPLINE_CURVE_WITH_KNOTS('',2,(#8949,#8950,#8951,#8952),
 .UNSPECIFIED.,.F.,.F.,(3,1,3),(0.,1.,2.),.UNSPECIFIED.);
#2397=B_SPLINE_CURVE_WITH_KNOTS('',2,(#8955,#8956,#8957,#8958),
 .UNSPECIFIED.,.F.,.F.,(3,1,3),(0.,1.,2.),.UNSPECIFIED.);
#2398=B_SPLINE_CURVE_WITH_KNOTS('',2,(#8968,#8969,#8970,#8971),
 .UNSPECIFIED.,.F.,.F.,(3,1,3),(0.,1.,2.),.UNSPECIFIED.);
#2399=B_SPLINE_CURVE_WITH_KNOTS('',2,(#8974,#8975,#8976,#8977),
 .UNSPECIFIED.,.F.,.F.,(3,1,3),(0.,1.,2.),.UNSPECIFIED.);
#2400=B_SPLINE_CURVE_WITH_KNOTS('',2,(#8998,#8999,#9000,#9001),
 .UNSPECIFIED.,.F.,.F.,(3,1,3),(0.,1.,2.),.UNSPECIFIED.);
#2401=B_SPLINE_CURVE_WITH_KNOTS('',2,(#9005,#9006,#9007,#9008),
 .UNSPECIFIED.,.F.,.F.,(3,1,3),(0.,1.,2.),.UNSPECIFIED.);
#2402=B_SPLINE_CURVE_WITH_KNOTS('',2,(#9037,#9038,#9039,#9040),
 .UNSPECIFIED.,.F.,.F.,(3,1,3),(0.,1.,2.),.UNSPECIFIED.);
#2403=B_SPLINE_CURVE_WITH_KNOTS('',2,(#9042,#9043,#9044,#9045),
 .UNSPECIFIED.,.F.,.F.,(3,1,3),(0.,1.,2.),.UNSPECIFIED.);
#2404=B_SPLINE_CURVE_WITH_KNOTS('',2,(#9056,#9057,#9058,#9059),
 .UNSPECIFIED.,.F.,.F.,(3,1,3),(0.,1.,2.),.UNSPECIFIED.);
#2405=B_SPLINE_CURVE_WITH_KNOTS('',2,(#9061,#9062,#9063,#9064),
 .UNSPECIFIED.,.F.,.F.,(3,1,3),(0.,1.,2.),.UNSPECIFIED.);
#2406=B_SPLINE_CURVE_WITH_KNOTS('',2,(#9074,#9075,#9076,#9077),
 .UNSPECIFIED.,.F.,.F.,(3,1,3),(0.,1.,2.),.UNSPECIFIED.);
#2407=B_SPLINE_CURVE_WITH_KNOTS('',2,(#9078,#9079,#9080,#9081),
 .UNSPECIFIED.,.F.,.F.,(3,1,3),(0.,1.,2.),.UNSPECIFIED.);
#2408=B_SPLINE_CURVE_WITH_KNOTS('',2,(#9100,#9101,#9102,#9103),
 .UNSPECIFIED.,.F.,.F.,(3,1,3),(0.,1.,2.),.UNSPECIFIED.);
#2409=B_SPLINE_CURVE_WITH_KNOTS('',2,(#9106,#9107,#9108,#9109),
 .UNSPECIFIED.,.F.,.F.,(3,1,3),(0.,1.,2.),.UNSPECIFIED.);
#2410=B_SPLINE_CURVE_WITH_KNOTS('',2,(#9119,#9120,#9121,#9122),
 .UNSPECIFIED.,.F.,.F.,(3,1,3),(0.,1.,2.),.UNSPECIFIED.);
#2411=B_SPLINE_CURVE_WITH_KNOTS('',2,(#9125,#9126,#9127,#9128),
 .UNSPECIFIED.,.F.,.F.,(3,1,3),(0.,1.,2.),.UNSPECIFIED.);
#2412=B_SPLINE_CURVE_WITH_KNOTS('',2,(#9138,#9139,#9140,#9141),
 .UNSPECIFIED.,.F.,.F.,(3,1,3),(0.,1.,2.),.UNSPECIFIED.);
#2413=B_SPLINE_CURVE_WITH_KNOTS('',2,(#9144,#9145,#9146,#9147),
 .UNSPECIFIED.,.F.,.F.,(3,1,3),(0.,1.,2.),.UNSPECIFIED.);
#2414=B_SPLINE_CURVE_WITH_KNOTS('',2,(#9224,#9225,#9226,#9227),
 .UNSPECIFIED.,.F.,.F.,(3,1,3),(0.,1.,2.),.UNSPECIFIED.);
#2415=B_SPLINE_CURVE_WITH_KNOTS('',2,(#9230,#9231,#9232,#9233),
 .UNSPECIFIED.,.F.,.F.,(3,1,3),(0.,1.,2.),.UNSPECIFIED.);
#2416=B_SPLINE_CURVE_WITH_KNOTS('',2,(#9278,#9279,#9280,#9281),
 .UNSPECIFIED.,.F.,.F.,(3,1,3),(0.,1.,2.),.UNSPECIFIED.);
#2417=B_SPLINE_CURVE_WITH_KNOTS('',2,(#9285,#9286,#9287,#9288),
 .UNSPECIFIED.,.F.,.F.,(3,1,3),(0.,1.,2.),.UNSPECIFIED.);
#2418=B_SPLINE_CURVE_WITH_KNOTS('',2,(#9299,#9300,#9301,#9302),
 .UNSPECIFIED.,.F.,.F.,(3,1,3),(0.,1.,2.),.UNSPECIFIED.);
#2419=B_SPLINE_CURVE_WITH_KNOTS('',2,(#9305,#9306,#9307,#9308),
 .UNSPECIFIED.,.F.,.F.,(3,1,3),(0.,1.,2.),.UNSPECIFIED.);
#2420=B_SPLINE_CURVE_WITH_KNOTS('',2,(#9318,#9319,#9320,#9321),
 .UNSPECIFIED.,.F.,.F.,(3,1,3),(0.,1.,2.),.UNSPECIFIED.);
#2421=B_SPLINE_CURVE_WITH_KNOTS('',2,(#9324,#9325,#9326,#9327),
 .UNSPECIFIED.,.F.,.F.,(3,1,3),(0.,1.,2.),.UNSPECIFIED.);
#2422=B_SPLINE_CURVE_WITH_KNOTS('',2,(#9355,#9356,#9357,#9358),
 .UNSPECIFIED.,.F.,.F.,(3,1,3),(0.,1.,2.),.UNSPECIFIED.);
#2423=B_SPLINE_CURVE_WITH_KNOTS('',2,(#9361,#9362,#9363,#9364),
 .UNSPECIFIED.,.F.,.F.,(3,1,3),(0.,1.,2.),.UNSPECIFIED.);
#2424=B_SPLINE_CURVE_WITH_KNOTS('',2,(#9374,#9375,#9376,#9377),
 .UNSPECIFIED.,.F.,.F.,(3,1,3),(0.,1.,2.),.UNSPECIFIED.);
#2425=B_SPLINE_CURVE_WITH_KNOTS('',2,(#9380,#9381,#9382,#9383),
 .UNSPECIFIED.,.F.,.F.,(3,1,3),(0.,1.,2.),.UNSPECIFIED.);
#2426=B_SPLINE_CURVE_WITH_KNOTS('',2,(#9393,#9394,#9395,#9396),
 .UNSPECIFIED.,.F.,.F.,(3,1,3),(0.,1.,2.),.UNSPECIFIED.);
#2427=B_SPLINE_CURVE_WITH_KNOTS('',2,(#9399,#9400,#9401,#9402),
 .UNSPECIFIED.,.F.,.F.,(3,1,3),(0.,1.,2.),.UNSPECIFIED.);
#2428=B_SPLINE_CURVE_WITH_KNOTS('',2,(#9412,#9413,#9414,#9415),
 .UNSPECIFIED.,.F.,.F.,(3,1,3),(0.,1.,2.),.UNSPECIFIED.);
#2429=B_SPLINE_CURVE_WITH_KNOTS('',2,(#9418,#9419,#9420,#9421),
 .UNSPECIFIED.,.F.,.F.,(3,1,3),(0.,1.,2.),.UNSPECIFIED.);
#2430=B_SPLINE_CURVE_WITH_KNOTS('',2,(#9431,#9432,#9433,#9434),
 .UNSPECIFIED.,.F.,.F.,(3,1,3),(0.,1.,2.),.UNSPECIFIED.);
#2431=B_SPLINE_CURVE_WITH_KNOTS('',2,(#9437,#9438,#9439,#9440),
 .UNSPECIFIED.,.F.,.F.,(3,1,3),(0.,1.,2.),.UNSPECIFIED.);
#2432=B_SPLINE_CURVE_WITH_KNOTS('',2,(#9462,#9463,#9464,#9465),
 .UNSPECIFIED.,.F.,.F.,(3,1,3),(0.,1.,2.),.UNSPECIFIED.);
#2433=B_SPLINE_CURVE_WITH_KNOTS('',2,(#9468,#9469,#9470,#9471),
 .UNSPECIFIED.,.F.,.F.,(3,1,3),(0.,1.,2.),.UNSPECIFIED.);
#2434=B_SPLINE_CURVE_WITH_KNOTS('',2,(#9481,#9482,#9483,#9484),
 .UNSPECIFIED.,.F.,.F.,(3,1,3),(0.,1.,2.),.UNSPECIFIED.);
#2435=B_SPLINE_CURVE_WITH_KNOTS('',2,(#9487,#9488,#9489,#9490),
 .UNSPECIFIED.,.F.,.F.,(3,1,3),(0.,1.,2.),.UNSPECIFIED.);
#2436=B_SPLINE_CURVE_WITH_KNOTS('',2,(#9500,#9501,#9502,#9503),
 .UNSPECIFIED.,.F.,.F.,(3,1,3),(0.,1.,2.),.UNSPECIFIED.);
#2437=B_SPLINE_CURVE_WITH_KNOTS('',2,(#9506,#9507,#9508,#9509),
 .UNSPECIFIED.,.F.,.F.,(3,1,3),(0.,1.,2.),.UNSPECIFIED.);
#2438=B_SPLINE_CURVE_WITH_KNOTS('',2,(#9519,#9520,#9521,#9522),
 .UNSPECIFIED.,.F.,.F.,(3,1,3),(0.,1.,2.),.UNSPECIFIED.);
#2439=B_SPLINE_CURVE_WITH_KNOTS('',2,(#9525,#9526,#9527,#9528),
 .UNSPECIFIED.,.F.,.F.,(3,1,3),(0.,1.,2.),.UNSPECIFIED.);
#2440=B_SPLINE_CURVE_WITH_KNOTS('',2,(#9538,#9539,#9540,#9541),
 .UNSPECIFIED.,.F.,.F.,(3,1,3),(0.,1.,2.),.UNSPECIFIED.);
#2441=B_SPLINE_CURVE_WITH_KNOTS('',2,(#9544,#9545,#9546,#9547),
 .UNSPECIFIED.,.F.,.F.,(3,1,3),(0.,1.,2.),.UNSPECIFIED.);
#2442=B_SPLINE_CURVE_WITH_KNOTS('',2,(#9563,#9564,#9565,#9566),
 .UNSPECIFIED.,.F.,.F.,(3,1,3),(0.,1.,2.),.UNSPECIFIED.);
#2443=B_SPLINE_CURVE_WITH_KNOTS('',2,(#9569,#9570,#9571,#9572),
 .UNSPECIFIED.,.F.,.F.,(3,1,3),(0.,1.,2.),.UNSPECIFIED.);
#2444=B_SPLINE_CURVE_WITH_KNOTS('',2,(#9582,#9583,#9584,#9585),
 .UNSPECIFIED.,.F.,.F.,(3,1,3),(0.,1.,2.),.UNSPECIFIED.);
#2445=B_SPLINE_CURVE_WITH_KNOTS('',2,(#9588,#9589,#9590,#9591),
 .UNSPECIFIED.,.F.,.F.,(3,1,3),(0.,1.,2.),.UNSPECIFIED.);
#2446=B_SPLINE_CURVE_WITH_KNOTS('',2,(#9601,#9602,#9603,#9604),
 .UNSPECIFIED.,.F.,.F.,(3,1,3),(0.,1.,2.),.UNSPECIFIED.);
#2447=B_SPLINE_CURVE_WITH_KNOTS('',2,(#9607,#9608,#9609,#9610),
 .UNSPECIFIED.,.F.,.F.,(3,1,3),(0.,1.,2.),.UNSPECIFIED.);
#2448=B_SPLINE_CURVE_WITH_KNOTS('',2,(#9620,#9621,#9622,#9623),
 .UNSPECIFIED.,.F.,.F.,(3,1,3),(0.,1.,2.),.UNSPECIFIED.);
#2449=B_SPLINE_CURVE_WITH_KNOTS('',2,(#9626,#9627,#9628,#9629),
 .UNSPECIFIED.,.F.,.F.,(3,1,3),(0.,1.,2.),.UNSPECIFIED.);
#2450=B_SPLINE_CURVE_WITH_KNOTS('',2,(#9651,#9652,#9653,#9654),
 .UNSPECIFIED.,.F.,.F.,(3,1,3),(0.,1.,2.),.UNSPECIFIED.);
#2451=B_SPLINE_CURVE_WITH_KNOTS('',2,(#9657,#9658,#9659,#9660),
 .UNSPECIFIED.,.F.,.F.,(3,1,3),(0.,1.,2.),.UNSPECIFIED.);
#2452=B_SPLINE_CURVE_WITH_KNOTS('',2,(#9669,#9670,#9671,#9672),
 .UNSPECIFIED.,.F.,.F.,(3,1,3),(0.,1.,2.),.UNSPECIFIED.);
#2453=B_SPLINE_CURVE_WITH_KNOTS('',2,(#9673,#9674,#9675,#9676),
 .UNSPECIFIED.,.F.,.F.,(3,1,3),(0.,1.,2.),.UNSPECIFIED.);
#2454=B_SPLINE_CURVE_WITH_KNOTS('',2,(#9773,#9774,#9775,#9776),
 .UNSPECIFIED.,.F.,.F.,(3,1,3),(0.,1.,2.),.UNSPECIFIED.);
#2455=B_SPLINE_CURVE_WITH_KNOTS('',2,(#9780,#9781,#9782,#9783),
 .UNSPECIFIED.,.F.,.F.,(3,1,3),(0.,1.,2.),.UNSPECIFIED.);
#2456=B_SPLINE_CURVE_WITH_KNOTS('',2,(#9794,#9795,#9796,#9797),
 .UNSPECIFIED.,.F.,.F.,(3,1,3),(0.,1.,2.),.UNSPECIFIED.);
#2457=B_SPLINE_CURVE_WITH_KNOTS('',2,(#9800,#9801,#9802,#9803),
 .UNSPECIFIED.,.F.,.F.,(3,1,3),(0.,1.,2.),.UNSPECIFIED.);
#2458=B_SPLINE_CURVE_WITH_KNOTS('',2,(#9813,#9814,#9815,#9816),
 .UNSPECIFIED.,.F.,.F.,(3,1,3),(0.,1.,2.),.UNSPECIFIED.);
#2459=B_SPLINE_CURVE_WITH_KNOTS('',2,(#9819,#9820,#9821,#9822),
 .UNSPECIFIED.,.F.,.F.,(3,1,3),(0.,1.,2.),.UNSPECIFIED.);
#2460=B_SPLINE_CURVE_WITH_KNOTS('',2,(#9862,#9863,#9864,#9865),
 .UNSPECIFIED.,.F.,.F.,(3,1,3),(0.,1.,2.),.UNSPECIFIED.);
#2461=B_SPLINE_CURVE_WITH_KNOTS('',2,(#9868,#9869,#9870,#9871),
 .UNSPECIFIED.,.F.,.F.,(3,1,3),(0.,1.,2.),.UNSPECIFIED.);
#2462=B_SPLINE_CURVE_WITH_KNOTS('',2,(#9881,#9882,#9883,#9884),
 .UNSPECIFIED.,.F.,.F.,(3,1,3),(0.,1.,2.),.UNSPECIFIED.);
#2463=B_SPLINE_CURVE_WITH_KNOTS('',2,(#9887,#9888,#9889,#9890),
 .UNSPECIFIED.,.F.,.F.,(3,1,3),(0.,1.,2.),.UNSPECIFIED.);
#2464=B_SPLINE_CURVE_WITH_KNOTS('',2,(#9900,#9901,#9902,#9903),
 .UNSPECIFIED.,.F.,.F.,(3,1,3),(0.,1.,2.),.UNSPECIFIED.);
#2465=B_SPLINE_CURVE_WITH_KNOTS('',2,(#9906,#9907,#9908,#9909),
 .UNSPECIFIED.,.F.,.F.,(3,1,3),(0.,1.,2.),.UNSPECIFIED.);
#2466=B_SPLINE_CURVE_WITH_KNOTS('',2,(#9919,#9920,#9921,#9922),
 .UNSPECIFIED.,.F.,.F.,(3,1,3),(0.,1.,2.),.UNSPECIFIED.);
#2467=B_SPLINE_CURVE_WITH_KNOTS('',2,(#9925,#9926,#9927,#9928),
 .UNSPECIFIED.,.F.,.F.,(3,1,3),(0.,1.,2.),.UNSPECIFIED.);
#2468=B_SPLINE_CURVE_WITH_KNOTS('',2,(#9938,#9939,#9940,#9941),
 .UNSPECIFIED.,.F.,.F.,(3,1,3),(0.,1.,2.),.UNSPECIFIED.);
#2469=B_SPLINE_CURVE_WITH_KNOTS('',2,(#9944,#9945,#9946,#9947),
 .UNSPECIFIED.,.F.,.F.,(3,1,3),(0.,1.,2.),.UNSPECIFIED.);
#2470=B_SPLINE_CURVE_WITH_KNOTS('',2,(#9957,#9958,#9959,#9960),
 .UNSPECIFIED.,.F.,.F.,(3,1,3),(0.,1.,2.),.UNSPECIFIED.);
#2471=B_SPLINE_CURVE_WITH_KNOTS('',2,(#9963,#9964,#9965,#9966),
 .UNSPECIFIED.,.F.,.F.,(3,1,3),(0.,1.,2.),.UNSPECIFIED.);
#2472=B_SPLINE_CURVE_WITH_KNOTS('',2,(#9976,#9977,#9978,#9979),
 .UNSPECIFIED.,.F.,.F.,(3,1,3),(0.,1.,2.),.UNSPECIFIED.);
#2473=B_SPLINE_CURVE_WITH_KNOTS('',2,(#9982,#9983,#9984,#9985),
 .UNSPECIFIED.,.F.,.F.,(3,1,3),(0.,1.,2.),.UNSPECIFIED.);
#2474=B_SPLINE_CURVE_WITH_KNOTS('',2,(#10007,#10008,#10009,#10010),
 .UNSPECIFIED.,.F.,.F.,(3,1,3),(0.,1.,2.),.UNSPECIFIED.);
#2475=B_SPLINE_CURVE_WITH_KNOTS('',2,(#10013,#10014,#10015,#10016),
 .UNSPECIFIED.,.F.,.F.,(3,1,3),(0.,1.,2.),.UNSPECIFIED.);
#2476=B_SPLINE_CURVE_WITH_KNOTS('',2,(#10026,#10027,#10028,#10029),
 .UNSPECIFIED.,.F.,.F.,(3,1,3),(0.,1.,2.),.UNSPECIFIED.);
#2477=B_SPLINE_CURVE_WITH_KNOTS('',2,(#10032,#10033,#10034,#10035),
 .UNSPECIFIED.,.F.,.F.,(3,1,3),(0.,1.,2.),.UNSPECIFIED.);
#2478=B_SPLINE_CURVE_WITH_KNOTS('',2,(#10044,#10045,#10046,#10047),
 .UNSPECIFIED.,.F.,.F.,(3,1,3),(0.,1.,2.),.UNSPECIFIED.);
#2479=B_SPLINE_CURVE_WITH_KNOTS('',2,(#10048,#10049,#10050,#10051),
 .UNSPECIFIED.,.F.,.F.,(3,1,3),(0.,1.,2.),.UNSPECIFIED.);
#2480=B_SPLINE_CURVE_WITH_KNOTS('',2,(#10063,#10064,#10065,#10066),
 .UNSPECIFIED.,.F.,.F.,(3,1,3),(0.,1.,2.),.UNSPECIFIED.);
#2481=B_SPLINE_CURVE_WITH_KNOTS('',2,(#10070,#10071,#10072,#10073),
 .UNSPECIFIED.,.F.,.F.,(3,1,3),(0.,1.,2.),.UNSPECIFIED.);
#2482=B_SPLINE_CURVE_WITH_KNOTS('',2,(#10102,#10103,#10104,#10105),
 .UNSPECIFIED.,.F.,.F.,(3,1,3),(0.,1.,2.),.UNSPECIFIED.);
#2483=B_SPLINE_CURVE_WITH_KNOTS('',2,(#10107,#10108,#10109,#10110),
 .UNSPECIFIED.,.F.,.F.,(3,1,3),(0.,1.,2.),.UNSPECIFIED.);
#2484=B_SPLINE_CURVE_WITH_KNOTS('',2,(#10121,#10122,#10123,#10124),
 .UNSPECIFIED.,.F.,.F.,(3,1,3),(0.,1.,2.),.UNSPECIFIED.);
#2485=B_SPLINE_CURVE_WITH_KNOTS('',2,(#10126,#10127,#10128,#10129),
 .UNSPECIFIED.,.F.,.F.,(3,1,3),(0.,1.,2.),.UNSPECIFIED.);
#2486=B_SPLINE_CURVE_WITH_KNOTS('',2,(#10139,#10140,#10141,#10142),
 .UNSPECIFIED.,.F.,.F.,(3,1,3),(0.,1.,2.),.UNSPECIFIED.);
#2487=B_SPLINE_CURVE_WITH_KNOTS('',2,(#10143,#10144,#10145,#10146),
 .UNSPECIFIED.,.F.,.F.,(3,1,3),(0.,1.,2.),.UNSPECIFIED.);
#2488=B_SPLINE_CURVE_WITH_KNOTS('',2,(#10157,#10158,#10159,#10160),
 .UNSPECIFIED.,.F.,.F.,(3,1,3),(0.,1.,2.),.UNSPECIFIED.);
#2489=B_SPLINE_CURVE_WITH_KNOTS('',2,(#10164,#10165,#10166,#10167),
 .UNSPECIFIED.,.F.,.F.,(3,1,3),(0.,1.,2.),.UNSPECIFIED.);
#2490=B_SPLINE_CURVE_WITH_KNOTS('',2,(#10178,#10179,#10180,#10181),
 .UNSPECIFIED.,.F.,.F.,(3,1,3),(0.,1.,2.),.UNSPECIFIED.);
#2491=B_SPLINE_CURVE_WITH_KNOTS('',2,(#10184,#10185,#10186,#10187),
 .UNSPECIFIED.,.F.,.F.,(3,1,3),(0.,1.,2.),.UNSPECIFIED.);
#2492=B_SPLINE_CURVE_WITH_KNOTS('',2,(#10215,#10216,#10217,#10218),
 .UNSPECIFIED.,.F.,.F.,(3,1,3),(0.,1.,2.),.UNSPECIFIED.);
#2493=B_SPLINE_CURVE_WITH_KNOTS('',2,(#10221,#10222,#10223,#10224),
 .UNSPECIFIED.,.F.,.F.,(3,1,3),(0.,1.,2.),.UNSPECIFIED.);
#2494=B_SPLINE_CURVE_WITH_KNOTS('',2,(#10233,#10234,#10235,#10236),
 .UNSPECIFIED.,.F.,.F.,(3,1,3),(0.,1.,2.),.UNSPECIFIED.);
#2495=B_SPLINE_CURVE_WITH_KNOTS('',2,(#10237,#10238,#10239,#10240),
 .UNSPECIFIED.,.F.,.F.,(3,1,3),(0.,1.,2.),.UNSPECIFIED.);
#2496=B_SPLINE_CURVE_WITH_KNOTS('',2,(#10252,#10253,#10254,#10255),
 .UNSPECIFIED.,.F.,.F.,(3,1,3),(0.,1.,2.),.UNSPECIFIED.);
#2497=B_SPLINE_CURVE_WITH_KNOTS('',2,(#10259,#10260,#10261,#10262),
 .UNSPECIFIED.,.F.,.F.,(3,1,3),(0.,1.,2.),.UNSPECIFIED.);
#2498=B_SPLINE_CURVE_WITH_KNOTS('',2,(#10273,#10274,#10275,#10276),
 .UNSPECIFIED.,.F.,.F.,(3,1,3),(0.,1.,2.),.UNSPECIFIED.);
#2499=B_SPLINE_CURVE_WITH_KNOTS('',2,(#10278,#10279,#10280,#10281),
 .UNSPECIFIED.,.F.,.F.,(3,1,3),(0.,1.,2.),.UNSPECIFIED.);
#2500=B_SPLINE_CURVE_WITH_KNOTS('',2,(#10292,#10293,#10294,#10295),
 .UNSPECIFIED.,.F.,.F.,(3,1,3),(0.,1.,2.),.UNSPECIFIED.);
#2501=B_SPLINE_CURVE_WITH_KNOTS('',2,(#10297,#10298,#10299,#10300),
 .UNSPECIFIED.,.F.,.F.,(3,1,3),(0.,1.,2.),.UNSPECIFIED.);
#2502=B_SPLINE_CURVE_WITH_KNOTS('',2,(#10311,#10312,#10313,#10314),
 .UNSPECIFIED.,.F.,.F.,(3,1,3),(0.,1.,2.),.UNSPECIFIED.);
#2503=B_SPLINE_CURVE_WITH_KNOTS('',2,(#10316,#10317,#10318,#10319),
 .UNSPECIFIED.,.F.,.F.,(3,1,3),(0.,1.,2.),.UNSPECIFIED.);
#2504=B_SPLINE_CURVE_WITH_KNOTS('',2,(#10330,#10331,#10332,#10333),
 .UNSPECIFIED.,.F.,.F.,(3,1,3),(0.,1.,2.),.UNSPECIFIED.);
#2505=B_SPLINE_CURVE_WITH_KNOTS('',2,(#10335,#10336,#10337,#10338),
 .UNSPECIFIED.,.F.,.F.,(3,1,3),(0.,1.,2.),.UNSPECIFIED.);
#2506=B_SPLINE_CURVE_WITH_KNOTS('',2,(#10348,#10349,#10350,#10351),
 .UNSPECIFIED.,.F.,.F.,(3,1,3),(0.,1.,2.),.UNSPECIFIED.);
#2507=B_SPLINE_CURVE_WITH_KNOTS('',2,(#10352,#10353,#10354,#10355),
 .UNSPECIFIED.,.F.,.F.,(3,1,3),(0.,1.,2.),.UNSPECIFIED.);
#2508=B_SPLINE_CURVE_WITH_KNOTS('',2,(#10380,#10381,#10382,#10383),
 .UNSPECIFIED.,.F.,.F.,(3,1,3),(0.,1.,2.),.UNSPECIFIED.);
#2509=B_SPLINE_CURVE_WITH_KNOTS('',2,(#10386,#10387,#10388,#10389),
 .UNSPECIFIED.,.F.,.F.,(3,1,3),(0.,1.,2.),.UNSPECIFIED.);
#2510=B_SPLINE_CURVE_WITH_KNOTS('',2,(#10399,#10400,#10401,#10402),
 .UNSPECIFIED.,.F.,.F.,(3,1,3),(0.,1.,2.),.UNSPECIFIED.);
#2511=B_SPLINE_CURVE_WITH_KNOTS('',2,(#10405,#10406,#10407,#10408),
 .UNSPECIFIED.,.F.,.F.,(3,1,3),(0.,1.,2.),.UNSPECIFIED.);
#2512=B_SPLINE_CURVE_WITH_KNOTS('',2,(#10418,#10419,#10420,#10421),
 .UNSPECIFIED.,.F.,.F.,(3,1,3),(0.,1.,2.),.UNSPECIFIED.);
#2513=B_SPLINE_CURVE_WITH_KNOTS('',2,(#10424,#10425,#10426,#10427),
 .UNSPECIFIED.,.F.,.F.,(3,1,3),(0.,1.,2.),.UNSPECIFIED.);
#2514=B_SPLINE_CURVE_WITH_KNOTS('',2,(#10437,#10438,#10439,#10440),
 .UNSPECIFIED.,.F.,.F.,(3,1,3),(0.,1.,2.),.UNSPECIFIED.);
#2515=B_SPLINE_CURVE_WITH_KNOTS('',2,(#10443,#10444,#10445,#10446),
 .UNSPECIFIED.,.F.,.F.,(3,1,3),(0.,1.,2.),.UNSPECIFIED.);
#2516=B_SPLINE_CURVE_WITH_KNOTS('',2,(#10456,#10457,#10458,#10459),
 .UNSPECIFIED.,.F.,.F.,(3,1,3),(0.,1.,2.),.UNSPECIFIED.);
#2517=B_SPLINE_CURVE_WITH_KNOTS('',2,(#10462,#10463,#10464,#10465),
 .UNSPECIFIED.,.F.,.F.,(3,1,3),(0.,1.,2.),.UNSPECIFIED.);
#2518=B_SPLINE_CURVE_WITH_KNOTS('',2,(#10475,#10476,#10477,#10478),
 .UNSPECIFIED.,.F.,.F.,(3,1,3),(0.,1.,2.),.UNSPECIFIED.);
#2519=B_SPLINE_CURVE_WITH_KNOTS('',2,(#10481,#10482,#10483,#10484),
 .UNSPECIFIED.,.F.,.F.,(3,1,3),(0.,1.,2.),.UNSPECIFIED.);
#2520=B_SPLINE_CURVE_WITH_KNOTS('',2,(#10494,#10495,#10496,#10497),
 .UNSPECIFIED.,.F.,.F.,(3,1,3),(0.,1.,2.),.UNSPECIFIED.);
#2521=B_SPLINE_CURVE_WITH_KNOTS('',2,(#10500,#10501,#10502,#10503),
 .UNSPECIFIED.,.F.,.F.,(3,1,3),(0.,1.,2.),.UNSPECIFIED.);
#2522=B_SPLINE_CURVE_WITH_KNOTS('',2,(#10513,#10514,#10515,#10516),
 .UNSPECIFIED.,.F.,.F.,(3,1,3),(0.,1.,2.),.UNSPECIFIED.);
#2523=B_SPLINE_CURVE_WITH_KNOTS('',2,(#10519,#10520,#10521,#10522),
 .UNSPECIFIED.,.F.,.F.,(3,1,3),(0.,1.,2.),.UNSPECIFIED.);
#2524=B_SPLINE_CURVE_WITH_KNOTS('',2,(#10532,#10533,#10534,#10535),
 .UNSPECIFIED.,.F.,.F.,(3,1,3),(0.,1.,2.),.UNSPECIFIED.);
#2525=B_SPLINE_CURVE_WITH_KNOTS('',2,(#10538,#10539,#10540,#10541),
 .UNSPECIFIED.,.F.,.F.,(3,1,3),(0.,1.,2.),.UNSPECIFIED.);
#2526=B_SPLINE_CURVE_WITH_KNOTS('',2,(#10551,#10552,#10553,#10554),
 .UNSPECIFIED.,.F.,.F.,(3,1,3),(0.,1.,2.),.UNSPECIFIED.);
#2527=B_SPLINE_CURVE_WITH_KNOTS('',2,(#10557,#10558,#10559,#10560),
 .UNSPECIFIED.,.F.,.F.,(3,1,3),(0.,1.,2.),.UNSPECIFIED.);
#2528=B_SPLINE_CURVE_WITH_KNOTS('',2,(#10566,#10567,#10568,#10569),
 .UNSPECIFIED.,.F.,.F.,(3,1,3),(0.,1.,2.),.UNSPECIFIED.);
#2529=B_SPLINE_CURVE_WITH_KNOTS('',2,(#10579,#10580,#10581,#10582),
 .UNSPECIFIED.,.F.,.F.,(3,1,3),(0.,1.,2.),.UNSPECIFIED.);
#2530=B_SPLINE_CURVE_WITH_KNOTS('',2,(#10585,#10586,#10587,#10588),
 .UNSPECIFIED.,.F.,.F.,(3,1,3),(0.,1.,2.),.UNSPECIFIED.);
#2531=B_SPLINE_CURVE_WITH_KNOTS('',2,(#10597,#10598,#10599,#10600),
 .UNSPECIFIED.,.F.,.F.,(3,1,3),(0.,1.,2.),.UNSPECIFIED.);
#2532=B_SPLINE_CURVE_WITH_KNOTS('',2,(#10601,#10602,#10603,#10604),
 .UNSPECIFIED.,.F.,.F.,(3,1,3),(0.,1.,2.),.UNSPECIFIED.);
#2533=B_SPLINE_CURVE_WITH_KNOTS('',2,(#10642,#10643,#10644,#10645),
 .UNSPECIFIED.,.F.,.F.,(3,1,3),(0.,1.,2.),.UNSPECIFIED.);
#2534=B_SPLINE_CURVE_WITH_KNOTS('',2,(#10648,#10649,#10650,#10651),
 .UNSPECIFIED.,.F.,.F.,(3,1,3),(0.,1.,2.),.UNSPECIFIED.);
#2535=B_SPLINE_CURVE_WITH_KNOTS('',2,(#10696,#10697,#10698,#10699),
 .UNSPECIFIED.,.F.,.F.,(3,1,3),(0.,1.,2.),.UNSPECIFIED.);
#2536=B_SPLINE_CURVE_WITH_KNOTS('',2,(#10703,#10704,#10705,#10706),
 .UNSPECIFIED.,.F.,.F.,(3,1,3),(0.,1.,2.),.UNSPECIFIED.);
#2537=B_SPLINE_CURVE_WITH_KNOTS('',2,(#10717,#10718,#10719,#10720),
 .UNSPECIFIED.,.F.,.F.,(3,1,3),(0.,1.,2.),.UNSPECIFIED.);
#2538=B_SPLINE_CURVE_WITH_KNOTS('',2,(#10722,#10723,#10724,#10725),
 .UNSPECIFIED.,.F.,.F.,(3,1,3),(0.,1.,2.),.UNSPECIFIED.);
#2539=B_SPLINE_CURVE_WITH_KNOTS('',2,(#10736,#10737,#10738,#10739),
 .UNSPECIFIED.,.F.,.F.,(3,1,3),(0.,1.,2.),.UNSPECIFIED.);
#2540=B_SPLINE_CURVE_WITH_KNOTS('',2,(#10741,#10742,#10743,#10744),
 .UNSPECIFIED.,.F.,.F.,(3,1,3),(0.,1.,2.),.UNSPECIFIED.);
#2541=B_SPLINE_CURVE_WITH_KNOTS('',2,(#10755,#10756,#10757,#10758),
 .UNSPECIFIED.,.F.,.F.,(3,1,3),(0.,1.,2.),.UNSPECIFIED.);
#2542=B_SPLINE_CURVE_WITH_KNOTS('',2,(#10760,#10761,#10762,#10763),
 .UNSPECIFIED.,.F.,.F.,(3,1,3),(0.,1.,2.),.UNSPECIFIED.);
#2543=B_SPLINE_CURVE_WITH_KNOTS('',2,(#10773,#10774,#10775,#10776),
 .UNSPECIFIED.,.F.,.F.,(3,1,3),(0.,1.,2.),.UNSPECIFIED.);
#2544=B_SPLINE_CURVE_WITH_KNOTS('',2,(#10777,#10778,#10779,#10780),
 .UNSPECIFIED.,.F.,.F.,(3,1,3),(0.,1.,2.),.UNSPECIFIED.);
#2545=B_SPLINE_CURVE_WITH_KNOTS('',2,(#10791,#10792,#10793,#10794),
 .UNSPECIFIED.,.F.,.F.,(3,1,3),(0.,1.,2.),.UNSPECIFIED.);
#2546=B_SPLINE_CURVE_WITH_KNOTS('',2,(#10798,#10799,#10800,#10801),
 .UNSPECIFIED.,.F.,.F.,(3,1,3),(0.,1.,2.),.UNSPECIFIED.);
#2547=B_SPLINE_CURVE_WITH_KNOTS('',2,(#10812,#10813,#10814,#10815),
 .UNSPECIFIED.,.F.,.F.,(3,1,3),(0.,1.,2.),.UNSPECIFIED.);
#2548=B_SPLINE_CURVE_WITH_KNOTS('',2,(#10817,#10818,#10819,#10820),
 .UNSPECIFIED.,.F.,.F.,(3,1,3),(0.,1.,2.),.UNSPECIFIED.);
#2549=B_SPLINE_CURVE_WITH_KNOTS('',2,(#10831,#10832,#10833,#10834),
 .UNSPECIFIED.,.F.,.F.,(3,1,3),(0.,1.,2.),.UNSPECIFIED.);
#2550=B_SPLINE_CURVE_WITH_KNOTS('',2,(#10836,#10837,#10838,#10839),
 .UNSPECIFIED.,.F.,.F.,(3,1,3),(0.,1.,2.),.UNSPECIFIED.);
#2551=B_SPLINE_CURVE_WITH_KNOTS('',2,(#10850,#10851,#10852,#10853),
 .UNSPECIFIED.,.F.,.F.,(3,1,3),(0.,1.,2.),.UNSPECIFIED.);
#2552=B_SPLINE_CURVE_WITH_KNOTS('',2,(#10855,#10856,#10857,#10858),
 .UNSPECIFIED.,.F.,.F.,(3,1,3),(0.,1.,2.),.UNSPECIFIED.);
#2553=B_SPLINE_CURVE_WITH_KNOTS('',2,(#10868,#10869,#10870,#10871),
 .UNSPECIFIED.,.F.,.F.,(3,1,3),(0.,1.,2.),.UNSPECIFIED.);
#2554=B_SPLINE_CURVE_WITH_KNOTS('',2,(#10872,#10873,#10874,#10875),
 .UNSPECIFIED.,.F.,.F.,(3,1,3),(0.,1.,2.),.UNSPECIFIED.);
#2555=B_SPLINE_CURVE_WITH_KNOTS('',2,(#10886,#10887,#10888,#10889),
 .UNSPECIFIED.,.F.,.F.,(3,1,3),(0.,1.,2.),.UNSPECIFIED.);
#2556=B_SPLINE_CURVE_WITH_KNOTS('',2,(#10893,#10894,#10895,#10896),
 .UNSPECIFIED.,.F.,.F.,(3,1,3),(0.,1.,2.),.UNSPECIFIED.);
#2557=B_SPLINE_CURVE_WITH_KNOTS('',2,(#10907,#10908,#10909,#10910),
 .UNSPECIFIED.,.F.,.F.,(3,1,3),(0.,1.,2.),.UNSPECIFIED.);
#2558=B_SPLINE_CURVE_WITH_KNOTS('',2,(#10913,#10914,#10915,#10916),
 .UNSPECIFIED.,.F.,.F.,(3,1,3),(0.,1.,2.),.UNSPECIFIED.);
#2559=B_SPLINE_CURVE_WITH_KNOTS('',2,(#10932,#10933,#10934,#10935),
 .UNSPECIFIED.,.F.,.F.,(3,1,3),(0.,1.,2.),.UNSPECIFIED.);
#2560=B_SPLINE_CURVE_WITH_KNOTS('',2,(#10938,#10939,#10940,#10941),
 .UNSPECIFIED.,.F.,.F.,(3,1,3),(0.,1.,2.),.UNSPECIFIED.);
#2561=B_SPLINE_CURVE_WITH_KNOTS('',2,(#10951,#10952,#10953,#10954),
 .UNSPECIFIED.,.F.,.F.,(3,1,3),(0.,1.,2.),.UNSPECIFIED.);
#2562=B_SPLINE_CURVE_WITH_KNOTS('',2,(#10957,#10958,#10959,#10960),
 .UNSPECIFIED.,.F.,.F.,(3,1,3),(0.,1.,2.),.UNSPECIFIED.);
#2563=B_SPLINE_CURVE_WITH_KNOTS('',2,(#10970,#10971,#10972,#10973),
 .UNSPECIFIED.,.F.,.F.,(3,1,3),(0.,1.,2.),.UNSPECIFIED.);
#2564=B_SPLINE_CURVE_WITH_KNOTS('',2,(#10976,#10977,#10978,#10979),
 .UNSPECIFIED.,.F.,.F.,(3,1,3),(0.,1.,2.),.UNSPECIFIED.);
#2565=B_SPLINE_CURVE_WITH_KNOTS('',2,(#10989,#10990,#10991,#10992),
 .UNSPECIFIED.,.F.,.F.,(3,1,3),(0.,1.,2.),.UNSPECIFIED.);
#2566=B_SPLINE_CURVE_WITH_KNOTS('',2,(#10995,#10996,#10997,#10998),
 .UNSPECIFIED.,.F.,.F.,(3,1,3),(0.,1.,2.),.UNSPECIFIED.);
#2567=B_SPLINE_CURVE_WITH_KNOTS('',2,(#11014,#11015,#11016,#11017),
 .UNSPECIFIED.,.F.,.F.,(3,1,3),(0.,1.,2.),.UNSPECIFIED.);
#2568=B_SPLINE_CURVE_WITH_KNOTS('',2,(#11020,#11021,#11022,#11023),
 .UNSPECIFIED.,.F.,.F.,(3,1,3),(0.,1.,2.),.UNSPECIFIED.);
#2569=B_SPLINE_CURVE_WITH_KNOTS('',2,(#11033,#11034,#11035,#11036),
 .UNSPECIFIED.,.F.,.F.,(3,1,3),(0.,1.,2.),.UNSPECIFIED.);
#2570=B_SPLINE_CURVE_WITH_KNOTS('',2,(#11039,#11040,#11041,#11042),
 .UNSPECIFIED.,.F.,.F.,(3,1,3),(0.,1.,2.),.UNSPECIFIED.);
#2571=B_SPLINE_CURVE_WITH_KNOTS('',2,(#11051,#11052,#11053,#11054),
 .UNSPECIFIED.,.F.,.F.,(3,1,3),(0.,1.,2.),.UNSPECIFIED.);
#2572=B_SPLINE_CURVE_WITH_KNOTS('',2,(#11055,#11056,#11057,#11058),
 .UNSPECIFIED.,.F.,.F.,(3,1,3),(0.,1.,2.),.UNSPECIFIED.);
#2573=VERTEX_POINT('',#7723);
#2574=VERTEX_POINT('',#7724);
#2575=VERTEX_POINT('',#7729);
#2576=VERTEX_POINT('',#7731);
#2577=VERTEX_POINT('',#7745);
#2578=VERTEX_POINT('',#7750);
#2579=VERTEX_POINT('',#7764);
#2580=VERTEX_POINT('',#7769);
#2581=VERTEX_POINT('',#7783);
#2582=VERTEX_POINT('',#7788);
#2583=VERTEX_POINT('',#7802);
#2584=VERTEX_POINT('',#7807);
#2585=VERTEX_POINT('',#7821);
#2586=VERTEX_POINT('',#7826);
#2587=VERTEX_POINT('',#7856);
#2588=VERTEX_POINT('',#7857);
#2589=VERTEX_POINT('',#7862);
#2590=VERTEX_POINT('',#7864);
#2591=VERTEX_POINT('',#7878);
#2592=VERTEX_POINT('',#7883);
#2593=VERTEX_POINT('',#7897);
#2594=VERTEX_POINT('',#7902);
#2595=VERTEX_POINT('',#7916);
#2596=VERTEX_POINT('',#7921);
#2597=VERTEX_POINT('',#7935);
#2598=VERTEX_POINT('',#7940);
#2599=VERTEX_POINT('',#7947);
#2600=VERTEX_POINT('',#7949);
#2601=VERTEX_POINT('',#7953);
#2602=VERTEX_POINT('',#7955);
#2603=VERTEX_POINT('',#7966);
#2604=VERTEX_POINT('',#7971);
#2605=VERTEX_POINT('',#7985);
#2606=VERTEX_POINT('',#7990);
#2607=VERTEX_POINT('',#8004);
#2608=VERTEX_POINT('',#8009);
#2609=VERTEX_POINT('',#8023);
#2610=VERTEX_POINT('',#8028);
#2611=VERTEX_POINT('',#8042);
#2612=VERTEX_POINT('',#8047);
#2613=VERTEX_POINT('',#8061);
#2614=VERTEX_POINT('',#8066);
#2615=VERTEX_POINT('',#8090);
#2616=VERTEX_POINT('',#8091);
#2617=VERTEX_POINT('',#8093);
#2618=VERTEX_POINT('',#8095);
#2619=VERTEX_POINT('',#8099);
#2620=VERTEX_POINT('',#8101);
#2621=VERTEX_POINT('',#8112);
#2622=VERTEX_POINT('',#8117);
#2623=VERTEX_POINT('',#8131);
#2624=VERTEX_POINT('',#8136);
#2625=VERTEX_POINT('',#8150);
#2626=VERTEX_POINT('',#8155);
#2627=VERTEX_POINT('',#8169);
#2628=VERTEX_POINT('',#8174);
#2629=VERTEX_POINT('',#8188);
#2630=VERTEX_POINT('',#8193);
#2631=VERTEX_POINT('',#8200);
#2632=VERTEX_POINT('',#8202);
#2633=VERTEX_POINT('',#8206);
#2634=VERTEX_POINT('',#8208);
#2635=VERTEX_POINT('',#8219);
#2636=VERTEX_POINT('',#8224);
#2637=VERTEX_POINT('',#8238);
#2638=VERTEX_POINT('',#8243);
#2639=VERTEX_POINT('',#8257);
#2640=VERTEX_POINT('',#8262);
#2641=VERTEX_POINT('',#8276);
#2642=VERTEX_POINT('',#8281);
#2643=VERTEX_POINT('',#8295);
#2644=VERTEX_POINT('',#8300);
#2645=VERTEX_POINT('',#8314);
#2646=VERTEX_POINT('',#8319);
#2647=VERTEX_POINT('',#8326);
#2648=VERTEX_POINT('',#8328);
#2649=VERTEX_POINT('',#8343);
#2650=VERTEX_POINT('',#8344);
#2651=VERTEX_POINT('',#8349);
#2652=VERTEX_POINT('',#8351);
#2653=VERTEX_POINT('',#8365);
#2654=VERTEX_POINT('',#8370);
#2655=VERTEX_POINT('',#8384);
#2656=VERTEX_POINT('',#8389);
#2657=VERTEX_POINT('',#8403);
#2658=VERTEX_POINT('',#8408);
#2659=VERTEX_POINT('',#8422);
#2660=VERTEX_POINT('',#8427);
#2661=VERTEX_POINT('',#8450);
#2662=VERTEX_POINT('',#8451);
#2663=VERTEX_POINT('',#8453);
#2664=VERTEX_POINT('',#8455);
#2665=VERTEX_POINT('',#8459);
#2666=VERTEX_POINT('',#8461);
#2667=VERTEX_POINT('',#8472);
#2668=VERTEX_POINT('',#8477);
#2669=VERTEX_POINT('',#8491);
#2670=VERTEX_POINT('',#8496);
#2671=VERTEX_POINT('',#8510);
#2672=VERTEX_POINT('',#8515);
#2673=VERTEX_POINT('',#8529);
#2674=VERTEX_POINT('',#8534);
#2675=VERTEX_POINT('',#8548);
#2676=VERTEX_POINT('',#8553);
#2677=VERTEX_POINT('',#8567);
#2678=VERTEX_POINT('',#8572);
#2679=VERTEX_POINT('',#8586);
#2680=VERTEX_POINT('',#8591);
#2681=VERTEX_POINT('',#8605);
#2682=VERTEX_POINT('',#8610);
#2683=VERTEX_POINT('',#8624);
#2684=VERTEX_POINT('',#8629);
#2685=VERTEX_POINT('',#8643);
#2686=VERTEX_POINT('',#8648);
#2687=VERTEX_POINT('',#8655);
#2688=VERTEX_POINT('',#8657);
#2689=VERTEX_POINT('',#8671);
#2690=VERTEX_POINT('',#8676);
#2691=VERTEX_POINT('',#8700);
#2692=VERTEX_POINT('',#8701);
#2693=VERTEX_POINT('',#8703);
#2694=VERTEX_POINT('',#8705);
#2695=VERTEX_POINT('',#8709);
#2696=VERTEX_POINT('',#8711);
#2697=VERTEX_POINT('',#8715);
#2698=VERTEX_POINT('',#8717);
#2699=VERTEX_POINT('',#8721);
#2700=VERTEX_POINT('',#8723);
#2701=VERTEX_POINT('',#8727);
#2702=VERTEX_POINT('',#8729);
#2703=VERTEX_POINT('',#8733);
#2704=VERTEX_POINT('',#8735);
#2705=VERTEX_POINT('',#8743);
#2706=VERTEX_POINT('',#8744);
#2707=VERTEX_POINT('',#8746);
#2708=VERTEX_POINT('',#8748);
#2709=VERTEX_POINT('',#8752);
#2710=VERTEX_POINT('',#8754);
#2711=VERTEX_POINT('',#8765);
#2712=VERTEX_POINT('',#8770);
#2713=VERTEX_POINT('',#8784);
#2714=VERTEX_POINT('',#8789);
#2715=VERTEX_POINT('',#8803);
#2716=VERTEX_POINT('',#8808);
#2717=VERTEX_POINT('',#8822);
#2718=VERTEX_POINT('',#8827);
#2719=VERTEX_POINT('',#8841);
#2720=VERTEX_POINT('',#8846);
#2721=VERTEX_POINT('',#8853);
#2722=VERTEX_POINT('',#8855);
#2723=VERTEX_POINT('',#8859);
#2724=VERTEX_POINT('',#8861);
#2725=VERTEX_POINT('',#8872);
#2726=VERTEX_POINT('',#8877);
#2727=VERTEX_POINT('',#8891);
#2728=VERTEX_POINT('',#8896);
#2729=VERTEX_POINT('',#8910);
#2730=VERTEX_POINT('',#8915);
#2731=VERTEX_POINT('',#8929);
#2732=VERTEX_POINT('',#8934);
#2733=VERTEX_POINT('',#8948);
#2734=VERTEX_POINT('',#8953);
#2735=VERTEX_POINT('',#8967);
#2736=VERTEX_POINT('',#8972);
#2737=VERTEX_POINT('',#8979);
#2738=VERTEX_POINT('',#8981);
#2739=VERTEX_POINT('',#8996);
#2740=VERTEX_POINT('',#8997);
#2741=VERTEX_POINT('',#9002);
#2742=VERTEX_POINT('',#9004);
#2743=VERTEX_POINT('',#9011);
#2744=VERTEX_POINT('',#9013);
#2745=VERTEX_POINT('',#9017);
#2746=VERTEX_POINT('',#9019);
#2747=VERTEX_POINT('',#9023);
#2748=VERTEX_POINT('',#9025);
#2749=VERTEX_POINT('',#9036);
#2750=VERTEX_POINT('',#9041);
#2751=VERTEX_POINT('',#9055);
#2752=VERTEX_POINT('',#9060);
#2753=VERTEX_POINT('',#9083);
#2754=VERTEX_POINT('',#9084);
#2755=VERTEX_POINT('',#9086);
#2756=VERTEX_POINT('',#9088);
#2757=VERTEX_POINT('',#9099);
#2758=VERTEX_POINT('',#9104);
#2759=VERTEX_POINT('',#9118);
#2760=VERTEX_POINT('',#9123);
#2761=VERTEX_POINT('',#9137);
#2762=VERTEX_POINT('',#9142);
#2763=VERTEX_POINT('',#9149);
#2764=VERTEX_POINT('',#9151);
#2765=VERTEX_POINT('',#9155);
#2766=VERTEX_POINT('',#9157);
#2767=VERTEX_POINT('',#9161);
#2768=VERTEX_POINT('',#9163);
#2769=VERTEX_POINT('',#9167);
#2770=VERTEX_POINT('',#9169);
#2771=VERTEX_POINT('',#9173);
#2772=VERTEX_POINT('',#9175);
#2773=VERTEX_POINT('',#9179);
#2774=VERTEX_POINT('',#9181);
#2775=VERTEX_POINT('',#9189);
#2776=VERTEX_POINT('',#9190);
#2777=VERTEX_POINT('',#9192);
#2778=VERTEX_POINT('',#9194);
#2779=VERTEX_POINT('',#9198);
#2780=VERTEX_POINT('',#9200);
#2781=VERTEX_POINT('',#9204);
#2782=VERTEX_POINT('',#9206);
#2783=VERTEX_POINT('',#9210);
#2784=VERTEX_POINT('',#9212);
#2785=VERTEX_POINT('',#9223);
#2786=VERTEX_POINT('',#9228);
#2787=VERTEX_POINT('',#9235);
#2788=VERTEX_POINT('',#9237);
#2789=VERTEX_POINT('',#9241);
#2790=VERTEX_POINT('',#9243);
#2791=VERTEX_POINT('',#9247);
#2792=VERTEX_POINT('',#9249);
#2793=VERTEX_POINT('',#9253);
#2794=VERTEX_POINT('',#9255);
#2795=VERTEX_POINT('',#9259);
#2796=VERTEX_POINT('',#9261);
#2797=VERTEX_POINT('',#9276);
#2798=VERTEX_POINT('',#9277);
#2799=VERTEX_POINT('',#9282);
#2800=VERTEX_POINT('',#9284);
#2801=VERTEX_POINT('',#9298);
#2802=VERTEX_POINT('',#9303);
#2803=VERTEX_POINT('',#9317);
#2804=VERTEX_POINT('',#9322);
#2805=VERTEX_POINT('',#9329);
#2806=VERTEX_POINT('',#9331);
#2807=VERTEX_POINT('',#9335);
#2808=VERTEX_POINT('',#9337);
#2809=VERTEX_POINT('',#9341);
#2810=VERTEX_POINT('',#9343);
#2811=VERTEX_POINT('',#9354);
#2812=VERTEX_POINT('',#9359);
#2813=VERTEX_POINT('',#9373);
#2814=VERTEX_POINT('',#9378);
#2815=VERTEX_POINT('',#9392);
#2816=VERTEX_POINT('',#9397);
#2817=VERTEX_POINT('',#9411);
#2818=VERTEX_POINT('',#9416);
#2819=VERTEX_POINT('',#9430);
#2820=VERTEX_POINT('',#9435);
#2821=VERTEX_POINT('',#9442);
#2822=VERTEX_POINT('',#9444);
#2823=VERTEX_POINT('',#9448);
#2824=VERTEX_POINT('',#9450);
#2825=VERTEX_POINT('',#9461);
#2826=VERTEX_POINT('',#9466);
#2827=VERTEX_POINT('',#9480);
#2828=VERTEX_POINT('',#9485);
#2829=VERTEX_POINT('',#9499);
#2830=VERTEX_POINT('',#9504);
#2831=VERTEX_POINT('',#9518);
#2832=VERTEX_POINT('',#9523);
#2833=VERTEX_POINT('',#9537);
#2834=VERTEX_POINT('',#9542);
#2835=VERTEX_POINT('',#9549);
#2836=VERTEX_POINT('',#9551);
#2837=VERTEX_POINT('',#9562);
#2838=VERTEX_POINT('',#9567);
#2839=VERTEX_POINT('',#9581);
#2840=VERTEX_POINT('',#9586);
#2841=VERTEX_POINT('',#9600);
#2842=VERTEX_POINT('',#9605);
#2843=VERTEX_POINT('',#9619);
#2844=VERTEX_POINT('',#9624);
#2845=VERTEX_POINT('',#9631);
#2846=VERTEX_POINT('',#9633);
#2847=VERTEX_POINT('',#9637);
#2848=VERTEX_POINT('',#9639);
#2849=VERTEX_POINT('',#9650);
#2850=VERTEX_POINT('',#9655);
#2851=VERTEX_POINT('',#9679);
#2852=VERTEX_POINT('',#9680);
#2853=VERTEX_POINT('',#9682);
#2854=VERTEX_POINT('',#9684);
#2855=VERTEX_POINT('',#9688);
#2856=VERTEX_POINT('',#9690);
#2857=VERTEX_POINT('',#9697);
#2858=VERTEX_POINT('',#9698);
#2859=VERTEX_POINT('',#9700);
#2860=VERTEX_POINT('',#9702);
#2861=VERTEX_POINT('',#9706);
#2862=VERTEX_POINT('',#9708);
#2863=VERTEX_POINT('',#9712);
#2864=VERTEX_POINT('',#9714);
#2865=VERTEX_POINT('',#9718);
#2866=VERTEX_POINT('',#9720);
#2867=VERTEX_POINT('',#9724);
#2868=VERTEX_POINT('',#9726);
#2869=VERTEX_POINT('',#9730);
#2870=VERTEX_POINT('',#9732);
#2871=VERTEX_POINT('',#9736);
#2872=VERTEX_POINT('',#9738);
#2873=VERTEX_POINT('',#9742);
#2874=VERTEX_POINT('',#9744);
#2875=VERTEX_POINT('',#9748);
#2876=VERTEX_POINT('',#9750);
#2877=VERTEX_POINT('',#9754);
#2878=VERTEX_POINT('',#9756);
#2879=VERTEX_POINT('',#9771);
#2880=VERTEX_POINT('',#9772);
#2881=VERTEX_POINT('',#9777);
#2882=VERTEX_POINT('',#9779);
#2883=VERTEX_POINT('',#9793);
#2884=VERTEX_POINT('',#9798);
#2885=VERTEX_POINT('',#9812);
#2886=VERTEX_POINT('',#9817);
#2887=VERTEX_POINT('',#9824);
#2888=VERTEX_POINT('',#9826);
#2889=VERTEX_POINT('',#9830);
#2890=VERTEX_POINT('',#9832);
#2891=VERTEX_POINT('',#9836);
#2892=VERTEX_POINT('',#9838);
#2893=VERTEX_POINT('',#9842);
#2894=VERTEX_POINT('',#9844);
#2895=VERTEX_POINT('',#9848);
#2896=VERTEX_POINT('',#9850);
#2897=VERTEX_POINT('',#9861);
#2898=VERTEX_POINT('',#9866);
#2899=VERTEX_POINT('',#9880);
#2900=VERTEX_POINT('',#9885);
#2901=VERTEX_POINT('',#9899);
#2902=VERTEX_POINT('',#9904);
#2903=VERTEX_POINT('',#9918);
#2904=VERTEX_POINT('',#9923);
#2905=VERTEX_POINT('',#9937);
#2906=VERTEX_POINT('',#9942);
#2907=VERTEX_POINT('',#9956);
#2908=VERTEX_POINT('',#9961);
#2909=VERTEX_POINT('',#9975);
#2910=VERTEX_POINT('',#9980);
#2911=VERTEX_POINT('',#9987);
#2912=VERTEX_POINT('',#9989);
#2913=VERTEX_POINT('',#9993);
#2914=VERTEX_POINT('',#9995);
#2915=VERTEX_POINT('',#10006);
#2916=VERTEX_POINT('',#10011);
#2917=VERTEX_POINT('',#10025);
#2918=VERTEX_POINT('',#10030);
#2919=VERTEX_POINT('',#10061);
#2920=VERTEX_POINT('',#10062);
#2921=VERTEX_POINT('',#10067);
#2922=VERTEX_POINT('',#10069);
#2923=VERTEX_POINT('',#10076);
#2924=VERTEX_POINT('',#10078);
#2925=VERTEX_POINT('',#10082);
#2926=VERTEX_POINT('',#10084);
#2927=VERTEX_POINT('',#10088);
#2928=VERTEX_POINT('',#10090);
#2929=VERTEX_POINT('',#10101);
#2930=VERTEX_POINT('',#10106);
#2931=VERTEX_POINT('',#10120);
#2932=VERTEX_POINT('',#10125);
#2933=VERTEX_POINT('',#10155);
#2934=VERTEX_POINT('',#10156);
#2935=VERTEX_POINT('',#10161);
#2936=VERTEX_POINT('',#10163);
#2937=VERTEX_POINT('',#10177);
#2938=VERTEX_POINT('',#10182);
#2939=VERTEX_POINT('',#10189);
#2940=VERTEX_POINT('',#10191);
#2941=VERTEX_POINT('',#10195);
#2942=VERTEX_POINT('',#10197);
#2943=VERTEX_POINT('',#10201);
#2944=VERTEX_POINT('',#10203);
#2945=VERTEX_POINT('',#10214);
#2946=VERTEX_POINT('',#10219);
#2947=VERTEX_POINT('',#10250);
#2948=VERTEX_POINT('',#10251);
#2949=VERTEX_POINT('',#10256);
#2950=VERTEX_POINT('',#10258);
#2951=VERTEX_POINT('',#10272);
#2952=VERTEX_POINT('',#10277);
#2953=VERTEX_POINT('',#10291);
#2954=VERTEX_POINT('',#10296);
#2955=VERTEX_POINT('',#10310);
#2956=VERTEX_POINT('',#10315);
#2957=VERTEX_POINT('',#10329);
#2958=VERTEX_POINT('',#10334);
#2959=VERTEX_POINT('',#10357);
#2960=VERTEX_POINT('',#10358);
#2961=VERTEX_POINT('',#10360);
#2962=VERTEX_POINT('',#10362);
#2963=VERTEX_POINT('',#10366);
#2964=VERTEX_POINT('',#10368);
#2965=VERTEX_POINT('',#10379);
#2966=VERTEX_POINT('',#10384);
#2967=VERTEX_POINT('',#10398);
#2968=VERTEX_POINT('',#10403);
#2969=VERTEX_POINT('',#10417);
#2970=VERTEX_POINT('',#10422);
#2971=VERTEX_POINT('',#10436);
#2972=VERTEX_POINT('',#10441);
#2973=VERTEX_POINT('',#10455);
#2974=VERTEX_POINT('',#10460);
#2975=VERTEX_POINT('',#10474);
#2976=VERTEX_POINT('',#10479);
#2977=VERTEX_POINT('',#10493);
#2978=VERTEX_POINT('',#10498);
#2979=VERTEX_POINT('',#10512);
#2980=VERTEX_POINT('',#10517);
#2981=VERTEX_POINT('',#10531);
#2982=VERTEX_POINT('',#10536);
#2983=VERTEX_POINT('',#10550);
#2984=VERTEX_POINT('',#10555);
#2985=VERTEX_POINT('',#10562);
#2986=VERTEX_POINT('',#10564);
#2987=VERTEX_POINT('',#10578);
#2988=VERTEX_POINT('',#10583);
#2989=VERTEX_POINT('',#10607);
#2990=VERTEX_POINT('',#10608);
#2991=VERTEX_POINT('',#10610);
#2992=VERTEX_POINT('',#10612);
#2993=VERTEX_POINT('',#10616);
#2994=VERTEX_POINT('',#10618);
#2995=VERTEX_POINT('',#10622);
#2996=VERTEX_POINT('',#10624);
#2997=VERTEX_POINT('',#10628);
#2998=VERTEX_POINT('',#10630);
#2999=VERTEX_POINT('',#10641);
#3000=VERTEX_POINT('',#10646);
#3001=VERTEX_POINT('',#10653);
#3002=VERTEX_POINT('',#10655);
#3003=VERTEX_POINT('',#10659);
#3004=VERTEX_POINT('',#10661);
#3005=VERTEX_POINT('',#10665);
#3006=VERTEX_POINT('',#10667);
#3007=VERTEX_POINT('',#10671);
#3008=VERTEX_POINT('',#10673);
#3009=VERTEX_POINT('',#10677);
#3010=VERTEX_POINT('',#10679);
#3011=VERTEX_POINT('',#10694);
#3012=VERTEX_POINT('',#10695);
#3013=VERTEX_POINT('',#10700);
#3014=VERTEX_POINT('',#10702);
#3015=VERTEX_POINT('',#10716);
#3016=VERTEX_POINT('',#10721);
#3017=VERTEX_POINT('',#10735);
#3018=VERTEX_POINT('',#10740);
#3019=VERTEX_POINT('',#10754);
#3020=VERTEX_POINT('',#10759);
#3021=VERTEX_POINT('',#10789);
#3022=VERTEX_POINT('',#10790);
#3023=VERTEX_POINT('',#10795);
#3024=VERTEX_POINT('',#10797);
#3025=VERTEX_POINT('',#10811);
#3026=VERTEX_POINT('',#10816);
#3027=VERTEX_POINT('',#10830);
#3028=VERTEX_POINT('',#10835);
#3029=VERTEX_POINT('',#10849);
#3030=VERTEX_POINT('',#10854);
#3031=VERTEX_POINT('',#10884);
#3032=VERTEX_POINT('',#10885);
#3033=VERTEX_POINT('',#10890);
#3034=VERTEX_POINT('',#10892);
#3035=VERTEX_POINT('',#10906);
#3036=VERTEX_POINT('',#10911);
#3037=VERTEX_POINT('',#10918);
#3038=VERTEX_POINT('',#10920);
#3039=VERTEX_POINT('',#10931);
#3040=VERTEX_POINT('',#10936);
#3041=VERTEX_POINT('',#10950);
#3042=VERTEX_POINT('',#10955);
#3043=VERTEX_POINT('',#10969);
#3044=VERTEX_POINT('',#10974);
#3045=VERTEX_POINT('',#10988);
#3046=VERTEX_POINT('',#10993);
#3047=VERTEX_POINT('',#11000);
#3048=VERTEX_POINT('',#11002);
#3049=VERTEX_POINT('',#11013);
#3050=VERTEX_POINT('',#11018);
#3051=VERTEX_POINT('',#11032);
#3052=VERTEX_POINT('',#11037);
#3053=VERTEX_POINT('',#11061);
#3054=VERTEX_POINT('',#11062);
#3055=VERTEX_POINT('',#11064);
#3056=VERTEX_POINT('',#11066);
#3057=VERTEX_POINT('',#11069);
#3058=VERTEX_POINT('',#11070);
#3059=VERTEX_POINT('',#11072);
#3060=VERTEX_POINT('',#11074);
#3061=VERTEX_POINT('',#11077);
#3062=VERTEX_POINT('',#11078);
#3063=VERTEX_POINT('',#11080);
#3064=VERTEX_POINT('',#11082);
#3065=VERTEX_POINT('',#11085);
#3066=VERTEX_POINT('',#11086);
#3067=VERTEX_POINT('',#11088);
#3068=VERTEX_POINT('',#11090);
#3069=VERTEX_POINT('',#11093);
#3070=VERTEX_POINT('',#11094);
#3071=VERTEX_POINT('',#11096);
#3072=VERTEX_POINT('',#11098);
#3073=VERTEX_POINT('',#11101);
#3074=VERTEX_POINT('',#11102);
#3075=VERTEX_POINT('',#11104);
#3076=VERTEX_POINT('',#11106);
#3077=VERTEX_POINT('',#11109);
#3078=VERTEX_POINT('',#11110);
#3079=VERTEX_POINT('',#11112);
#3080=VERTEX_POINT('',#11114);
#3081=VERTEX_POINT('',#11117);
#3082=VERTEX_POINT('',#11118);
#3083=VERTEX_POINT('',#11120);
#3084=VERTEX_POINT('',#11122);
#3085=VERTEX_POINT('',#11125);
#3086=VERTEX_POINT('',#11126);
#3087=VERTEX_POINT('',#11128);
#3088=VERTEX_POINT('',#11130);
#3089=VERTEX_POINT('',#11133);
#3090=VERTEX_POINT('',#11134);
#3091=VERTEX_POINT('',#11136);
#3092=VERTEX_POINT('',#11138);
#3093=VERTEX_POINT('',#11141);
#3094=VERTEX_POINT('',#11142);
#3095=VERTEX_POINT('',#11144);
#3096=VERTEX_POINT('',#11146);
#3097=VERTEX_POINT('',#11149);
#3098=VERTEX_POINT('',#11150);
#3099=VERTEX_POINT('',#11152);
#3100=VERTEX_POINT('',#11154);
#3101=VERTEX_POINT('',#11157);
#3102=VERTEX_POINT('',#11158);
#3103=VERTEX_POINT('',#11160);
#3104=VERTEX_POINT('',#11162);
#3105=VERTEX_POINT('',#11173);
#3106=VERTEX_POINT('',#11174);
#3107=VERTEX_POINT('',#11176);
#3108=VERTEX_POINT('',#11178);
#3109=VERTEX_POINT('',#11182);
#3110=VERTEX_POINT('',#11184);
#3111=VERTEX_POINT('',#11188);
#3112=VERTEX_POINT('',#11190);
#3113=VERTEX_POINT('',#11198);
#3114=VERTEX_POINT('',#11199);
#3115=VERTEX_POINT('',#11201);
#3116=VERTEX_POINT('',#11203);
#3117=VERTEX_POINT('',#11207);
#3118=VERTEX_POINT('',#11209);
#3119=VERTEX_POINT('',#11213);
#3120=VERTEX_POINT('',#11215);
#3121=VERTEX_POINT('',#11223);
#3122=VERTEX_POINT('',#11224);
#3123=VERTEX_POINT('',#11226);
#3124=VERTEX_POINT('',#11228);
#3125=VERTEX_POINT('',#11232);
#3126=VERTEX_POINT('',#11234);
#3127=VERTEX_POINT('',#11238);
#3128=VERTEX_POINT('',#11240);
#3129=VERTEX_POINT('',#11248);
#3130=VERTEX_POINT('',#11249);
#3131=VERTEX_POINT('',#11251);
#3132=VERTEX_POINT('',#11253);
#3133=VERTEX_POINT('',#11257);
#3134=VERTEX_POINT('',#11259);
#3135=VERTEX_POINT('',#11263);
#3136=VERTEX_POINT('',#11265);
#3137=VERTEX_POINT('',#11273);
#3138=VERTEX_POINT('',#11274);
#3139=VERTEX_POINT('',#11276);
#3140=VERTEX_POINT('',#11278);
#3141=VERTEX_POINT('',#11282);
#3142=VERTEX_POINT('',#11284);
#3143=VERTEX_POINT('',#11288);
#3144=VERTEX_POINT('',#11289);
#3145=VERTEX_POINT('',#11294);
#3146=VERTEX_POINT('',#11298);
#3147=VERTEX_POINT('',#11304);
#3148=VERTEX_POINT('',#11305);
#3149=VERTEX_POINT('',#11310);
#3150=VERTEX_POINT('',#11314);
#3151=VERTEX_POINT('',#11320);
#3152=VERTEX_POINT('',#11321);
#3153=VERTEX_POINT('',#11326);
#3154=VERTEX_POINT('',#11330);
#3155=VERTEX_POINT('',#11336);
#3156=VERTEX_POINT('',#11337);
#3157=VERTEX_POINT('',#11342);
#3158=VERTEX_POINT('',#11346);
#3159=VERTEX_POINT('',#11352);
#3160=VERTEX_POINT('',#11353);
#3161=VERTEX_POINT('',#11358);
#3162=VERTEX_POINT('',#11362);
#3163=VERTEX_POINT('',#11368);
#3164=VERTEX_POINT('',#11369);
#3165=VERTEX_POINT('',#11374);
#3166=VERTEX_POINT('',#11378);
#3167=VERTEX_POINT('',#11384);
#3168=VERTEX_POINT('',#11385);
#3169=VERTEX_POINT('',#11390);
#3170=VERTEX_POINT('',#11394);
#3171=VERTEX_POINT('',#11400);
#3172=VERTEX_POINT('',#11401);
#3173=VERTEX_POINT('',#11406);
#3174=VERTEX_POINT('',#11410);
#3175=VERTEX_POINT('',#11416);
#3176=VERTEX_POINT('',#11417);
#3177=VERTEX_POINT('',#11422);
#3178=VERTEX_POINT('',#11426);
#3179=VERTEX_POINT('',#11432);
#3180=VERTEX_POINT('',#11433);
#3181=VERTEX_POINT('',#11438);
#3182=VERTEX_POINT('',#11442);
#3183=VERTEX_POINT('',#11448);
#3184=VERTEX_POINT('',#11449);
#3185=VERTEX_POINT('',#11454);
#3186=VERTEX_POINT('',#11458);
#3187=VERTEX_POINT('',#11464);
#3188=VERTEX_POINT('',#11465);
#3189=VERTEX_POINT('',#11470);
#3190=VERTEX_POINT('',#11474);
#3191=VERTEX_POINT('',#11481);
#3192=VERTEX_POINT('',#11483);
#3193=EDGE_CURVE('',#2573,#2574,#2281,.T.);
#3194=EDGE_CURVE('',#2573,#2575,#1005,.T.);
#3195=EDGE_CURVE('',#2575,#2576,#2282,.T.);
#3196=EDGE_CURVE('',#2574,#2576,#1006,.T.);
#3197=EDGE_CURVE('',#2574,#2577,#2283,.T.);
#3198=EDGE_CURVE('',#2576,#2578,#2284,.T.);
#3199=EDGE_CURVE('',#2577,#2578,#1007,.T.);
#3200=EDGE_CURVE('',#2577,#2579,#2285,.T.);
#3201=EDGE_CURVE('',#2578,#2580,#2286,.T.);
#3202=EDGE_CURVE('',#2579,#2580,#1008,.T.);
#3203=EDGE_CURVE('',#2579,#2581,#2287,.T.);
#3204=EDGE_CURVE('',#2580,#2582,#2288,.T.);
#3205=EDGE_CURVE('',#2581,#2582,#1009,.T.);
#3206=EDGE_CURVE('',#2581,#2583,#2289,.T.);
#3207=EDGE_CURVE('',#2582,#2584,#2290,.T.);
#3208=EDGE_CURVE('',#2583,#2584,#1010,.T.);
#3209=EDGE_CURVE('',#2583,#2585,#2291,.T.);
#3210=EDGE_CURVE('',#2584,#2586,#2292,.T.);
#3211=EDGE_CURVE('',#2585,#2586,#1011,.T.);
#3212=EDGE_CURVE('',#2585,#2573,#2293,.T.);
#3213=EDGE_CURVE('',#2586,#2575,#2294,.T.);
#3214=EDGE_CURVE('',#2587,#2588,#2295,.T.);
#3215=EDGE_CURVE('',#2587,#2589,#1012,.T.);
#3216=EDGE_CURVE('',#2589,#2590,#2296,.T.);
#3217=EDGE_CURVE('',#2588,#2590,#1013,.T.);
#3218=EDGE_CURVE('',#2591,#2587,#2297,.T.);
#3219=EDGE_CURVE('',#2591,#2592,#1014,.T.);
#3220=EDGE_CURVE('',#2592,#2589,#2298,.T.);
#3221=EDGE_CURVE('',#2593,#2591,#2299,.T.);
#3222=EDGE_CURVE('',#2593,#2594,#1015,.T.);
#3223=EDGE_CURVE('',#2594,#2592,#2300,.T.);
#3224=EDGE_CURVE('',#2595,#2593,#2301,.T.);
#3225=EDGE_CURVE('',#2595,#2596,#1016,.T.);
#3226=EDGE_CURVE('',#2596,#2594,#2302,.T.);
#3227=EDGE_CURVE('',#2597,#2595,#2303,.T.);
#3228=EDGE_CURVE('',#2597,#2598,#1017,.T.);
#3229=EDGE_CURVE('',#2598,#2596,#2304,.T.);
#3230=EDGE_CURVE('',#2599,#2597,#1018,.T.);
#3231=EDGE_CURVE('',#2599,#2600,#1019,.T.);
#3232=EDGE_CURVE('',#2600,#2598,#1020,.T.);
#3233=EDGE_CURVE('',#2601,#2599,#1021,.T.);
#3234=EDGE_CURVE('',#2601,#2602,#1022,.T.);
#3235=EDGE_CURVE('',#2602,#2600,#1023,.T.);
#3236=EDGE_CURVE('',#2603,#2601,#2305,.T.);
#3237=EDGE_CURVE('',#2603,#2604,#1024,.T.);
#3238=EDGE_CURVE('',#2604,#2602,#2306,.T.);
#3239=EDGE_CURVE('',#2605,#2603,#2307,.T.);
#3240=EDGE_CURVE('',#2605,#2606,#1025,.T.);
#3241=EDGE_CURVE('',#2606,#2604,#2308,.T.);
#3242=EDGE_CURVE('',#2607,#2605,#2309,.T.);
#3243=EDGE_CURVE('',#2607,#2608,#1026,.T.);
#3244=EDGE_CURVE('',#2608,#2606,#2310,.T.);
#3245=EDGE_CURVE('',#2609,#2607,#2311,.T.);
#3246=EDGE_CURVE('',#2609,#2610,#1027,.T.);
#3247=EDGE_CURVE('',#2610,#2608,#2312,.T.);
#3248=EDGE_CURVE('',#2611,#2609,#2313,.T.);
#3249=EDGE_CURVE('',#2611,#2612,#1028,.T.);
#3250=EDGE_CURVE('',#2612,#2610,#2314,.T.);
#3251=EDGE_CURVE('',#2613,#2611,#2315,.T.);
#3252=EDGE_CURVE('',#2613,#2614,#1029,.T.);
#3253=EDGE_CURVE('',#2614,#2612,#2316,.T.);
#3254=EDGE_CURVE('',#2588,#2613,#2317,.T.);
#3255=EDGE_CURVE('',#2590,#2614,#2318,.T.);
#3256=EDGE_CURVE('',#2615,#2616,#1030,.T.);
#3257=EDGE_CURVE('',#2615,#2617,#1031,.T.);
#3258=EDGE_CURVE('',#2617,#2618,#1032,.T.);
#3259=EDGE_CURVE('',#2616,#2618,#1033,.T.);
#3260=EDGE_CURVE('',#2619,#2615,#1034,.T.);
#3261=EDGE_CURVE('',#2619,#2620,#1035,.T.);
#3262=EDGE_CURVE('',#2620,#2617,#1036,.T.);
#3263=EDGE_CURVE('',#2621,#2619,#2319,.T.);
#3264=EDGE_CURVE('',#2621,#2622,#1037,.T.);
#3265=EDGE_CURVE('',#2622,#2620,#2320,.T.);
#3266=EDGE_CURVE('',#2623,#2621,#2321,.T.);
#3267=EDGE_CURVE('',#2623,#2624,#1038,.T.);
#3268=EDGE_CURVE('',#2624,#2622,#2322,.T.);
#3269=EDGE_CURVE('',#2625,#2623,#2323,.T.);
#3270=EDGE_CURVE('',#2625,#2626,#1039,.T.);
#3271=EDGE_CURVE('',#2626,#2624,#2324,.T.);
#3272=EDGE_CURVE('',#2627,#2625,#2325,.T.);
#3273=EDGE_CURVE('',#2627,#2628,#1040,.T.);
#3274=EDGE_CURVE('',#2628,#2626,#2326,.T.);
#3275=EDGE_CURVE('',#2629,#2627,#2327,.T.);
#3276=EDGE_CURVE('',#2629,#2630,#1041,.T.);
#3277=EDGE_CURVE('',#2630,#2628,#2328,.T.);
#3278=EDGE_CURVE('',#2631,#2629,#1042,.T.);
#3279=EDGE_CURVE('',#2631,#2632,#1043,.T.);
#3280=EDGE_CURVE('',#2632,#2630,#1044,.T.);
#3281=EDGE_CURVE('',#2633,#2631,#1045,.T.);
#3282=EDGE_CURVE('',#2633,#2634,#1046,.T.);
#3283=EDGE_CURVE('',#2634,#2632,#1047,.T.);
#3284=EDGE_CURVE('',#2635,#2633,#2329,.T.);
#3285=EDGE_CURVE('',#2635,#2636,#1048,.T.);
#3286=EDGE_CURVE('',#2636,#2634,#2330,.T.);
#3287=EDGE_CURVE('',#2637,#2635,#2331,.T.);
#3288=EDGE_CURVE('',#2637,#2638,#1049,.T.);
#3289=EDGE_CURVE('',#2638,#2636,#2332,.T.);
#3290=EDGE_CURVE('',#2639,#2637,#2333,.T.);
#3291=EDGE_CURVE('',#2639,#2640,#1050,.T.);
#3292=EDGE_CURVE('',#2640,#2638,#2334,.T.);
#3293=EDGE_CURVE('',#2641,#2639,#2335,.T.);
#3294=EDGE_CURVE('',#2641,#2642,#1051,.T.);
#3295=EDGE_CURVE('',#2642,#2640,#2336,.T.);
#3296=EDGE_CURVE('',#2643,#2641,#2337,.T.);
#3297=EDGE_CURVE('',#2643,#2644,#1052,.T.);
#3298=EDGE_CURVE('',#2644,#2642,#2338,.T.);
#3299=EDGE_CURVE('',#2645,#2643,#2339,.T.);
#3300=EDGE_CURVE('',#2645,#2646,#1053,.T.);
#3301=EDGE_CURVE('',#2646,#2644,#2340,.T.);
#3302=EDGE_CURVE('',#2647,#2645,#1054,.T.);
#3303=EDGE_CURVE('',#2647,#2648,#1055,.T.);
#3304=EDGE_CURVE('',#2648,#2646,#1056,.T.);
#3305=EDGE_CURVE('',#2616,#2647,#1057,.T.);
#3306=EDGE_CURVE('',#2618,#2648,#1058,.T.);
#3307=EDGE_CURVE('',#2649,#2650,#2341,.T.);
#3308=EDGE_CURVE('',#2649,#2651,#1059,.T.);
#3309=EDGE_CURVE('',#2651,#2652,#2342,.T.);
#3310=EDGE_CURVE('',#2650,#2652,#1060,.T.);
#3311=EDGE_CURVE('',#2650,#2653,#2343,.T.);
#3312=EDGE_CURVE('',#2652,#2654,#2344,.T.);
#3313=EDGE_CURVE('',#2653,#2654,#1061,.T.);
#3314=EDGE_CURVE('',#2653,#2655,#2345,.T.);
#3315=EDGE_CURVE('',#2654,#2656,#2346,.T.);
#3316=EDGE_CURVE('',#2655,#2656,#1062,.T.);
#3317=EDGE_CURVE('',#2655,#2657,#2347,.T.);
#3318=EDGE_CURVE('',#2656,#2658,#2348,.T.);
#3319=EDGE_CURVE('',#2657,#2658,#1063,.T.);
#3320=EDGE_CURVE('',#2657,#2659,#2349,.T.);
#3321=EDGE_CURVE('',#2658,#2660,#2350,.T.);
#3322=EDGE_CURVE('',#2659,#2660,#1064,.T.);
#3323=EDGE_CURVE('',#2659,#2649,#2351,.T.);
#3324=EDGE_CURVE('',#2660,#2651,#2352,.T.);
#3325=EDGE_CURVE('',#2661,#2662,#1065,.T.);
#3326=EDGE_CURVE('',#2661,#2663,#1066,.T.);
#3327=EDGE_CURVE('',#2663,#2664,#1067,.T.);
#3328=EDGE_CURVE('',#2662,#2664,#1068,.T.);
#3329=EDGE_CURVE('',#2665,#2661,#1069,.T.);
#3330=EDGE_CURVE('',#2665,#2666,#1070,.T.);
#3331=EDGE_CURVE('',#2666,#2663,#1071,.T.);
#3332=EDGE_CURVE('',#2667,#2665,#2353,.T.);
#3333=EDGE_CURVE('',#2667,#2668,#1072,.T.);
#3334=EDGE_CURVE('',#2668,#2666,#2354,.T.);
#3335=EDGE_CURVE('',#2669,#2667,#2355,.T.);
#3336=EDGE_CURVE('',#2669,#2670,#1073,.T.);
#3337=EDGE_CURVE('',#2670,#2668,#2356,.T.);
#3338=EDGE_CURVE('',#2671,#2669,#2357,.T.);
#3339=EDGE_CURVE('',#2671,#2672,#1074,.T.);
#3340=EDGE_CURVE('',#2672,#2670,#2358,.T.);
#3341=EDGE_CURVE('',#2673,#2671,#2359,.T.);
#3342=EDGE_CURVE('',#2673,#2674,#1075,.T.);
#3343=EDGE_CURVE('',#2674,#2672,#2360,.T.);
#3344=EDGE_CURVE('',#2675,#2673,#2361,.T.);
#3345=EDGE_CURVE('',#2675,#2676,#1076,.T.);
#3346=EDGE_CURVE('',#2676,#2674,#2362,.T.);
#3347=EDGE_CURVE('',#2677,#2675,#2363,.T.);
#3348=EDGE_CURVE('',#2677,#2678,#1077,.T.);
#3349=EDGE_CURVE('',#2678,#2676,#2364,.T.);
#3350=EDGE_CURVE('',#2679,#2677,#2365,.T.);
#3351=EDGE_CURVE('',#2679,#2680,#1078,.T.);
#3352=EDGE_CURVE('',#2680,#2678,#2366,.T.);
#3353=EDGE_CURVE('',#2681,#2679,#2367,.T.);
#3354=EDGE_CURVE('',#2681,#2682,#1079,.T.);
#3355=EDGE_CURVE('',#2682,#2680,#2368,.T.);
#3356=EDGE_CURVE('',#2683,#2681,#2369,.T.);
#3357=EDGE_CURVE('',#2683,#2684,#1080,.T.);
#3358=EDGE_CURVE('',#2684,#2682,#2370,.T.);
#3359=EDGE_CURVE('',#2685,#2683,#2371,.T.);
#3360=EDGE_CURVE('',#2685,#2686,#1081,.T.);
#3361=EDGE_CURVE('',#2686,#2684,#2372,.T.);
#3362=EDGE_CURVE('',#2687,#2685,#1082,.T.);
#3363=EDGE_CURVE('',#2687,#2688,#1083,.T.);
#3364=EDGE_CURVE('',#2688,#2686,#2373,.T.);
#3365=EDGE_CURVE('',#2689,#2687,#2374,.T.);
#3366=EDGE_CURVE('',#2689,#2690,#1084,.T.);
#3367=EDGE_CURVE('',#2690,#2688,#2375,.T.);
#3368=EDGE_CURVE('',#2662,#2689,#2376,.T.);
#3369=EDGE_CURVE('',#2664,#2690,#2377,.T.);
#3370=EDGE_CURVE('',#2691,#2692,#1085,.T.);
#3371=EDGE_CURVE('',#2691,#2693,#1086,.T.);
#3372=EDGE_CURVE('',#2693,#2694,#1087,.T.);
#3373=EDGE_CURVE('',#2692,#2694,#1088,.T.);
#3374=EDGE_CURVE('',#2695,#2691,#1089,.T.);
#3375=EDGE_CURVE('',#2695,#2696,#1090,.T.);
#3376=EDGE_CURVE('',#2696,#2693,#1091,.T.);
#3377=EDGE_CURVE('',#2697,#2695,#1092,.T.);
#3378=EDGE_CURVE('',#2697,#2698,#1093,.T.);
#3379=EDGE_CURVE('',#2698,#2696,#1094,.T.);
#3380=EDGE_CURVE('',#2699,#2697,#1095,.T.);
#3381=EDGE_CURVE('',#2699,#2700,#1096,.T.);
#3382=EDGE_CURVE('',#2700,#2698,#1097,.T.);
#3383=EDGE_CURVE('',#2701,#2699,#1098,.T.);
#3384=EDGE_CURVE('',#2701,#2702,#1099,.T.);
#3385=EDGE_CURVE('',#2702,#2700,#1100,.T.);
#3386=EDGE_CURVE('',#2703,#2701,#1101,.T.);
#3387=EDGE_CURVE('',#2703,#2704,#1102,.T.);
#3388=EDGE_CURVE('',#2704,#2702,#1103,.T.);
#3389=EDGE_CURVE('',#2692,#2703,#1104,.T.);
#3390=EDGE_CURVE('',#2694,#2704,#1105,.T.);
#3391=EDGE_CURVE('',#2705,#2706,#1106,.T.);
#3392=EDGE_CURVE('',#2705,#2707,#1107,.T.);
#3393=EDGE_CURVE('',#2707,#2708,#1108,.T.);
#3394=EDGE_CURVE('',#2706,#2708,#1109,.T.);
#3395=EDGE_CURVE('',#2709,#2705,#1110,.T.);
#3396=EDGE_CURVE('',#2709,#2710,#1111,.T.);
#3397=EDGE_CURVE('',#2710,#2707,#1112,.T.);
#3398=EDGE_CURVE('',#2711,#2709,#2378,.T.);
#3399=EDGE_CURVE('',#2711,#2712,#1113,.T.);
#3400=EDGE_CURVE('',#2712,#2710,#2379,.T.);
#3401=EDGE_CURVE('',#2713,#2711,#2380,.T.);
#3402=EDGE_CURVE('',#2713,#2714,#1114,.T.);
#3403=EDGE_CURVE('',#2714,#2712,#2381,.T.);
#3404=EDGE_CURVE('',#2715,#2713,#2382,.T.);
#3405=EDGE_CURVE('',#2715,#2716,#1115,.T.);
#3406=EDGE_CURVE('',#2716,#2714,#2383,.T.);
#3407=EDGE_CURVE('',#2717,#2715,#2384,.T.);
#3408=EDGE_CURVE('',#2717,#2718,#1116,.T.);
#3409=EDGE_CURVE('',#2718,#2716,#2385,.T.);
#3410=EDGE_CURVE('',#2719,#2717,#2386,.T.);
#3411=EDGE_CURVE('',#2719,#2720,#1117,.T.);
#3412=EDGE_CURVE('',#2720,#2718,#2387,.T.);
#3413=EDGE_CURVE('',#2721,#2719,#1118,.T.);
#3414=EDGE_CURVE('',#2721,#2722,#1119,.T.);
#3415=EDGE_CURVE('',#2722,#2720,#1120,.T.);
#3416=EDGE_CURVE('',#2723,#2721,#1121,.T.);
#3417=EDGE_CURVE('',#2723,#2724,#1122,.T.);
#3418=EDGE_CURVE('',#2724,#2722,#1123,.T.);
#3419=EDGE_CURVE('',#2725,#2723,#2388,.T.);
#3420=EDGE_CURVE('',#2725,#2726,#1124,.T.);
#3421=EDGE_CURVE('',#2726,#2724,#2389,.T.);
#3422=EDGE_CURVE('',#2727,#2725,#2390,.T.);
#3423=EDGE_CURVE('',#2727,#2728,#1125,.T.);
#3424=EDGE_CURVE('',#2728,#2726,#2391,.T.);
#3425=EDGE_CURVE('',#2729,#2727,#2392,.T.);
#3426=EDGE_CURVE('',#2729,#2730,#1126,.T.);
#3427=EDGE_CURVE('',#2730,#2728,#2393,.T.);
#3428=EDGE_CURVE('',#2731,#2729,#2394,.T.);
#3429=EDGE_CURVE('',#2731,#2732,#1127,.T.);
#3430=EDGE_CURVE('',#2732,#2730,#2395,.T.);
#3431=EDGE_CURVE('',#2733,#2731,#2396,.T.);
#3432=EDGE_CURVE('',#2733,#2734,#1128,.T.);
#3433=EDGE_CURVE('',#2734,#2732,#2397,.T.);
#3434=EDGE_CURVE('',#2735,#2733,#2398,.T.);
#3435=EDGE_CURVE('',#2735,#2736,#1129,.T.);
#3436=EDGE_CURVE('',#2736,#2734,#2399,.T.);
#3437=EDGE_CURVE('',#2737,#2735,#1130,.T.);
#3438=EDGE_CURVE('',#2737,#2738,#1131,.T.);
#3439=EDGE_CURVE('',#2738,#2736,#1132,.T.);
#3440=EDGE_CURVE('',#2706,#2737,#1133,.T.);
#3441=EDGE_CURVE('',#2708,#2738,#1134,.T.);
#3442=EDGE_CURVE('',#2739,#2740,#2400,.T.);
#3443=EDGE_CURVE('',#2739,#2741,#1135,.T.);
#3444=EDGE_CURVE('',#2741,#2742,#2401,.T.);
#3445=EDGE_CURVE('',#2740,#2742,#1136,.T.);
#3446=EDGE_CURVE('',#2740,#2743,#1137,.T.);
#3447=EDGE_CURVE('',#2742,#2744,#1138,.T.);
#3448=EDGE_CURVE('',#2743,#2744,#1139,.T.);
#3449=EDGE_CURVE('',#2743,#2745,#1140,.T.);
#3450=EDGE_CURVE('',#2744,#2746,#1141,.T.);
#3451=EDGE_CURVE('',#2745,#2746,#1142,.T.);
#3452=EDGE_CURVE('',#2745,#2747,#1143,.T.);
#3453=EDGE_CURVE('',#2746,#2748,#1144,.T.);
#3454=EDGE_CURVE('',#2747,#2748,#1145,.T.);
#3455=EDGE_CURVE('',#2747,#2749,#2402,.T.);
#3456=EDGE_CURVE('',#2748,#2750,#2403,.T.);
#3457=EDGE_CURVE('',#2749,#2750,#1146,.T.);
#3458=EDGE_CURVE('',#2749,#2751,#2404,.T.);
#3459=EDGE_CURVE('',#2750,#2752,#2405,.T.);
#3460=EDGE_CURVE('',#2751,#2752,#1147,.T.);
#3461=EDGE_CURVE('',#2751,#2739,#2406,.T.);
#3462=EDGE_CURVE('',#2752,#2741,#2407,.T.);
#3463=EDGE_CURVE('',#2753,#2754,#1148,.T.);
#3464=EDGE_CURVE('',#2753,#2755,#1149,.T.);
#3465=EDGE_CURVE('',#2755,#2756,#1150,.T.);
#3466=EDGE_CURVE('',#2754,#2756,#1151,.T.);
#3467=EDGE_CURVE('',#2757,#2753,#2408,.T.);
#3468=EDGE_CURVE('',#2757,#2758,#1152,.T.);
#3469=EDGE_CURVE('',#2758,#2755,#2409,.T.);
#3470=EDGE_CURVE('',#2759,#2757,#2410,.T.);
#3471=EDGE_CURVE('',#2759,#2760,#1153,.T.);
#3472=EDGE_CURVE('',#2760,#2758,#2411,.T.);
#3473=EDGE_CURVE('',#2761,#2759,#2412,.T.);
#3474=EDGE_CURVE('',#2761,#2762,#1154,.T.);
#3475=EDGE_CURVE('',#2762,#2760,#2413,.T.);
#3476=EDGE_CURVE('',#2763,#2761,#1155,.T.);
#3477=EDGE_CURVE('',#2763,#2764,#1156,.T.);
#3478=EDGE_CURVE('',#2764,#2762,#1157,.T.);
#3479=EDGE_CURVE('',#2765,#2763,#1158,.T.);
#3480=EDGE_CURVE('',#2765,#2766,#1159,.T.);
#3481=EDGE_CURVE('',#2766,#2764,#1160,.T.);
#3482=EDGE_CURVE('',#2767,#2765,#1161,.T.);
#3483=EDGE_CURVE('',#2767,#2768,#1162,.T.);
#3484=EDGE_CURVE('',#2768,#2766,#1163,.T.);
#3485=EDGE_CURVE('',#2769,#2767,#1164,.T.);
#3486=EDGE_CURVE('',#2769,#2770,#1165,.T.);
#3487=EDGE_CURVE('',#2770,#2768,#1166,.T.);
#3488=EDGE_CURVE('',#2771,#2769,#1167,.T.);
#3489=EDGE_CURVE('',#2771,#2772,#1168,.T.);
#3490=EDGE_CURVE('',#2772,#2770,#1169,.T.);
#3491=EDGE_CURVE('',#2773,#2771,#1170,.T.);
#3492=EDGE_CURVE('',#2773,#2774,#1171,.T.);
#3493=EDGE_CURVE('',#2774,#2772,#1172,.T.);
#3494=EDGE_CURVE('',#2754,#2773,#1173,.T.);
#3495=EDGE_CURVE('',#2756,#2774,#1174,.T.);
#3496=EDGE_CURVE('',#2775,#2776,#1175,.T.);
#3497=EDGE_CURVE('',#2775,#2777,#1176,.T.);
#3498=EDGE_CURVE('',#2777,#2778,#1177,.T.);
#3499=EDGE_CURVE('',#2776,#2778,#1178,.T.);
#3500=EDGE_CURVE('',#2779,#2775,#1179,.T.);
#3501=EDGE_CURVE('',#2779,#2780,#1180,.T.);
#3502=EDGE_CURVE('',#2780,#2777,#1181,.T.);
#3503=EDGE_CURVE('',#2781,#2779,#1182,.T.);
#3504=EDGE_CURVE('',#2781,#2782,#1183,.T.);
#3505=EDGE_CURVE('',#2782,#2780,#1184,.T.);
#3506=EDGE_CURVE('',#2783,#2781,#1185,.T.);
#3507=EDGE_CURVE('',#2783,#2784,#1186,.T.);
#3508=EDGE_CURVE('',#2784,#2782,#1187,.T.);
#3509=EDGE_CURVE('',#2785,#2783,#2414,.T.);
#3510=EDGE_CURVE('',#2785,#2786,#1188,.T.);
#3511=EDGE_CURVE('',#2786,#2784,#2415,.T.);
#3512=EDGE_CURVE('',#2787,#2785,#1189,.T.);
#3513=EDGE_CURVE('',#2787,#2788,#1190,.T.);
#3514=EDGE_CURVE('',#2788,#2786,#1191,.T.);
#3515=EDGE_CURVE('',#2789,#2787,#1192,.T.);
#3516=EDGE_CURVE('',#2789,#2790,#1193,.T.);
#3517=EDGE_CURVE('',#2790,#2788,#1194,.T.);
#3518=EDGE_CURVE('',#2791,#2789,#1195,.T.);
#3519=EDGE_CURVE('',#2791,#2792,#1196,.T.);
#3520=EDGE_CURVE('',#2792,#2790,#1197,.T.);
#3521=EDGE_CURVE('',#2793,#2791,#1198,.T.);
#3522=EDGE_CURVE('',#2793,#2794,#1199,.T.);
#3523=EDGE_CURVE('',#2794,#2792,#1200,.T.);
#3524=EDGE_CURVE('',#2795,#2793,#1201,.T.);
#3525=EDGE_CURVE('',#2795,#2796,#1202,.T.);
#3526=EDGE_CURVE('',#2796,#2794,#1203,.T.);
#3527=EDGE_CURVE('',#2776,#2795,#1204,.T.);
#3528=EDGE_CURVE('',#2778,#2796,#1205,.T.);
#3529=EDGE_CURVE('',#2797,#2798,#2416,.T.);
#3530=EDGE_CURVE('',#2797,#2799,#1206,.T.);
#3531=EDGE_CURVE('',#2799,#2800,#2417,.T.);
#3532=EDGE_CURVE('',#2798,#2800,#1207,.T.);
#3533=EDGE_CURVE('',#2801,#2797,#2418,.T.);
#3534=EDGE_CURVE('',#2801,#2802,#1208,.T.);
#3535=EDGE_CURVE('',#2802,#2799,#2419,.T.);
#3536=EDGE_CURVE('',#2803,#2801,#2420,.T.);
#3537=EDGE_CURVE('',#2803,#2804,#1209,.T.);
#3538=EDGE_CURVE('',#2804,#2802,#2421,.T.);
#3539=EDGE_CURVE('',#2805,#2803,#1210,.T.);
#3540=EDGE_CURVE('',#2805,#2806,#1211,.T.);
#3541=EDGE_CURVE('',#2806,#2804,#1212,.T.);
#3542=EDGE_CURVE('',#2807,#2805,#1213,.T.);
#3543=EDGE_CURVE('',#2807,#2808,#1214,.T.);
#3544=EDGE_CURVE('',#2808,#2806,#1215,.T.);
#3545=EDGE_CURVE('',#2809,#2807,#1216,.T.);
#3546=EDGE_CURVE('',#2809,#2810,#1217,.T.);
#3547=EDGE_CURVE('',#2810,#2808,#1218,.T.);
#3548=EDGE_CURVE('',#2811,#2809,#2422,.T.);
#3549=EDGE_CURVE('',#2811,#2812,#1219,.T.);
#3550=EDGE_CURVE('',#2812,#2810,#2423,.T.);
#3551=EDGE_CURVE('',#2813,#2811,#2424,.T.);
#3552=EDGE_CURVE('',#2813,#2814,#1220,.T.);
#3553=EDGE_CURVE('',#2814,#2812,#2425,.T.);
#3554=EDGE_CURVE('',#2815,#2813,#2426,.T.);
#3555=EDGE_CURVE('',#2815,#2816,#1221,.T.);
#3556=EDGE_CURVE('',#2816,#2814,#2427,.T.);
#3557=EDGE_CURVE('',#2817,#2815,#2428,.T.);
#3558=EDGE_CURVE('',#2817,#2818,#1222,.T.);
#3559=EDGE_CURVE('',#2818,#2816,#2429,.T.);
#3560=EDGE_CURVE('',#2819,#2817,#2430,.T.);
#3561=EDGE_CURVE('',#2819,#2820,#1223,.T.);
#3562=EDGE_CURVE('',#2820,#2818,#2431,.T.);
#3563=EDGE_CURVE('',#2821,#2819,#1224,.T.);
#3564=EDGE_CURVE('',#2821,#2822,#1225,.T.);
#3565=EDGE_CURVE('',#2822,#2820,#1226,.T.);
#3566=EDGE_CURVE('',#2823,#2821,#1227,.T.);
#3567=EDGE_CURVE('',#2823,#2824,#1228,.T.);
#3568=EDGE_CURVE('',#2824,#2822,#1229,.T.);
#3569=EDGE_CURVE('',#2825,#2823,#2432,.T.);
#3570=EDGE_CURVE('',#2825,#2826,#1230,.T.);
#3571=EDGE_CURVE('',#2826,#2824,#2433,.T.);
#3572=EDGE_CURVE('',#2827,#2825,#2434,.T.);
#3573=EDGE_CURVE('',#2827,#2828,#1231,.T.);
#3574=EDGE_CURVE('',#2828,#2826,#2435,.T.);
#3575=EDGE_CURVE('',#2829,#2827,#2436,.T.);
#3576=EDGE_CURVE('',#2829,#2830,#1232,.T.);
#3577=EDGE_CURVE('',#2830,#2828,#2437,.T.);
#3578=EDGE_CURVE('',#2831,#2829,#2438,.T.);
#3579=EDGE_CURVE('',#2831,#2832,#1233,.T.);
#3580=EDGE_CURVE('',#2832,#2830,#2439,.T.);
#3581=EDGE_CURVE('',#2833,#2831,#2440,.T.);
#3582=EDGE_CURVE('',#2833,#2834,#1234,.T.);
#3583=EDGE_CURVE('',#2834,#2832,#2441,.T.);
#3584=EDGE_CURVE('',#2835,#2833,#1235,.T.);
#3585=EDGE_CURVE('',#2835,#2836,#1236,.T.);
#3586=EDGE_CURVE('',#2836,#2834,#1237,.T.);
#3587=EDGE_CURVE('',#2837,#2835,#2442,.T.);
#3588=EDGE_CURVE('',#2837,#2838,#1238,.T.);
#3589=EDGE_CURVE('',#2838,#2836,#2443,.T.);
#3590=EDGE_CURVE('',#2839,#2837,#2444,.T.);
#3591=EDGE_CURVE('',#2839,#2840,#1239,.T.);
#3592=EDGE_CURVE('',#2840,#2838,#2445,.T.);
#3593=EDGE_CURVE('',#2841,#2839,#2446,.T.);
#3594=EDGE_CURVE('',#2841,#2842,#1240,.T.);
#3595=EDGE_CURVE('',#2842,#2840,#2447,.T.);
#3596=EDGE_CURVE('',#2843,#2841,#2448,.T.);
#3597=EDGE_CURVE('',#2843,#2844,#1241,.T.);
#3598=EDGE_CURVE('',#2844,#2842,#2449,.T.);
#3599=EDGE_CURVE('',#2845,#2843,#1242,.T.);
#3600=EDGE_CURVE('',#2845,#2846,#1243,.T.);
#3601=EDGE_CURVE('',#2846,#2844,#1244,.T.);
#3602=EDGE_CURVE('',#2847,#2845,#1245,.T.);
#3603=EDGE_CURVE('',#2847,#2848,#1246,.T.);
#3604=EDGE_CURVE('',#2848,#2846,#1247,.T.);
#3605=EDGE_CURVE('',#2849,#2847,#2450,.T.);
#3606=EDGE_CURVE('',#2849,#2850,#1248,.T.);
#3607=EDGE_CURVE('',#2850,#2848,#2451,.T.);
#3608=EDGE_CURVE('',#2798,#2849,#2452,.T.);
#3609=EDGE_CURVE('',#2800,#2850,#2453,.T.);
#3610=EDGE_CURVE('',#2851,#2852,#1249,.T.);
#3611=EDGE_CURVE('',#2851,#2853,#1250,.T.);
#3612=EDGE_CURVE('',#2853,#2854,#1251,.T.);
#3613=EDGE_CURVE('',#2852,#2854,#1252,.T.);
#3614=EDGE_CURVE('',#2852,#2855,#1253,.T.);
#3615=EDGE_CURVE('',#2854,#2856,#1254,.T.);
#3616=EDGE_CURVE('',#2855,#2856,#1255,.T.);
#3617=EDGE_CURVE('',#2855,#2851,#1256,.T.);
#3618=EDGE_CURVE('',#2856,#2853,#1257,.T.);
#3619=EDGE_CURVE('',#2857,#2858,#1258,.T.);
#3620=EDGE_CURVE('',#2857,#2859,#1259,.T.);
#3621=EDGE_CURVE('',#2859,#2860,#1260,.T.);
#3622=EDGE_CURVE('',#2858,#2860,#1261,.T.);
#3623=EDGE_CURVE('',#2861,#2857,#1262,.T.);
#3624=EDGE_CURVE('',#2861,#2862,#1263,.T.);
#3625=EDGE_CURVE('',#2862,#2859,#1264,.T.);
#3626=EDGE_CURVE('',#2863,#2861,#1265,.T.);
#3627=EDGE_CURVE('',#2863,#2864,#1266,.T.);
#3628=EDGE_CURVE('',#2864,#2862,#1267,.T.);
#3629=EDGE_CURVE('',#2865,#2863,#1268,.T.);
#3630=EDGE_CURVE('',#2865,#2866,#1269,.T.);
#3631=EDGE_CURVE('',#2866,#2864,#1270,.T.);
#3632=EDGE_CURVE('',#2867,#2865,#1271,.T.);
#3633=EDGE_CURVE('',#2867,#2868,#1272,.T.);
#3634=EDGE_CURVE('',#2868,#2866,#1273,.T.);
#3635=EDGE_CURVE('',#2869,#2867,#1274,.T.);
#3636=EDGE_CURVE('',#2869,#2870,#1275,.T.);
#3637=EDGE_CURVE('',#2870,#2868,#1276,.T.);
#3638=EDGE_CURVE('',#2871,#2869,#1277,.T.);
#3639=EDGE_CURVE('',#2871,#2872,#1278,.T.);
#3640=EDGE_CURVE('',#2872,#2870,#1279,.T.);
#3641=EDGE_CURVE('',#2873,#2871,#1280,.T.);
#3642=EDGE_CURVE('',#2873,#2874,#1281,.T.);
#3643=EDGE_CURVE('',#2874,#2872,#1282,.T.);
#3644=EDGE_CURVE('',#2875,#2873,#1283,.T.);
#3645=EDGE_CURVE('',#2875,#2876,#1284,.T.);
#3646=EDGE_CURVE('',#2876,#2874,#1285,.T.);
#3647=EDGE_CURVE('',#2877,#2875,#1286,.T.);
#3648=EDGE_CURVE('',#2877,#2878,#1287,.T.);
#3649=EDGE_CURVE('',#2878,#2876,#1288,.T.);
#3650=EDGE_CURVE('',#2858,#2877,#1289,.T.);
#3651=EDGE_CURVE('',#2860,#2878,#1290,.T.);
#3652=EDGE_CURVE('',#2879,#2880,#2454,.T.);
#3653=EDGE_CURVE('',#2879,#2881,#1291,.T.);
#3654=EDGE_CURVE('',#2881,#2882,#2455,.T.);
#3655=EDGE_CURVE('',#2880,#2882,#1292,.T.);
#3656=EDGE_CURVE('',#2883,#2879,#2456,.T.);
#3657=EDGE_CURVE('',#2883,#2884,#1293,.T.);
#3658=EDGE_CURVE('',#2884,#2881,#2457,.T.);
#3659=EDGE_CURVE('',#2885,#2883,#2458,.T.);
#3660=EDGE_CURVE('',#2885,#2886,#1294,.T.);
#3661=EDGE_CURVE('',#2886,#2884,#2459,.T.);
#3662=EDGE_CURVE('',#2887,#2885,#1295,.T.);
#3663=EDGE_CURVE('',#2887,#2888,#1296,.T.);
#3664=EDGE_CURVE('',#2888,#2886,#1297,.T.);
#3665=EDGE_CURVE('',#2889,#2887,#1298,.T.);
#3666=EDGE_CURVE('',#2889,#2890,#1299,.T.);
#3667=EDGE_CURVE('',#2890,#2888,#1300,.T.);
#3668=EDGE_CURVE('',#2891,#2889,#1301,.T.);
#3669=EDGE_CURVE('',#2891,#2892,#1302,.T.);
#3670=EDGE_CURVE('',#2892,#2890,#1303,.T.);
#3671=EDGE_CURVE('',#2893,#2891,#1304,.T.);
#3672=EDGE_CURVE('',#2893,#2894,#1305,.T.);
#3673=EDGE_CURVE('',#2894,#2892,#1306,.T.);
#3674=EDGE_CURVE('',#2895,#2893,#1307,.T.);
#3675=EDGE_CURVE('',#2895,#2896,#1308,.T.);
#3676=EDGE_CURVE('',#2896,#2894,#1309,.T.);
#3677=EDGE_CURVE('',#2897,#2895,#2460,.T.);
#3678=EDGE_CURVE('',#2897,#2898,#1310,.T.);
#3679=EDGE_CURVE('',#2898,#2896,#2461,.T.);
#3680=EDGE_CURVE('',#2899,#2897,#2462,.T.);
#3681=EDGE_CURVE('',#2899,#2900,#1311,.T.);
#3682=EDGE_CURVE('',#2900,#2898,#2463,.T.);
#3683=EDGE_CURVE('',#2901,#2899,#2464,.T.);
#3684=EDGE_CURVE('',#2901,#2902,#1312,.T.);
#3685=EDGE_CURVE('',#2902,#2900,#2465,.T.);
#3686=EDGE_CURVE('',#2903,#2901,#2466,.T.);
#3687=EDGE_CURVE('',#2903,#2904,#1313,.T.);
#3688=EDGE_CURVE('',#2904,#2902,#2467,.T.);
#3689=EDGE_CURVE('',#2905,#2903,#2468,.T.);
#3690=EDGE_CURVE('',#2905,#2906,#1314,.T.);
#3691=EDGE_CURVE('',#2906,#2904,#2469,.T.);
#3692=EDGE_CURVE('',#2907,#2905,#2470,.T.);
#3693=EDGE_CURVE('',#2907,#2908,#1315,.T.);
#3694=EDGE_CURVE('',#2908,#2906,#2471,.T.);
#3695=EDGE_CURVE('',#2909,#2907,#2472,.T.);
#3696=EDGE_CURVE('',#2909,#2910,#1316,.T.);
#3697=EDGE_CURVE('',#2910,#2908,#2473,.T.);
#3698=EDGE_CURVE('',#2911,#2909,#1317,.T.);
#3699=EDGE_CURVE('',#2911,#2912,#1318,.T.);
#3700=EDGE_CURVE('',#2912,#2910,#1319,.T.);
#3701=EDGE_CURVE('',#2913,#2911,#1320,.T.);
#3702=EDGE_CURVE('',#2913,#2914,#1321,.T.);
#3703=EDGE_CURVE('',#2914,#2912,#1322,.T.);
#3704=EDGE_CURVE('',#2915,#2913,#2474,.T.);
#3705=EDGE_CURVE('',#2915,#2916,#1323,.T.);
#3706=EDGE_CURVE('',#2916,#2914,#2475,.T.);
#3707=EDGE_CURVE('',#2917,#2915,#2476,.T.);
#3708=EDGE_CURVE('',#2917,#2918,#1324,.T.);
#3709=EDGE_CURVE('',#2918,#2916,#2477,.T.);
#3710=EDGE_CURVE('',#2880,#2917,#2478,.T.);
#3711=EDGE_CURVE('',#2882,#2918,#2479,.T.);
#3712=EDGE_CURVE('',#2919,#2920,#2480,.T.);
#3713=EDGE_CURVE('',#2919,#2921,#1325,.T.);
#3714=EDGE_CURVE('',#2921,#2922,#2481,.T.);
#3715=EDGE_CURVE('',#2920,#2922,#1326,.T.);
#3716=EDGE_CURVE('',#2920,#2923,#1327,.T.);
#3717=EDGE_CURVE('',#2922,#2924,#1328,.T.);
#3718=EDGE_CURVE('',#2923,#2924,#1329,.T.);
#3719=EDGE_CURVE('',#2923,#2925,#1330,.T.);
#3720=EDGE_CURVE('',#2924,#2926,#1331,.T.);
#3721=EDGE_CURVE('',#2925,#2926,#1332,.T.);
#3722=EDGE_CURVE('',#2925,#2927,#1333,.T.);
#3723=EDGE_CURVE('',#2926,#2928,#1334,.T.);
#3724=EDGE_CURVE('',#2927,#2928,#1335,.T.);
#3725=EDGE_CURVE('',#2927,#2929,#2482,.T.);
#3726=EDGE_CURVE('',#2928,#2930,#2483,.T.);
#3727=EDGE_CURVE('',#2929,#2930,#1336,.T.);
#3728=EDGE_CURVE('',#2929,#2931,#2484,.T.);
#3729=EDGE_CURVE('',#2930,#2932,#2485,.T.);
#3730=EDGE_CURVE('',#2931,#2932,#1337,.T.);
#3731=EDGE_CURVE('',#2931,#2919,#2486,.T.);
#3732=EDGE_CURVE('',#2932,#2921,#2487,.T.);
#3733=EDGE_CURVE('',#2933,#2934,#2488,.T.);
#3734=EDGE_CURVE('',#2933,#2935,#1338,.T.);
#3735=EDGE_CURVE('',#2935,#2936,#2489,.T.);
#3736=EDGE_CURVE('',#2934,#2936,#1339,.T.);
#3737=EDGE_CURVE('',#2937,#2933,#2490,.T.);
#3738=EDGE_CURVE('',#2937,#2938,#1340,.T.);
#3739=EDGE_CURVE('',#2938,#2935,#2491,.T.);
#3740=EDGE_CURVE('',#2939,#2937,#1341,.T.);
#3741=EDGE_CURVE('',#2939,#2940,#1342,.T.);
#3742=EDGE_CURVE('',#2940,#2938,#1343,.T.);
#3743=EDGE_CURVE('',#2941,#2939,#1344,.T.);
#3744=EDGE_CURVE('',#2941,#2942,#1345,.T.);
#3745=EDGE_CURVE('',#2942,#2940,#1346,.T.);
#3746=EDGE_CURVE('',#2943,#2941,#1347,.T.);
#3747=EDGE_CURVE('',#2943,#2944,#1348,.T.);
#3748=EDGE_CURVE('',#2944,#2942,#1349,.T.);
#3749=EDGE_CURVE('',#2945,#2943,#2492,.T.);
#3750=EDGE_CURVE('',#2945,#2946,#1350,.T.);
#3751=EDGE_CURVE('',#2946,#2944,#2493,.T.);
#3752=EDGE_CURVE('',#2934,#2945,#2494,.T.);
#3753=EDGE_CURVE('',#2936,#2946,#2495,.T.);
#3754=EDGE_CURVE('',#2947,#2948,#2496,.T.);
#3755=EDGE_CURVE('',#2947,#2949,#1351,.T.);
#3756=EDGE_CURVE('',#2949,#2950,#2497,.T.);
#3757=EDGE_CURVE('',#2948,#2950,#1352,.T.);
#3758=EDGE_CURVE('',#2948,#2951,#2498,.T.);
#3759=EDGE_CURVE('',#2950,#2952,#2499,.T.);
#3760=EDGE_CURVE('',#2951,#2952,#1353,.T.);
#3761=EDGE_CURVE('',#2951,#2953,#2500,.T.);
#3762=EDGE_CURVE('',#2952,#2954,#2501,.T.);
#3763=EDGE_CURVE('',#2953,#2954,#1354,.T.);
#3764=EDGE_CURVE('',#2953,#2955,#2502,.T.);
#3765=EDGE_CURVE('',#2954,#2956,#2503,.T.);
#3766=EDGE_CURVE('',#2955,#2956,#1355,.T.);
#3767=EDGE_CURVE('',#2955,#2957,#2504,.T.);
#3768=EDGE_CURVE('',#2956,#2958,#2505,.T.);
#3769=EDGE_CURVE('',#2957,#2958,#1356,.T.);
#3770=EDGE_CURVE('',#2957,#2947,#2506,.T.);
#3771=EDGE_CURVE('',#2958,#2949,#2507,.T.);
#3772=EDGE_CURVE('',#2959,#2960,#1357,.T.);
#3773=EDGE_CURVE('',#2959,#2961,#1358,.T.);
#3774=EDGE_CURVE('',#2961,#2962,#1359,.T.);
#3775=EDGE_CURVE('',#2960,#2962,#1360,.T.);
#3776=EDGE_CURVE('',#2963,#2959,#1361,.T.);
#3777=EDGE_CURVE('',#2963,#2964,#1362,.T.);
#3778=EDGE_CURVE('',#2964,#2961,#1363,.T.);
#3779=EDGE_CURVE('',#2965,#2963,#2508,.T.);
#3780=EDGE_CURVE('',#2965,#2966,#1364,.T.);
#3781=EDGE_CURVE('',#2966,#2964,#2509,.T.);
#3782=EDGE_CURVE('',#2967,#2965,#2510,.T.);
#3783=EDGE_CURVE('',#2967,#2968,#1365,.T.);
#3784=EDGE_CURVE('',#2968,#2966,#2511,.T.);
#3785=EDGE_CURVE('',#2969,#2967,#2512,.T.);
#3786=EDGE_CURVE('',#2969,#2970,#1366,.T.);
#3787=EDGE_CURVE('',#2970,#2968,#2513,.T.);
#3788=EDGE_CURVE('',#2971,#2969,#2514,.T.);
#3789=EDGE_CURVE('',#2971,#2972,#1367,.T.);
#3790=EDGE_CURVE('',#2972,#2970,#2515,.T.);
#3791=EDGE_CURVE('',#2973,#2971,#2516,.T.);
#3792=EDGE_CURVE('',#2973,#2974,#1368,.T.);
#3793=EDGE_CURVE('',#2974,#2972,#2517,.T.);
#3794=EDGE_CURVE('',#2975,#2973,#2518,.T.);
#3795=EDGE_CURVE('',#2975,#2976,#1369,.T.);
#3796=EDGE_CURVE('',#2976,#2974,#2519,.T.);
#3797=EDGE_CURVE('',#2977,#2975,#2520,.T.);
#3798=EDGE_CURVE('',#2977,#2978,#1370,.T.);
#3799=EDGE_CURVE('',#2978,#2976,#2521,.T.);
#3800=EDGE_CURVE('',#2979,#2977,#2522,.T.);
#3801=EDGE_CURVE('',#2979,#2980,#1371,.T.);
#3802=EDGE_CURVE('',#2980,#2978,#2523,.T.);
#3803=EDGE_CURVE('',#2981,#2979,#2524,.T.);
#3804=EDGE_CURVE('',#2981,#2982,#1372,.T.);
#3805=EDGE_CURVE('',#2982,#2980,#2525,.T.);
#3806=EDGE_CURVE('',#2983,#2981,#2526,.T.);
#3807=EDGE_CURVE('',#2983,#2984,#1373,.T.);
#3808=EDGE_CURVE('',#2984,#2982,#2527,.T.);
#3809=EDGE_CURVE('',#2985,#2983,#1374,.T.);
#3810=EDGE_CURVE('',#2985,#2986,#1375,.T.);
#3811=EDGE_CURVE('',#2986,#2984,#2528,.T.);
#3812=EDGE_CURVE('',#2987,#2985,#2529,.T.);
#3813=EDGE_CURVE('',#2987,#2988,#1376,.T.);
#3814=EDGE_CURVE('',#2988,#2986,#2530,.T.);
#3815=EDGE_CURVE('',#2960,#2987,#2531,.T.);
#3816=EDGE_CURVE('',#2962,#2988,#2532,.T.);
#3817=EDGE_CURVE('',#2989,#2990,#1377,.T.);
#3818=EDGE_CURVE('',#2989,#2991,#1378,.T.);
#3819=EDGE_CURVE('',#2991,#2992,#1379,.T.);
#3820=EDGE_CURVE('',#2990,#2992,#1380,.T.);
#3821=EDGE_CURVE('',#2993,#2989,#1381,.T.);
#3822=EDGE_CURVE('',#2993,#2994,#1382,.T.);
#3823=EDGE_CURVE('',#2994,#2991,#1383,.T.);
#3824=EDGE_CURVE('',#2995,#2993,#1384,.T.);
#3825=EDGE_CURVE('',#2995,#2996,#1385,.T.);
#3826=EDGE_CURVE('',#2996,#2994,#1386,.T.);
#3827=EDGE_CURVE('',#2997,#2995,#1387,.T.);
#3828=EDGE_CURVE('',#2997,#2998,#1388,.T.);
#3829=EDGE_CURVE('',#2998,#2996,#1389,.T.);
#3830=EDGE_CURVE('',#2999,#2997,#2533,.T.);
#3831=EDGE_CURVE('',#2999,#3000,#1390,.T.);
#3832=EDGE_CURVE('',#3000,#2998,#2534,.T.);
#3833=EDGE_CURVE('',#3001,#2999,#1391,.T.);
#3834=EDGE_CURVE('',#3001,#3002,#1392,.T.);
#3835=EDGE_CURVE('',#3002,#3000,#1393,.T.);
#3836=EDGE_CURVE('',#3003,#3001,#1394,.T.);
#3837=EDGE_CURVE('',#3003,#3004,#1395,.T.);
#3838=EDGE_CURVE('',#3004,#3002,#1396,.T.);
#3839=EDGE_CURVE('',#3005,#3003,#1397,.T.);
#3840=EDGE_CURVE('',#3005,#3006,#1398,.T.);
#3841=EDGE_CURVE('',#3006,#3004,#1399,.T.);
#3842=EDGE_CURVE('',#3007,#3005,#1400,.T.);
#3843=EDGE_CURVE('',#3007,#3008,#1401,.T.);
#3844=EDGE_CURVE('',#3008,#3006,#1402,.T.);
#3845=EDGE_CURVE('',#3009,#3007,#1403,.T.);
#3846=EDGE_CURVE('',#3009,#3010,#1404,.T.);
#3847=EDGE_CURVE('',#3010,#3008,#1405,.T.);
#3848=EDGE_CURVE('',#2990,#3009,#1406,.T.);
#3849=EDGE_CURVE('',#2992,#3010,#1407,.T.);
#3850=EDGE_CURVE('',#3011,#3012,#2535,.T.);
#3851=EDGE_CURVE('',#3011,#3013,#1408,.T.);
#3852=EDGE_CURVE('',#3013,#3014,#2536,.T.);
#3853=EDGE_CURVE('',#3012,#3014,#1409,.T.);
#3854=EDGE_CURVE('',#3012,#3015,#2537,.T.);
#3855=EDGE_CURVE('',#3014,#3016,#2538,.T.);
#3856=EDGE_CURVE('',#3015,#3016,#1410,.T.);
#3857=EDGE_CURVE('',#3015,#3017,#2539,.T.);
#3858=EDGE_CURVE('',#3016,#3018,#2540,.T.);
#3859=EDGE_CURVE('',#3017,#3018,#1411,.T.);
#3860=EDGE_CURVE('',#3017,#3019,#2541,.T.);
#3861=EDGE_CURVE('',#3018,#3020,#2542,.T.);
#3862=EDGE_CURVE('',#3019,#3020,#1412,.T.);
#3863=EDGE_CURVE('',#3019,#3011,#2543,.T.);
#3864=EDGE_CURVE('',#3020,#3013,#2544,.T.);
#3865=EDGE_CURVE('',#3021,#3022,#2545,.T.);
#3866=EDGE_CURVE('',#3021,#3023,#1413,.T.);
#3867=EDGE_CURVE('',#3023,#3024,#2546,.T.);
#3868=EDGE_CURVE('',#3022,#3024,#1414,.T.);
#3869=EDGE_CURVE('',#3022,#3025,#2547,.T.);
#3870=EDGE_CURVE('',#3024,#3026,#2548,.T.);
#3871=EDGE_CURVE('',#3025,#3026,#1415,.T.);
#3872=EDGE_CURVE('',#3025,#3027,#2549,.T.);
#3873=EDGE_CURVE('',#3026,#3028,#2550,.T.);
#3874=EDGE_CURVE('',#3027,#3028,#1416,.T.);
#3875=EDGE_CURVE('',#3027,#3029,#2551,.T.);
#3876=EDGE_CURVE('',#3028,#3030,#2552,.T.);
#3877=EDGE_CURVE('',#3029,#3030,#1417,.T.);
#3878=EDGE_CURVE('',#3029,#3021,#2553,.T.);
#3879=EDGE_CURVE('',#3030,#3023,#2554,.T.);
#3880=EDGE_CURVE('',#3031,#3032,#2555,.T.);
#3881=EDGE_CURVE('',#3031,#3033,#1418,.T.);
#3882=EDGE_CURVE('',#3033,#3034,#2556,.T.);
#3883=EDGE_CURVE('',#3032,#3034,#1419,.T.);
#3884=EDGE_CURVE('',#3035,#3031,#2557,.T.);
#3885=EDGE_CURVE('',#3035,#3036,#1420,.T.);
#3886=EDGE_CURVE('',#3036,#3033,#2558,.T.);
#3887=EDGE_CURVE('',#3037,#3035,#1421,.T.);
#3888=EDGE_CURVE('',#3037,#3038,#1422,.T.);
#3889=EDGE_CURVE('',#3038,#3036,#1423,.T.);
#3890=EDGE_CURVE('',#3039,#3037,#2559,.T.);
#3891=EDGE_CURVE('',#3039,#3040,#1424,.T.);
#3892=EDGE_CURVE('',#3040,#3038,#2560,.T.);
#3893=EDGE_CURVE('',#3041,#3039,#2561,.T.);
#3894=EDGE_CURVE('',#3041,#3042,#1425,.T.);
#3895=EDGE_CURVE('',#3042,#3040,#2562,.T.);
#3896=EDGE_CURVE('',#3043,#3041,#2563,.T.);
#3897=EDGE_CURVE('',#3043,#3044,#1426,.T.);
#3898=EDGE_CURVE('',#3044,#3042,#2564,.T.);
#3899=EDGE_CURVE('',#3045,#3043,#2565,.T.);
#3900=EDGE_CURVE('',#3045,#3046,#1427,.T.);
#3901=EDGE_CURVE('',#3046,#3044,#2566,.T.);
#3902=EDGE_CURVE('',#3047,#3045,#1428,.T.);
#3903=EDGE_CURVE('',#3047,#3048,#1429,.T.);
#3904=EDGE_CURVE('',#3048,#3046,#1430,.T.);
#3905=EDGE_CURVE('',#3049,#3047,#2567,.T.);
#3906=EDGE_CURVE('',#3049,#3050,#1431,.T.);
#3907=EDGE_CURVE('',#3050,#3048,#2568,.T.);
#3908=EDGE_CURVE('',#3051,#3049,#2569,.T.);
#3909=EDGE_CURVE('',#3051,#3052,#1432,.T.);
#3910=EDGE_CURVE('',#3052,#3050,#2570,.T.);
#3911=EDGE_CURVE('',#3032,#3051,#2571,.T.);
#3912=EDGE_CURVE('',#3034,#3052,#2572,.T.);
#3913=EDGE_CURVE('',#3053,#3054,#1433,.T.);
#3914=EDGE_CURVE('',#3054,#3055,#1434,.T.);
#3915=EDGE_CURVE('',#3056,#3055,#1435,.T.);
#3916=EDGE_CURVE('',#3053,#3056,#1436,.T.);
#3917=EDGE_CURVE('',#3057,#3058,#1437,.T.);
#3918=EDGE_CURVE('',#3058,#3059,#1438,.T.);
#3919=EDGE_CURVE('',#3059,#3060,#1439,.T.);
#3920=EDGE_CURVE('',#3060,#3057,#1440,.T.);
#3921=EDGE_CURVE('',#3061,#3062,#1441,.T.);
#3922=EDGE_CURVE('',#3062,#3063,#1442,.T.);
#3923=EDGE_CURVE('',#3063,#3064,#1443,.T.);
#3924=EDGE_CURVE('',#3064,#3061,#1444,.T.);
#3925=EDGE_CURVE('',#3065,#3066,#1445,.T.);
#3926=EDGE_CURVE('',#3066,#3067,#1446,.T.);
#3927=EDGE_CURVE('',#3067,#3068,#1447,.T.);
#3928=EDGE_CURVE('',#3068,#3065,#1448,.T.);
#3929=EDGE_CURVE('',#3069,#3070,#1449,.T.);
#3930=EDGE_CURVE('',#3070,#3071,#1450,.T.);
#3931=EDGE_CURVE('',#3071,#3072,#1451,.T.);
#3932=EDGE_CURVE('',#3072,#3069,#1452,.T.);
#3933=EDGE_CURVE('',#3073,#3074,#1453,.T.);
#3934=EDGE_CURVE('',#3074,#3075,#1454,.T.);
#3935=EDGE_CURVE('',#3075,#3076,#1455,.T.);
#3936=EDGE_CURVE('',#3076,#3073,#1456,.T.);
#3937=EDGE_CURVE('',#3077,#3078,#1457,.T.);
#3938=EDGE_CURVE('',#3078,#3079,#1458,.T.);
#3939=EDGE_CURVE('',#3079,#3080,#1459,.T.);
#3940=EDGE_CURVE('',#3080,#3077,#1460,.T.);
#3941=EDGE_CURVE('',#3081,#3082,#1461,.T.);
#3942=EDGE_CURVE('',#3082,#3083,#1462,.T.);
#3943=EDGE_CURVE('',#3083,#3084,#1463,.T.);
#3944=EDGE_CURVE('',#3084,#3081,#1464,.T.);
#3945=EDGE_CURVE('',#3085,#3086,#1465,.T.);
#3946=EDGE_CURVE('',#3086,#3087,#1466,.T.);
#3947=EDGE_CURVE('',#3087,#3088,#1467,.T.);
#3948=EDGE_CURVE('',#3088,#3085,#1468,.T.);
#3949=EDGE_CURVE('',#3089,#3090,#1469,.T.);
#3950=EDGE_CURVE('',#3090,#3091,#1470,.T.);
#3951=EDGE_CURVE('',#3091,#3092,#1471,.T.);
#3952=EDGE_CURVE('',#3092,#3089,#1472,.T.);
#3953=EDGE_CURVE('',#3093,#3094,#1473,.T.);
#3954=EDGE_CURVE('',#3094,#3095,#1474,.T.);
#3955=EDGE_CURVE('',#3095,#3096,#1475,.T.);
#3956=EDGE_CURVE('',#3096,#3093,#1476,.T.);
#3957=EDGE_CURVE('',#3097,#3098,#1477,.T.);
#3958=EDGE_CURVE('',#3098,#3099,#1478,.T.);
#3959=EDGE_CURVE('',#3099,#3100,#1479,.T.);
#3960=EDGE_CURVE('',#3100,#3097,#1480,.T.);
#3961=EDGE_CURVE('',#3101,#3102,#1481,.T.);
#3962=EDGE_CURVE('',#3102,#3103,#1482,.T.);
#3963=EDGE_CURVE('',#3103,#3104,#1483,.T.);
#3964=EDGE_CURVE('',#3104,#3101,#1484,.T.);
#3965=EDGE_CURVE('',#3105,#3106,#1485,.T.);
#3966=EDGE_CURVE('',#3105,#3107,#1486,.T.);
#3967=EDGE_CURVE('',#3108,#3107,#1487,.T.);
#3968=EDGE_CURVE('',#3106,#3108,#1488,.T.);
#3969=EDGE_CURVE('',#3106,#3109,#1489,.T.);
#3970=EDGE_CURVE('',#3110,#3108,#1490,.T.);
#3971=EDGE_CURVE('',#3109,#3110,#1491,.T.);
#3972=EDGE_CURVE('',#3109,#3111,#1492,.T.);
#3973=EDGE_CURVE('',#3112,#3110,#1493,.T.);
#3974=EDGE_CURVE('',#3111,#3112,#1494,.T.);
#3975=EDGE_CURVE('',#3111,#3105,#1495,.T.);
#3976=EDGE_CURVE('',#3107,#3112,#1496,.T.);
#3977=EDGE_CURVE('',#3113,#3114,#1497,.T.);
#3978=EDGE_CURVE('',#3113,#3115,#1498,.T.);
#3979=EDGE_CURVE('',#3116,#3115,#1499,.T.);
#3980=EDGE_CURVE('',#3114,#3116,#1500,.T.);
#3981=EDGE_CURVE('',#3114,#3117,#1501,.T.);
#3982=EDGE_CURVE('',#3118,#3116,#1502,.T.);
#3983=EDGE_CURVE('',#3117,#3118,#1503,.T.);
#3984=EDGE_CURVE('',#3117,#3119,#1504,.T.);
#3985=EDGE_CURVE('',#3120,#3118,#1505,.T.);
#3986=EDGE_CURVE('',#3119,#3120,#1506,.T.);
#3987=EDGE_CURVE('',#3119,#3113,#1507,.T.);
#3988=EDGE_CURVE('',#3115,#3120,#1508,.T.);
#3989=EDGE_CURVE('',#3121,#3122,#1509,.T.);
#3990=EDGE_CURVE('',#3121,#3123,#1510,.T.);
#3991=EDGE_CURVE('',#3124,#3123,#1511,.T.);
#3992=EDGE_CURVE('',#3122,#3124,#1512,.T.);
#3993=EDGE_CURVE('',#3122,#3125,#1513,.T.);
#3994=EDGE_CURVE('',#3126,#3124,#1514,.T.);
#3995=EDGE_CURVE('',#3125,#3126,#1515,.T.);
#3996=EDGE_CURVE('',#3125,#3127,#1516,.T.);
#3997=EDGE_CURVE('',#3128,#3126,#1517,.T.);
#3998=EDGE_CURVE('',#3127,#3128,#1518,.T.);
#3999=EDGE_CURVE('',#3127,#3121,#1519,.T.);
#4000=EDGE_CURVE('',#3123,#3128,#1520,.T.);
#4001=EDGE_CURVE('',#3129,#3130,#1521,.T.);
#4002=EDGE_CURVE('',#3129,#3131,#1522,.T.);
#4003=EDGE_CURVE('',#3132,#3131,#1523,.T.);
#4004=EDGE_CURVE('',#3130,#3132,#1524,.T.);
#4005=EDGE_CURVE('',#3130,#3133,#1525,.T.);
#4006=EDGE_CURVE('',#3134,#3132,#1526,.T.);
#4007=EDGE_CURVE('',#3133,#3134,#1527,.T.);
#4008=EDGE_CURVE('',#3133,#3135,#1528,.T.);
#4009=EDGE_CURVE('',#3136,#3134,#1529,.T.);
#4010=EDGE_CURVE('',#3135,#3136,#1530,.T.);
#4011=EDGE_CURVE('',#3135,#3129,#1531,.T.);
#4012=EDGE_CURVE('',#3131,#3136,#1532,.T.);
#4013=EDGE_CURVE('',#3137,#3138,#1533,.T.);
#4014=EDGE_CURVE('',#3137,#3139,#1534,.T.);
#4015=EDGE_CURVE('',#3140,#3139,#1535,.T.);
#4016=EDGE_CURVE('',#3138,#3140,#1536,.T.);
#4017=EDGE_CURVE('',#3139,#3141,#1537,.T.);
#4018=EDGE_CURVE('',#3141,#3142,#1538,.T.);
#4019=EDGE_CURVE('',#3142,#3140,#1539,.T.);
#4020=EDGE_CURVE('',#3143,#3144,#1540,.T.);
#4021=EDGE_CURVE('',#3060,#3143,#1541,.T.);
#4022=EDGE_CURVE('',#3059,#3144,#1542,.T.);
#4023=EDGE_CURVE('',#3144,#3145,#1543,.T.);
#4024=EDGE_CURVE('',#3058,#3145,#1544,.T.);
#4025=EDGE_CURVE('',#3145,#3146,#1545,.T.);
#4026=EDGE_CURVE('',#3057,#3146,#1546,.T.);
#4027=EDGE_CURVE('',#3146,#3143,#1547,.T.);
#4028=EDGE_CURVE('',#3147,#3148,#1548,.T.);
#4029=EDGE_CURVE('',#3064,#3147,#1549,.T.);
#4030=EDGE_CURVE('',#3063,#3148,#1550,.T.);
#4031=EDGE_CURVE('',#3148,#3149,#1551,.T.);
#4032=EDGE_CURVE('',#3062,#3149,#1552,.T.);
#4033=EDGE_CURVE('',#3149,#3150,#1553,.T.);
#4034=EDGE_CURVE('',#3061,#3150,#1554,.T.);
#4035=EDGE_CURVE('',#3150,#3147,#1555,.T.);
#4036=EDGE_CURVE('',#3151,#3152,#1556,.T.);
#4037=EDGE_CURVE('',#3068,#3151,#1557,.T.);
#4038=EDGE_CURVE('',#3067,#3152,#1558,.T.);
#4039=EDGE_CURVE('',#3152,#3153,#1559,.T.);
#4040=EDGE_CURVE('',#3066,#3153,#1560,.T.);
#4041=EDGE_CURVE('',#3153,#3154,#1561,.T.);
#4042=EDGE_CURVE('',#3065,#3154,#1562,.T.);
#4043=EDGE_CURVE('',#3154,#3151,#1563,.T.);
#4044=EDGE_CURVE('',#3155,#3156,#1564,.T.);
#4045=EDGE_CURVE('',#3072,#3155,#1565,.T.);
#4046=EDGE_CURVE('',#3071,#3156,#1566,.T.);
#4047=EDGE_CURVE('',#3156,#3157,#1567,.T.);
#4048=EDGE_CURVE('',#3070,#3157,#1568,.T.);
#4049=EDGE_CURVE('',#3157,#3158,#1569,.T.);
#4050=EDGE_CURVE('',#3069,#3158,#1570,.T.);
#4051=EDGE_CURVE('',#3158,#3155,#1571,.T.);
#4052=EDGE_CURVE('',#3159,#3160,#1572,.T.);
#4053=EDGE_CURVE('',#3076,#3159,#1573,.T.);
#4054=EDGE_CURVE('',#3075,#3160,#1574,.T.);
#4055=EDGE_CURVE('',#3160,#3161,#1575,.T.);
#4056=EDGE_CURVE('',#3074,#3161,#1576,.T.);
#4057=EDGE_CURVE('',#3161,#3162,#1577,.T.);
#4058=EDGE_CURVE('',#3073,#3162,#1578,.T.);
#4059=EDGE_CURVE('',#3162,#3159,#1579,.T.);
#4060=EDGE_CURVE('',#3163,#3164,#1580,.T.);
#4061=EDGE_CURVE('',#3080,#3163,#1581,.T.);
#4062=EDGE_CURVE('',#3079,#3164,#1582,.T.);
#4063=EDGE_CURVE('',#3164,#3165,#1583,.T.);
#4064=EDGE_CURVE('',#3078,#3165,#1584,.T.);
#4065=EDGE_CURVE('',#3165,#3166,#1585,.T.);
#4066=EDGE_CURVE('',#3077,#3166,#1586,.T.);
#4067=EDGE_CURVE('',#3166,#3163,#1587,.T.);
#4068=EDGE_CURVE('',#3167,#3168,#1588,.T.);
#4069=EDGE_CURVE('',#3084,#3167,#1589,.T.);
#4070=EDGE_CURVE('',#3083,#3168,#1590,.T.);
#4071=EDGE_CURVE('',#3168,#3169,#1591,.T.);
#4072=EDGE_CURVE('',#3082,#3169,#1592,.T.);
#4073=EDGE_CURVE('',#3169,#3170,#1593,.T.);
#4074=EDGE_CURVE('',#3081,#3170,#1594,.T.);
#4075=EDGE_CURVE('',#3170,#3167,#1595,.T.);
#4076=EDGE_CURVE('',#3171,#3172,#1596,.T.);
#4077=EDGE_CURVE('',#3088,#3171,#1597,.T.);
#4078=EDGE_CURVE('',#3087,#3172,#1598,.T.);
#4079=EDGE_CURVE('',#3172,#3173,#1599,.T.);
#4080=EDGE_CURVE('',#3086,#3173,#1600,.T.);
#4081=EDGE_CURVE('',#3173,#3174,#1601,.T.);
#4082=EDGE_CURVE('',#3085,#3174,#1602,.T.);
#4083=EDGE_CURVE('',#3174,#3171,#1603,.T.);
#4084=EDGE_CURVE('',#3175,#3176,#1604,.T.);
#4085=EDGE_CURVE('',#3092,#3175,#1605,.T.);
#4086=EDGE_CURVE('',#3091,#3176,#1606,.T.);
#4087=EDGE_CURVE('',#3176,#3177,#1607,.T.);
#4088=EDGE_CURVE('',#3090,#3177,#1608,.T.);
#4089=EDGE_CURVE('',#3177,#3178,#1609,.T.);
#4090=EDGE_CURVE('',#3089,#3178,#1610,.T.);
#4091=EDGE_CURVE('',#3178,#3175,#1611,.T.);
#4092=EDGE_CURVE('',#3179,#3180,#1612,.T.);
#4093=EDGE_CURVE('',#3096,#3179,#1613,.T.);
#4094=EDGE_CURVE('',#3095,#3180,#1614,.T.);
#4095=EDGE_CURVE('',#3180,#3181,#1615,.T.);
#4096=EDGE_CURVE('',#3094,#3181,#1616,.T.);
#4097=EDGE_CURVE('',#3181,#3182,#1617,.T.);
#4098=EDGE_CURVE('',#3093,#3182,#1618,.T.);
#4099=EDGE_CURVE('',#3182,#3179,#1619,.T.);
#4100=EDGE_CURVE('',#3183,#3184,#1620,.T.);
#4101=EDGE_CURVE('',#3100,#3183,#1621,.T.);
#4102=EDGE_CURVE('',#3099,#3184,#1622,.T.);
#4103=EDGE_CURVE('',#3184,#3185,#1623,.T.);
#4104=EDGE_CURVE('',#3098,#3185,#1624,.T.);
#4105=EDGE_CURVE('',#3185,#3186,#1625,.T.);
#4106=EDGE_CURVE('',#3097,#3186,#1626,.T.);
#4107=EDGE_CURVE('',#3186,#3183,#1627,.T.);
#4108=EDGE_CURVE('',#3187,#3188,#1628,.T.);
#4109=EDGE_CURVE('',#3104,#3187,#1629,.T.);
#4110=EDGE_CURVE('',#3103,#3188,#1630,.T.);
#4111=EDGE_CURVE('',#3188,#3189,#1631,.T.);
#4112=EDGE_CURVE('',#3102,#3189,#1632,.T.);
#4113=EDGE_CURVE('',#3189,#3190,#1633,.T.);
#4114=EDGE_CURVE('',#3101,#3190,#1634,.T.);
#4115=EDGE_CURVE('',#3190,#3187,#1635,.T.);
#4116=EDGE_CURVE('',#3191,#3053,#1636,.T.);
#4117=EDGE_CURVE('',#3192,#3056,#1637,.T.);
#4118=EDGE_CURVE('',#3191,#3192,#1638,.T.);
#4119=EDGE_CURVE('',#3138,#3191,#1639,.T.);
#4120=EDGE_CURVE('',#3137,#3192,#1640,.T.);
#4121=EDGE_CURVE('',#3054,#3142,#1641,.T.);
#4122=EDGE_CURVE('',#3055,#3141,#1642,.T.);
#4123=ORIENTED_EDGE('',*,*,#3193,.F.);
#4124=ORIENTED_EDGE('',*,*,#3194,.T.);
#4125=ORIENTED_EDGE('',*,*,#3195,.T.);
#4126=ORIENTED_EDGE('',*,*,#3196,.F.);
#4127=ORIENTED_EDGE('',*,*,#3197,.F.);
#4128=ORIENTED_EDGE('',*,*,#3196,.T.);
#4129=ORIENTED_EDGE('',*,*,#3198,.T.);
#4130=ORIENTED_EDGE('',*,*,#3199,.F.);
#4131=ORIENTED_EDGE('',*,*,#3200,.F.);
#4132=ORIENTED_EDGE('',*,*,#3199,.T.);
#4133=ORIENTED_EDGE('',*,*,#3201,.T.);
#4134=ORIENTED_EDGE('',*,*,#3202,.F.);
#4135=ORIENTED_EDGE('',*,*,#3203,.F.);
#4136=ORIENTED_EDGE('',*,*,#3202,.T.);
#4137=ORIENTED_EDGE('',*,*,#3204,.T.);
#4138=ORIENTED_EDGE('',*,*,#3205,.F.);
#4139=ORIENTED_EDGE('',*,*,#3206,.F.);
#4140=ORIENTED_EDGE('',*,*,#3205,.T.);
#4141=ORIENTED_EDGE('',*,*,#3207,.T.);
#4142=ORIENTED_EDGE('',*,*,#3208,.F.);
#4143=ORIENTED_EDGE('',*,*,#3209,.F.);
#4144=ORIENTED_EDGE('',*,*,#3208,.T.);
#4145=ORIENTED_EDGE('',*,*,#3210,.T.);
#4146=ORIENTED_EDGE('',*,*,#3211,.F.);
#4147=ORIENTED_EDGE('',*,*,#3212,.F.);
#4148=ORIENTED_EDGE('',*,*,#3211,.T.);
#4149=ORIENTED_EDGE('',*,*,#3213,.T.);
#4150=ORIENTED_EDGE('',*,*,#3194,.F.);
#4151=ORIENTED_EDGE('',*,*,#3214,.F.);
#4152=ORIENTED_EDGE('',*,*,#3215,.T.);
#4153=ORIENTED_EDGE('',*,*,#3216,.T.);
#4154=ORIENTED_EDGE('',*,*,#3217,.F.);
#4155=ORIENTED_EDGE('',*,*,#3218,.F.);
#4156=ORIENTED_EDGE('',*,*,#3219,.T.);
#4157=ORIENTED_EDGE('',*,*,#3220,.T.);
#4158=ORIENTED_EDGE('',*,*,#3215,.F.);
#4159=ORIENTED_EDGE('',*,*,#3221,.F.);
#4160=ORIENTED_EDGE('',*,*,#3222,.T.);
#4161=ORIENTED_EDGE('',*,*,#3223,.T.);
#4162=ORIENTED_EDGE('',*,*,#3219,.F.);
#4163=ORIENTED_EDGE('',*,*,#3224,.F.);
#4164=ORIENTED_EDGE('',*,*,#3225,.T.);
#4165=ORIENTED_EDGE('',*,*,#3226,.T.);
#4166=ORIENTED_EDGE('',*,*,#3222,.F.);
#4167=ORIENTED_EDGE('',*,*,#3227,.F.);
#4168=ORIENTED_EDGE('',*,*,#3228,.T.);
#4169=ORIENTED_EDGE('',*,*,#3229,.T.);
#4170=ORIENTED_EDGE('',*,*,#3225,.F.);
#4171=ORIENTED_EDGE('',*,*,#3230,.F.);
#4172=ORIENTED_EDGE('',*,*,#3231,.T.);
#4173=ORIENTED_EDGE('',*,*,#3232,.T.);
#4174=ORIENTED_EDGE('',*,*,#3228,.F.);
#4175=ORIENTED_EDGE('',*,*,#3233,.F.);
#4176=ORIENTED_EDGE('',*,*,#3234,.T.);
#4177=ORIENTED_EDGE('',*,*,#3235,.T.);
#4178=ORIENTED_EDGE('',*,*,#3231,.F.);
#4179=ORIENTED_EDGE('',*,*,#3236,.F.);
#4180=ORIENTED_EDGE('',*,*,#3237,.T.);
#4181=ORIENTED_EDGE('',*,*,#3238,.T.);
#4182=ORIENTED_EDGE('',*,*,#3234,.F.);
#4183=ORIENTED_EDGE('',*,*,#3239,.F.);
#4184=ORIENTED_EDGE('',*,*,#3240,.T.);
#4185=ORIENTED_EDGE('',*,*,#3241,.T.);
#4186=ORIENTED_EDGE('',*,*,#3237,.F.);
#4187=ORIENTED_EDGE('',*,*,#3242,.F.);
#4188=ORIENTED_EDGE('',*,*,#3243,.T.);
#4189=ORIENTED_EDGE('',*,*,#3244,.T.);
#4190=ORIENTED_EDGE('',*,*,#3240,.F.);
#4191=ORIENTED_EDGE('',*,*,#3245,.F.);
#4192=ORIENTED_EDGE('',*,*,#3246,.T.);
#4193=ORIENTED_EDGE('',*,*,#3247,.T.);
#4194=ORIENTED_EDGE('',*,*,#3243,.F.);
#4195=ORIENTED_EDGE('',*,*,#3248,.F.);
#4196=ORIENTED_EDGE('',*,*,#3249,.T.);
#4197=ORIENTED_EDGE('',*,*,#3250,.T.);
#4198=ORIENTED_EDGE('',*,*,#3246,.F.);
#4199=ORIENTED_EDGE('',*,*,#3251,.F.);
#4200=ORIENTED_EDGE('',*,*,#3252,.T.);
#4201=ORIENTED_EDGE('',*,*,#3253,.T.);
#4202=ORIENTED_EDGE('',*,*,#3249,.F.);
#4203=ORIENTED_EDGE('',*,*,#3254,.F.);
#4204=ORIENTED_EDGE('',*,*,#3217,.T.);
#4205=ORIENTED_EDGE('',*,*,#3255,.T.);
#4206=ORIENTED_EDGE('',*,*,#3252,.F.);
#4207=ORIENTED_EDGE('',*,*,#3255,.F.);
#4208=ORIENTED_EDGE('',*,*,#3216,.F.);
#4209=ORIENTED_EDGE('',*,*,#3220,.F.);
#4210=ORIENTED_EDGE('',*,*,#3223,.F.);
#4211=ORIENTED_EDGE('',*,*,#3226,.F.);
#4212=ORIENTED_EDGE('',*,*,#3229,.F.);
#4213=ORIENTED_EDGE('',*,*,#3232,.F.);
#4214=ORIENTED_EDGE('',*,*,#3235,.F.);
#4215=ORIENTED_EDGE('',*,*,#3238,.F.);
#4216=ORIENTED_EDGE('',*,*,#3241,.F.);
#4217=ORIENTED_EDGE('',*,*,#3244,.F.);
#4218=ORIENTED_EDGE('',*,*,#3247,.F.);
#4219=ORIENTED_EDGE('',*,*,#3250,.F.);
#4220=ORIENTED_EDGE('',*,*,#3253,.F.);
#4221=ORIENTED_EDGE('',*,*,#3195,.F.);
#4222=ORIENTED_EDGE('',*,*,#3213,.F.);
#4223=ORIENTED_EDGE('',*,*,#3210,.F.);
#4224=ORIENTED_EDGE('',*,*,#3207,.F.);
#4225=ORIENTED_EDGE('',*,*,#3204,.F.);
#4226=ORIENTED_EDGE('',*,*,#3201,.F.);
#4227=ORIENTED_EDGE('',*,*,#3198,.F.);
#4228=ORIENTED_EDGE('',*,*,#3256,.F.);
#4229=ORIENTED_EDGE('',*,*,#3257,.T.);
#4230=ORIENTED_EDGE('',*,*,#3258,.T.);
#4231=ORIENTED_EDGE('',*,*,#3259,.F.);
#4232=ORIENTED_EDGE('',*,*,#3260,.F.);
#4233=ORIENTED_EDGE('',*,*,#3261,.T.);
#4234=ORIENTED_EDGE('',*,*,#3262,.T.);
#4235=ORIENTED_EDGE('',*,*,#3257,.F.);
#4236=ORIENTED_EDGE('',*,*,#3263,.F.);
#4237=ORIENTED_EDGE('',*,*,#3264,.T.);
#4238=ORIENTED_EDGE('',*,*,#3265,.T.);
#4239=ORIENTED_EDGE('',*,*,#3261,.F.);
#4240=ORIENTED_EDGE('',*,*,#3266,.F.);
#4241=ORIENTED_EDGE('',*,*,#3267,.T.);
#4242=ORIENTED_EDGE('',*,*,#3268,.T.);
#4243=ORIENTED_EDGE('',*,*,#3264,.F.);
#4244=ORIENTED_EDGE('',*,*,#3269,.F.);
#4245=ORIENTED_EDGE('',*,*,#3270,.T.);
#4246=ORIENTED_EDGE('',*,*,#3271,.T.);
#4247=ORIENTED_EDGE('',*,*,#3267,.F.);
#4248=ORIENTED_EDGE('',*,*,#3272,.F.);
#4249=ORIENTED_EDGE('',*,*,#3273,.T.);
#4250=ORIENTED_EDGE('',*,*,#3274,.T.);
#4251=ORIENTED_EDGE('',*,*,#3270,.F.);
#4252=ORIENTED_EDGE('',*,*,#3275,.F.);
#4253=ORIENTED_EDGE('',*,*,#3276,.T.);
#4254=ORIENTED_EDGE('',*,*,#3277,.T.);
#4255=ORIENTED_EDGE('',*,*,#3273,.F.);
#4256=ORIENTED_EDGE('',*,*,#3278,.F.);
#4257=ORIENTED_EDGE('',*,*,#3279,.T.);
#4258=ORIENTED_EDGE('',*,*,#3280,.T.);
#4259=ORIENTED_EDGE('',*,*,#3276,.F.);
#4260=ORIENTED_EDGE('',*,*,#3281,.F.);
#4261=ORIENTED_EDGE('',*,*,#3282,.T.);
#4262=ORIENTED_EDGE('',*,*,#3283,.T.);
#4263=ORIENTED_EDGE('',*,*,#3279,.F.);
#4264=ORIENTED_EDGE('',*,*,#3284,.F.);
#4265=ORIENTED_EDGE('',*,*,#3285,.T.);
#4266=ORIENTED_EDGE('',*,*,#3286,.T.);
#4267=ORIENTED_EDGE('',*,*,#3282,.F.);
#4268=ORIENTED_EDGE('',*,*,#3287,.F.);
#4269=ORIENTED_EDGE('',*,*,#3288,.T.);
#4270=ORIENTED_EDGE('',*,*,#3289,.T.);
#4271=ORIENTED_EDGE('',*,*,#3285,.F.);
#4272=ORIENTED_EDGE('',*,*,#3290,.F.);
#4273=ORIENTED_EDGE('',*,*,#3291,.T.);
#4274=ORIENTED_EDGE('',*,*,#3292,.T.);
#4275=ORIENTED_EDGE('',*,*,#3288,.F.);
#4276=ORIENTED_EDGE('',*,*,#3293,.F.);
#4277=ORIENTED_EDGE('',*,*,#3294,.T.);
#4278=ORIENTED_EDGE('',*,*,#3295,.T.);
#4279=ORIENTED_EDGE('',*,*,#3291,.F.);
#4280=ORIENTED_EDGE('',*,*,#3296,.F.);
#4281=ORIENTED_EDGE('',*,*,#3297,.T.);
#4282=ORIENTED_EDGE('',*,*,#3298,.T.);
#4283=ORIENTED_EDGE('',*,*,#3294,.F.);
#4284=ORIENTED_EDGE('',*,*,#3299,.F.);
#4285=ORIENTED_EDGE('',*,*,#3300,.T.);
#4286=ORIENTED_EDGE('',*,*,#3301,.T.);
#4287=ORIENTED_EDGE('',*,*,#3297,.F.);
#4288=ORIENTED_EDGE('',*,*,#3302,.F.);
#4289=ORIENTED_EDGE('',*,*,#3303,.T.);
#4290=ORIENTED_EDGE('',*,*,#3304,.T.);
#4291=ORIENTED_EDGE('',*,*,#3300,.F.);
#4292=ORIENTED_EDGE('',*,*,#3305,.F.);
#4293=ORIENTED_EDGE('',*,*,#3259,.T.);
#4294=ORIENTED_EDGE('',*,*,#3306,.T.);
#4295=ORIENTED_EDGE('',*,*,#3303,.F.);
#4296=ORIENTED_EDGE('',*,*,#3306,.F.);
#4297=ORIENTED_EDGE('',*,*,#3258,.F.);
#4298=ORIENTED_EDGE('',*,*,#3262,.F.);
#4299=ORIENTED_EDGE('',*,*,#3265,.F.);
#4300=ORIENTED_EDGE('',*,*,#3268,.F.);
#4301=ORIENTED_EDGE('',*,*,#3271,.F.);
#4302=ORIENTED_EDGE('',*,*,#3274,.F.);
#4303=ORIENTED_EDGE('',*,*,#3277,.F.);
#4304=ORIENTED_EDGE('',*,*,#3280,.F.);
#4305=ORIENTED_EDGE('',*,*,#3283,.F.);
#4306=ORIENTED_EDGE('',*,*,#3286,.F.);
#4307=ORIENTED_EDGE('',*,*,#3289,.F.);
#4308=ORIENTED_EDGE('',*,*,#3292,.F.);
#4309=ORIENTED_EDGE('',*,*,#3295,.F.);
#4310=ORIENTED_EDGE('',*,*,#3298,.F.);
#4311=ORIENTED_EDGE('',*,*,#3301,.F.);
#4312=ORIENTED_EDGE('',*,*,#3304,.F.);
#4313=ORIENTED_EDGE('',*,*,#3307,.F.);
#4314=ORIENTED_EDGE('',*,*,#3308,.T.);
#4315=ORIENTED_EDGE('',*,*,#3309,.T.);
#4316=ORIENTED_EDGE('',*,*,#3310,.F.);
#4317=ORIENTED_EDGE('',*,*,#3311,.F.);
#4318=ORIENTED_EDGE('',*,*,#3310,.T.);
#4319=ORIENTED_EDGE('',*,*,#3312,.T.);
#4320=ORIENTED_EDGE('',*,*,#3313,.F.);
#4321=ORIENTED_EDGE('',*,*,#3314,.F.);
#4322=ORIENTED_EDGE('',*,*,#3313,.T.);
#4323=ORIENTED_EDGE('',*,*,#3315,.T.);
#4324=ORIENTED_EDGE('',*,*,#3316,.F.);
#4325=ORIENTED_EDGE('',*,*,#3317,.F.);
#4326=ORIENTED_EDGE('',*,*,#3316,.T.);
#4327=ORIENTED_EDGE('',*,*,#3318,.T.);
#4328=ORIENTED_EDGE('',*,*,#3319,.F.);
#4329=ORIENTED_EDGE('',*,*,#3320,.F.);
#4330=ORIENTED_EDGE('',*,*,#3319,.T.);
#4331=ORIENTED_EDGE('',*,*,#3321,.T.);
#4332=ORIENTED_EDGE('',*,*,#3322,.F.);
#4333=ORIENTED_EDGE('',*,*,#3323,.F.);
#4334=ORIENTED_EDGE('',*,*,#3322,.T.);
#4335=ORIENTED_EDGE('',*,*,#3324,.T.);
#4336=ORIENTED_EDGE('',*,*,#3308,.F.);
#4337=ORIENTED_EDGE('',*,*,#3325,.F.);
#4338=ORIENTED_EDGE('',*,*,#3326,.T.);
#4339=ORIENTED_EDGE('',*,*,#3327,.T.);
#4340=ORIENTED_EDGE('',*,*,#3328,.F.);
#4341=ORIENTED_EDGE('',*,*,#3329,.F.);
#4342=ORIENTED_EDGE('',*,*,#3330,.T.);
#4343=ORIENTED_EDGE('',*,*,#3331,.T.);
#4344=ORIENTED_EDGE('',*,*,#3326,.F.);
#4345=ORIENTED_EDGE('',*,*,#3332,.F.);
#4346=ORIENTED_EDGE('',*,*,#3333,.T.);
#4347=ORIENTED_EDGE('',*,*,#3334,.T.);
#4348=ORIENTED_EDGE('',*,*,#3330,.F.);
#4349=ORIENTED_EDGE('',*,*,#3335,.F.);
#4350=ORIENTED_EDGE('',*,*,#3336,.T.);
#4351=ORIENTED_EDGE('',*,*,#3337,.T.);
#4352=ORIENTED_EDGE('',*,*,#3333,.F.);
#4353=ORIENTED_EDGE('',*,*,#3338,.F.);
#4354=ORIENTED_EDGE('',*,*,#3339,.T.);
#4355=ORIENTED_EDGE('',*,*,#3340,.T.);
#4356=ORIENTED_EDGE('',*,*,#3336,.F.);
#4357=ORIENTED_EDGE('',*,*,#3341,.F.);
#4358=ORIENTED_EDGE('',*,*,#3342,.T.);
#4359=ORIENTED_EDGE('',*,*,#3343,.T.);
#4360=ORIENTED_EDGE('',*,*,#3339,.F.);
#4361=ORIENTED_EDGE('',*,*,#3344,.F.);
#4362=ORIENTED_EDGE('',*,*,#3345,.T.);
#4363=ORIENTED_EDGE('',*,*,#3346,.T.);
#4364=ORIENTED_EDGE('',*,*,#3342,.F.);
#4365=ORIENTED_EDGE('',*,*,#3347,.F.);
#4366=ORIENTED_EDGE('',*,*,#3348,.T.);
#4367=ORIENTED_EDGE('',*,*,#3349,.T.);
#4368=ORIENTED_EDGE('',*,*,#3345,.F.);
#4369=ORIENTED_EDGE('',*,*,#3350,.F.);
#4370=ORIENTED_EDGE('',*,*,#3351,.T.);
#4371=ORIENTED_EDGE('',*,*,#3352,.T.);
#4372=ORIENTED_EDGE('',*,*,#3348,.F.);
#4373=ORIENTED_EDGE('',*,*,#3353,.F.);
#4374=ORIENTED_EDGE('',*,*,#3354,.T.);
#4375=ORIENTED_EDGE('',*,*,#3355,.T.);
#4376=ORIENTED_EDGE('',*,*,#3351,.F.);
#4377=ORIENTED_EDGE('',*,*,#3356,.F.);
#4378=ORIENTED_EDGE('',*,*,#3357,.T.);
#4379=ORIENTED_EDGE('',*,*,#3358,.T.);
#4380=ORIENTED_EDGE('',*,*,#3354,.F.);
#4381=ORIENTED_EDGE('',*,*,#3359,.F.);
#4382=ORIENTED_EDGE('',*,*,#3360,.T.);
#4383=ORIENTED_EDGE('',*,*,#3361,.T.);
#4384=ORIENTED_EDGE('',*,*,#3357,.F.);
#4385=ORIENTED_EDGE('',*,*,#3362,.F.);
#4386=ORIENTED_EDGE('',*,*,#3363,.T.);
#4387=ORIENTED_EDGE('',*,*,#3364,.T.);
#4388=ORIENTED_EDGE('',*,*,#3360,.F.);
#4389=ORIENTED_EDGE('',*,*,#3365,.F.);
#4390=ORIENTED_EDGE('',*,*,#3366,.T.);
#4391=ORIENTED_EDGE('',*,*,#3367,.T.);
#4392=ORIENTED_EDGE('',*,*,#3363,.F.);
#4393=ORIENTED_EDGE('',*,*,#3368,.F.);
#4394=ORIENTED_EDGE('',*,*,#3328,.T.);
#4395=ORIENTED_EDGE('',*,*,#3369,.T.);
#4396=ORIENTED_EDGE('',*,*,#3366,.F.);
#4397=ORIENTED_EDGE('',*,*,#3369,.F.);
#4398=ORIENTED_EDGE('',*,*,#3327,.F.);
#4399=ORIENTED_EDGE('',*,*,#3331,.F.);
#4400=ORIENTED_EDGE('',*,*,#3334,.F.);
#4401=ORIENTED_EDGE('',*,*,#3337,.F.);
#4402=ORIENTED_EDGE('',*,*,#3340,.F.);
#4403=ORIENTED_EDGE('',*,*,#3343,.F.);
#4404=ORIENTED_EDGE('',*,*,#3346,.F.);
#4405=ORIENTED_EDGE('',*,*,#3349,.F.);
#4406=ORIENTED_EDGE('',*,*,#3352,.F.);
#4407=ORIENTED_EDGE('',*,*,#3355,.F.);
#4408=ORIENTED_EDGE('',*,*,#3358,.F.);
#4409=ORIENTED_EDGE('',*,*,#3361,.F.);
#4410=ORIENTED_EDGE('',*,*,#3364,.F.);
#4411=ORIENTED_EDGE('',*,*,#3367,.F.);
#4412=ORIENTED_EDGE('',*,*,#3309,.F.);
#4413=ORIENTED_EDGE('',*,*,#3324,.F.);
#4414=ORIENTED_EDGE('',*,*,#3321,.F.);
#4415=ORIENTED_EDGE('',*,*,#3318,.F.);
#4416=ORIENTED_EDGE('',*,*,#3315,.F.);
#4417=ORIENTED_EDGE('',*,*,#3312,.F.);
#4418=ORIENTED_EDGE('',*,*,#3370,.F.);
#4419=ORIENTED_EDGE('',*,*,#3371,.T.);
#4420=ORIENTED_EDGE('',*,*,#3372,.T.);
#4421=ORIENTED_EDGE('',*,*,#3373,.F.);
#4422=ORIENTED_EDGE('',*,*,#3374,.F.);
#4423=ORIENTED_EDGE('',*,*,#3375,.T.);
#4424=ORIENTED_EDGE('',*,*,#3376,.T.);
#4425=ORIENTED_EDGE('',*,*,#3371,.F.);
#4426=ORIENTED_EDGE('',*,*,#3377,.F.);
#4427=ORIENTED_EDGE('',*,*,#3378,.T.);
#4428=ORIENTED_EDGE('',*,*,#3379,.T.);
#4429=ORIENTED_EDGE('',*,*,#3375,.F.);
#4430=ORIENTED_EDGE('',*,*,#3380,.F.);
#4431=ORIENTED_EDGE('',*,*,#3381,.T.);
#4432=ORIENTED_EDGE('',*,*,#3382,.T.);
#4433=ORIENTED_EDGE('',*,*,#3378,.F.);
#4434=ORIENTED_EDGE('',*,*,#3383,.F.);
#4435=ORIENTED_EDGE('',*,*,#3384,.T.);
#4436=ORIENTED_EDGE('',*,*,#3385,.T.);
#4437=ORIENTED_EDGE('',*,*,#3381,.F.);
#4438=ORIENTED_EDGE('',*,*,#3386,.F.);
#4439=ORIENTED_EDGE('',*,*,#3387,.T.);
#4440=ORIENTED_EDGE('',*,*,#3388,.T.);
#4441=ORIENTED_EDGE('',*,*,#3384,.F.);
#4442=ORIENTED_EDGE('',*,*,#3389,.F.);
#4443=ORIENTED_EDGE('',*,*,#3373,.T.);
#4444=ORIENTED_EDGE('',*,*,#3390,.T.);
#4445=ORIENTED_EDGE('',*,*,#3387,.F.);
#4446=ORIENTED_EDGE('',*,*,#3390,.F.);
#4447=ORIENTED_EDGE('',*,*,#3372,.F.);
#4448=ORIENTED_EDGE('',*,*,#3376,.F.);
#4449=ORIENTED_EDGE('',*,*,#3379,.F.);
#4450=ORIENTED_EDGE('',*,*,#3382,.F.);
#4451=ORIENTED_EDGE('',*,*,#3385,.F.);
#4452=ORIENTED_EDGE('',*,*,#3388,.F.);
#4453=ORIENTED_EDGE('',*,*,#3391,.F.);
#4454=ORIENTED_EDGE('',*,*,#3392,.T.);
#4455=ORIENTED_EDGE('',*,*,#3393,.T.);
#4456=ORIENTED_EDGE('',*,*,#3394,.F.);
#4457=ORIENTED_EDGE('',*,*,#3395,.F.);
#4458=ORIENTED_EDGE('',*,*,#3396,.T.);
#4459=ORIENTED_EDGE('',*,*,#3397,.T.);
#4460=ORIENTED_EDGE('',*,*,#3392,.F.);
#4461=ORIENTED_EDGE('',*,*,#3398,.F.);
#4462=ORIENTED_EDGE('',*,*,#3399,.T.);
#4463=ORIENTED_EDGE('',*,*,#3400,.T.);
#4464=ORIENTED_EDGE('',*,*,#3396,.F.);
#4465=ORIENTED_EDGE('',*,*,#3401,.F.);
#4466=ORIENTED_EDGE('',*,*,#3402,.T.);
#4467=ORIENTED_EDGE('',*,*,#3403,.T.);
#4468=ORIENTED_EDGE('',*,*,#3399,.F.);
#4469=ORIENTED_EDGE('',*,*,#3404,.F.);
#4470=ORIENTED_EDGE('',*,*,#3405,.T.);
#4471=ORIENTED_EDGE('',*,*,#3406,.T.);
#4472=ORIENTED_EDGE('',*,*,#3402,.F.);
#4473=ORIENTED_EDGE('',*,*,#3407,.F.);
#4474=ORIENTED_EDGE('',*,*,#3408,.T.);
#4475=ORIENTED_EDGE('',*,*,#3409,.T.);
#4476=ORIENTED_EDGE('',*,*,#3405,.F.);
#4477=ORIENTED_EDGE('',*,*,#3410,.F.);
#4478=ORIENTED_EDGE('',*,*,#3411,.T.);
#4479=ORIENTED_EDGE('',*,*,#3412,.T.);
#4480=ORIENTED_EDGE('',*,*,#3408,.F.);
#4481=ORIENTED_EDGE('',*,*,#3413,.F.);
#4482=ORIENTED_EDGE('',*,*,#3414,.T.);
#4483=ORIENTED_EDGE('',*,*,#3415,.T.);
#4484=ORIENTED_EDGE('',*,*,#3411,.F.);
#4485=ORIENTED_EDGE('',*,*,#3416,.F.);
#4486=ORIENTED_EDGE('',*,*,#3417,.T.);
#4487=ORIENTED_EDGE('',*,*,#3418,.T.);
#4488=ORIENTED_EDGE('',*,*,#3414,.F.);
#4489=ORIENTED_EDGE('',*,*,#3419,.F.);
#4490=ORIENTED_EDGE('',*,*,#3420,.T.);
#4491=ORIENTED_EDGE('',*,*,#3421,.T.);
#4492=ORIENTED_EDGE('',*,*,#3417,.F.);
#4493=ORIENTED_EDGE('',*,*,#3422,.F.);
#4494=ORIENTED_EDGE('',*,*,#3423,.T.);
#4495=ORIENTED_EDGE('',*,*,#3424,.T.);
#4496=ORIENTED_EDGE('',*,*,#3420,.F.);
#4497=ORIENTED_EDGE('',*,*,#3425,.F.);
#4498=ORIENTED_EDGE('',*,*,#3426,.T.);
#4499=ORIENTED_EDGE('',*,*,#3427,.T.);
#4500=ORIENTED_EDGE('',*,*,#3423,.F.);
#4501=ORIENTED_EDGE('',*,*,#3428,.F.);
#4502=ORIENTED_EDGE('',*,*,#3429,.T.);
#4503=ORIENTED_EDGE('',*,*,#3430,.T.);
#4504=ORIENTED_EDGE('',*,*,#3426,.F.);
#4505=ORIENTED_EDGE('',*,*,#3431,.F.);
#4506=ORIENTED_EDGE('',*,*,#3432,.T.);
#4507=ORIENTED_EDGE('',*,*,#3433,.T.);
#4508=ORIENTED_EDGE('',*,*,#3429,.F.);
#4509=ORIENTED_EDGE('',*,*,#3434,.F.);
#4510=ORIENTED_EDGE('',*,*,#3435,.T.);
#4511=ORIENTED_EDGE('',*,*,#3436,.T.);
#4512=ORIENTED_EDGE('',*,*,#3432,.F.);
#4513=ORIENTED_EDGE('',*,*,#3437,.F.);
#4514=ORIENTED_EDGE('',*,*,#3438,.T.);
#4515=ORIENTED_EDGE('',*,*,#3439,.T.);
#4516=ORIENTED_EDGE('',*,*,#3435,.F.);
#4517=ORIENTED_EDGE('',*,*,#3440,.F.);
#4518=ORIENTED_EDGE('',*,*,#3394,.T.);
#4519=ORIENTED_EDGE('',*,*,#3441,.T.);
#4520=ORIENTED_EDGE('',*,*,#3438,.F.);
#4521=ORIENTED_EDGE('',*,*,#3441,.F.);
#4522=ORIENTED_EDGE('',*,*,#3393,.F.);
#4523=ORIENTED_EDGE('',*,*,#3397,.F.);
#4524=ORIENTED_EDGE('',*,*,#3400,.F.);
#4525=ORIENTED_EDGE('',*,*,#3403,.F.);
#4526=ORIENTED_EDGE('',*,*,#3406,.F.);
#4527=ORIENTED_EDGE('',*,*,#3409,.F.);
#4528=ORIENTED_EDGE('',*,*,#3412,.F.);
#4529=ORIENTED_EDGE('',*,*,#3415,.F.);
#4530=ORIENTED_EDGE('',*,*,#3418,.F.);
#4531=ORIENTED_EDGE('',*,*,#3421,.F.);
#4532=ORIENTED_EDGE('',*,*,#3424,.F.);
#4533=ORIENTED_EDGE('',*,*,#3427,.F.);
#4534=ORIENTED_EDGE('',*,*,#3430,.F.);
#4535=ORIENTED_EDGE('',*,*,#3433,.F.);
#4536=ORIENTED_EDGE('',*,*,#3436,.F.);
#4537=ORIENTED_EDGE('',*,*,#3439,.F.);
#4538=ORIENTED_EDGE('',*,*,#3442,.F.);
#4539=ORIENTED_EDGE('',*,*,#3443,.T.);
#4540=ORIENTED_EDGE('',*,*,#3444,.T.);
#4541=ORIENTED_EDGE('',*,*,#3445,.F.);
#4542=ORIENTED_EDGE('',*,*,#3446,.F.);
#4543=ORIENTED_EDGE('',*,*,#3445,.T.);
#4544=ORIENTED_EDGE('',*,*,#3447,.T.);
#4545=ORIENTED_EDGE('',*,*,#3448,.F.);
#4546=ORIENTED_EDGE('',*,*,#3449,.F.);
#4547=ORIENTED_EDGE('',*,*,#3448,.T.);
#4548=ORIENTED_EDGE('',*,*,#3450,.T.);
#4549=ORIENTED_EDGE('',*,*,#3451,.F.);
#4550=ORIENTED_EDGE('',*,*,#3452,.F.);
#4551=ORIENTED_EDGE('',*,*,#3451,.T.);
#4552=ORIENTED_EDGE('',*,*,#3453,.T.);
#4553=ORIENTED_EDGE('',*,*,#3454,.F.);
#4554=ORIENTED_EDGE('',*,*,#3455,.F.);
#4555=ORIENTED_EDGE('',*,*,#3454,.T.);
#4556=ORIENTED_EDGE('',*,*,#3456,.T.);
#4557=ORIENTED_EDGE('',*,*,#3457,.F.);
#4558=ORIENTED_EDGE('',*,*,#3458,.F.);
#4559=ORIENTED_EDGE('',*,*,#3457,.T.);
#4560=ORIENTED_EDGE('',*,*,#3459,.T.);
#4561=ORIENTED_EDGE('',*,*,#3460,.F.);
#4562=ORIENTED_EDGE('',*,*,#3461,.F.);
#4563=ORIENTED_EDGE('',*,*,#3460,.T.);
#4564=ORIENTED_EDGE('',*,*,#3462,.T.);
#4565=ORIENTED_EDGE('',*,*,#3443,.F.);
#4566=ORIENTED_EDGE('',*,*,#3463,.F.);
#4567=ORIENTED_EDGE('',*,*,#3464,.T.);
#4568=ORIENTED_EDGE('',*,*,#3465,.T.);
#4569=ORIENTED_EDGE('',*,*,#3466,.F.);
#4570=ORIENTED_EDGE('',*,*,#3467,.F.);
#4571=ORIENTED_EDGE('',*,*,#3468,.T.);
#4572=ORIENTED_EDGE('',*,*,#3469,.T.);
#4573=ORIENTED_EDGE('',*,*,#3464,.F.);
#4574=ORIENTED_EDGE('',*,*,#3470,.F.);
#4575=ORIENTED_EDGE('',*,*,#3471,.T.);
#4576=ORIENTED_EDGE('',*,*,#3472,.T.);
#4577=ORIENTED_EDGE('',*,*,#3468,.F.);
#4578=ORIENTED_EDGE('',*,*,#3473,.F.);
#4579=ORIENTED_EDGE('',*,*,#3474,.T.);
#4580=ORIENTED_EDGE('',*,*,#3475,.T.);
#4581=ORIENTED_EDGE('',*,*,#3471,.F.);
#4582=ORIENTED_EDGE('',*,*,#3476,.F.);
#4583=ORIENTED_EDGE('',*,*,#3477,.T.);
#4584=ORIENTED_EDGE('',*,*,#3478,.T.);
#4585=ORIENTED_EDGE('',*,*,#3474,.F.);
#4586=ORIENTED_EDGE('',*,*,#3479,.F.);
#4587=ORIENTED_EDGE('',*,*,#3480,.T.);
#4588=ORIENTED_EDGE('',*,*,#3481,.T.);
#4589=ORIENTED_EDGE('',*,*,#3477,.F.);
#4590=ORIENTED_EDGE('',*,*,#3482,.F.);
#4591=ORIENTED_EDGE('',*,*,#3483,.T.);
#4592=ORIENTED_EDGE('',*,*,#3484,.T.);
#4593=ORIENTED_EDGE('',*,*,#3480,.F.);
#4594=ORIENTED_EDGE('',*,*,#3485,.F.);
#4595=ORIENTED_EDGE('',*,*,#3486,.T.);
#4596=ORIENTED_EDGE('',*,*,#3487,.T.);
#4597=ORIENTED_EDGE('',*,*,#3483,.F.);
#4598=ORIENTED_EDGE('',*,*,#3488,.F.);
#4599=ORIENTED_EDGE('',*,*,#3489,.T.);
#4600=ORIENTED_EDGE('',*,*,#3490,.T.);
#4601=ORIENTED_EDGE('',*,*,#3486,.F.);
#4602=ORIENTED_EDGE('',*,*,#3491,.F.);
#4603=ORIENTED_EDGE('',*,*,#3492,.T.);
#4604=ORIENTED_EDGE('',*,*,#3493,.T.);
#4605=ORIENTED_EDGE('',*,*,#3489,.F.);
#4606=ORIENTED_EDGE('',*,*,#3494,.F.);
#4607=ORIENTED_EDGE('',*,*,#3466,.T.);
#4608=ORIENTED_EDGE('',*,*,#3495,.T.);
#4609=ORIENTED_EDGE('',*,*,#3492,.F.);
#4610=ORIENTED_EDGE('',*,*,#3495,.F.);
#4611=ORIENTED_EDGE('',*,*,#3465,.F.);
#4612=ORIENTED_EDGE('',*,*,#3469,.F.);
#4613=ORIENTED_EDGE('',*,*,#3472,.F.);
#4614=ORIENTED_EDGE('',*,*,#3475,.F.);
#4615=ORIENTED_EDGE('',*,*,#3478,.F.);
#4616=ORIENTED_EDGE('',*,*,#3481,.F.);
#4617=ORIENTED_EDGE('',*,*,#3484,.F.);
#4618=ORIENTED_EDGE('',*,*,#3487,.F.);
#4619=ORIENTED_EDGE('',*,*,#3490,.F.);
#4620=ORIENTED_EDGE('',*,*,#3493,.F.);
#4621=ORIENTED_EDGE('',*,*,#3444,.F.);
#4622=ORIENTED_EDGE('',*,*,#3462,.F.);
#4623=ORIENTED_EDGE('',*,*,#3459,.F.);
#4624=ORIENTED_EDGE('',*,*,#3456,.F.);
#4625=ORIENTED_EDGE('',*,*,#3453,.F.);
#4626=ORIENTED_EDGE('',*,*,#3450,.F.);
#4627=ORIENTED_EDGE('',*,*,#3447,.F.);
#4628=ORIENTED_EDGE('',*,*,#3496,.F.);
#4629=ORIENTED_EDGE('',*,*,#3497,.T.);
#4630=ORIENTED_EDGE('',*,*,#3498,.T.);
#4631=ORIENTED_EDGE('',*,*,#3499,.F.);
#4632=ORIENTED_EDGE('',*,*,#3500,.F.);
#4633=ORIENTED_EDGE('',*,*,#3501,.T.);
#4634=ORIENTED_EDGE('',*,*,#3502,.T.);
#4635=ORIENTED_EDGE('',*,*,#3497,.F.);
#4636=ORIENTED_EDGE('',*,*,#3503,.F.);
#4637=ORIENTED_EDGE('',*,*,#3504,.T.);
#4638=ORIENTED_EDGE('',*,*,#3505,.T.);
#4639=ORIENTED_EDGE('',*,*,#3501,.F.);
#4640=ORIENTED_EDGE('',*,*,#3506,.F.);
#4641=ORIENTED_EDGE('',*,*,#3507,.T.);
#4642=ORIENTED_EDGE('',*,*,#3508,.T.);
#4643=ORIENTED_EDGE('',*,*,#3504,.F.);
#4644=ORIENTED_EDGE('',*,*,#3509,.F.);
#4645=ORIENTED_EDGE('',*,*,#3510,.T.);
#4646=ORIENTED_EDGE('',*,*,#3511,.T.);
#4647=ORIENTED_EDGE('',*,*,#3507,.F.);
#4648=ORIENTED_EDGE('',*,*,#3512,.F.);
#4649=ORIENTED_EDGE('',*,*,#3513,.T.);
#4650=ORIENTED_EDGE('',*,*,#3514,.T.);
#4651=ORIENTED_EDGE('',*,*,#3510,.F.);
#4652=ORIENTED_EDGE('',*,*,#3515,.F.);
#4653=ORIENTED_EDGE('',*,*,#3516,.T.);
#4654=ORIENTED_EDGE('',*,*,#3517,.T.);
#4655=ORIENTED_EDGE('',*,*,#3513,.F.);
#4656=ORIENTED_EDGE('',*,*,#3518,.F.);
#4657=ORIENTED_EDGE('',*,*,#3519,.T.);
#4658=ORIENTED_EDGE('',*,*,#3520,.T.);
#4659=ORIENTED_EDGE('',*,*,#3516,.F.);
#4660=ORIENTED_EDGE('',*,*,#3521,.F.);
#4661=ORIENTED_EDGE('',*,*,#3522,.T.);
#4662=ORIENTED_EDGE('',*,*,#3523,.T.);
#4663=ORIENTED_EDGE('',*,*,#3519,.F.);
#4664=ORIENTED_EDGE('',*,*,#3524,.F.);
#4665=ORIENTED_EDGE('',*,*,#3525,.T.);
#4666=ORIENTED_EDGE('',*,*,#3526,.T.);
#4667=ORIENTED_EDGE('',*,*,#3522,.F.);
#4668=ORIENTED_EDGE('',*,*,#3527,.F.);
#4669=ORIENTED_EDGE('',*,*,#3499,.T.);
#4670=ORIENTED_EDGE('',*,*,#3528,.T.);
#4671=ORIENTED_EDGE('',*,*,#3525,.F.);
#4672=ORIENTED_EDGE('',*,*,#3528,.F.);
#4673=ORIENTED_EDGE('',*,*,#3498,.F.);
#4674=ORIENTED_EDGE('',*,*,#3502,.F.);
#4675=ORIENTED_EDGE('',*,*,#3505,.F.);
#4676=ORIENTED_EDGE('',*,*,#3508,.F.);
#4677=ORIENTED_EDGE('',*,*,#3511,.F.);
#4678=ORIENTED_EDGE('',*,*,#3514,.F.);
#4679=ORIENTED_EDGE('',*,*,#3517,.F.);
#4680=ORIENTED_EDGE('',*,*,#3520,.F.);
#4681=ORIENTED_EDGE('',*,*,#3523,.F.);
#4682=ORIENTED_EDGE('',*,*,#3526,.F.);
#4683=ORIENTED_EDGE('',*,*,#3529,.F.);
#4684=ORIENTED_EDGE('',*,*,#3530,.T.);
#4685=ORIENTED_EDGE('',*,*,#3531,.T.);
#4686=ORIENTED_EDGE('',*,*,#3532,.F.);
#4687=ORIENTED_EDGE('',*,*,#3533,.F.);
#4688=ORIENTED_EDGE('',*,*,#3534,.T.);
#4689=ORIENTED_EDGE('',*,*,#3535,.T.);
#4690=ORIENTED_EDGE('',*,*,#3530,.F.);
#4691=ORIENTED_EDGE('',*,*,#3536,.F.);
#4692=ORIENTED_EDGE('',*,*,#3537,.T.);
#4693=ORIENTED_EDGE('',*,*,#3538,.T.);
#4694=ORIENTED_EDGE('',*,*,#3534,.F.);
#4695=ORIENTED_EDGE('',*,*,#3539,.F.);
#4696=ORIENTED_EDGE('',*,*,#3540,.T.);
#4697=ORIENTED_EDGE('',*,*,#3541,.T.);
#4698=ORIENTED_EDGE('',*,*,#3537,.F.);
#4699=ORIENTED_EDGE('',*,*,#3542,.F.);
#4700=ORIENTED_EDGE('',*,*,#3543,.T.);
#4701=ORIENTED_EDGE('',*,*,#3544,.T.);
#4702=ORIENTED_EDGE('',*,*,#3540,.F.);
#4703=ORIENTED_EDGE('',*,*,#3545,.F.);
#4704=ORIENTED_EDGE('',*,*,#3546,.T.);
#4705=ORIENTED_EDGE('',*,*,#3547,.T.);
#4706=ORIENTED_EDGE('',*,*,#3543,.F.);
#4707=ORIENTED_EDGE('',*,*,#3548,.F.);
#4708=ORIENTED_EDGE('',*,*,#3549,.T.);
#4709=ORIENTED_EDGE('',*,*,#3550,.T.);
#4710=ORIENTED_EDGE('',*,*,#3546,.F.);
#4711=ORIENTED_EDGE('',*,*,#3551,.F.);
#4712=ORIENTED_EDGE('',*,*,#3552,.T.);
#4713=ORIENTED_EDGE('',*,*,#3553,.T.);
#4714=ORIENTED_EDGE('',*,*,#3549,.F.);
#4715=ORIENTED_EDGE('',*,*,#3554,.F.);
#4716=ORIENTED_EDGE('',*,*,#3555,.T.);
#4717=ORIENTED_EDGE('',*,*,#3556,.T.);
#4718=ORIENTED_EDGE('',*,*,#3552,.F.);
#4719=ORIENTED_EDGE('',*,*,#3557,.F.);
#4720=ORIENTED_EDGE('',*,*,#3558,.T.);
#4721=ORIENTED_EDGE('',*,*,#3559,.T.);
#4722=ORIENTED_EDGE('',*,*,#3555,.F.);
#4723=ORIENTED_EDGE('',*,*,#3560,.F.);
#4724=ORIENTED_EDGE('',*,*,#3561,.T.);
#4725=ORIENTED_EDGE('',*,*,#3562,.T.);
#4726=ORIENTED_EDGE('',*,*,#3558,.F.);
#4727=ORIENTED_EDGE('',*,*,#3563,.F.);
#4728=ORIENTED_EDGE('',*,*,#3564,.T.);
#4729=ORIENTED_EDGE('',*,*,#3565,.T.);
#4730=ORIENTED_EDGE('',*,*,#3561,.F.);
#4731=ORIENTED_EDGE('',*,*,#3566,.F.);
#4732=ORIENTED_EDGE('',*,*,#3567,.T.);
#4733=ORIENTED_EDGE('',*,*,#3568,.T.);
#4734=ORIENTED_EDGE('',*,*,#3564,.F.);
#4735=ORIENTED_EDGE('',*,*,#3569,.F.);
#4736=ORIENTED_EDGE('',*,*,#3570,.T.);
#4737=ORIENTED_EDGE('',*,*,#3571,.T.);
#4738=ORIENTED_EDGE('',*,*,#3567,.F.);
#4739=ORIENTED_EDGE('',*,*,#3572,.F.);
#4740=ORIENTED_EDGE('',*,*,#3573,.T.);
#4741=ORIENTED_EDGE('',*,*,#3574,.T.);
#4742=ORIENTED_EDGE('',*,*,#3570,.F.);
#4743=ORIENTED_EDGE('',*,*,#3575,.F.);
#4744=ORIENTED_EDGE('',*,*,#3576,.T.);
#4745=ORIENTED_EDGE('',*,*,#3577,.T.);
#4746=ORIENTED_EDGE('',*,*,#3573,.F.);
#4747=ORIENTED_EDGE('',*,*,#3578,.F.);
#4748=ORIENTED_EDGE('',*,*,#3579,.T.);
#4749=ORIENTED_EDGE('',*,*,#3580,.T.);
#4750=ORIENTED_EDGE('',*,*,#3576,.F.);
#4751=ORIENTED_EDGE('',*,*,#3581,.F.);
#4752=ORIENTED_EDGE('',*,*,#3582,.T.);
#4753=ORIENTED_EDGE('',*,*,#3583,.T.);
#4754=ORIENTED_EDGE('',*,*,#3579,.F.);
#4755=ORIENTED_EDGE('',*,*,#3584,.F.);
#4756=ORIENTED_EDGE('',*,*,#3585,.T.);
#4757=ORIENTED_EDGE('',*,*,#3586,.T.);
#4758=ORIENTED_EDGE('',*,*,#3582,.F.);
#4759=ORIENTED_EDGE('',*,*,#3587,.F.);
#4760=ORIENTED_EDGE('',*,*,#3588,.T.);
#4761=ORIENTED_EDGE('',*,*,#3589,.T.);
#4762=ORIENTED_EDGE('',*,*,#3585,.F.);
#4763=ORIENTED_EDGE('',*,*,#3590,.F.);
#4764=ORIENTED_EDGE('',*,*,#3591,.T.);
#4765=ORIENTED_EDGE('',*,*,#3592,.T.);
#4766=ORIENTED_EDGE('',*,*,#3588,.F.);
#4767=ORIENTED_EDGE('',*,*,#3593,.F.);
#4768=ORIENTED_EDGE('',*,*,#3594,.T.);
#4769=ORIENTED_EDGE('',*,*,#3595,.T.);
#4770=ORIENTED_EDGE('',*,*,#3591,.F.);
#4771=ORIENTED_EDGE('',*,*,#3596,.F.);
#4772=ORIENTED_EDGE('',*,*,#3597,.T.);
#4773=ORIENTED_EDGE('',*,*,#3598,.T.);
#4774=ORIENTED_EDGE('',*,*,#3594,.F.);
#4775=ORIENTED_EDGE('',*,*,#3599,.F.);
#4776=ORIENTED_EDGE('',*,*,#3600,.T.);
#4777=ORIENTED_EDGE('',*,*,#3601,.T.);
#4778=ORIENTED_EDGE('',*,*,#3597,.F.);
#4779=ORIENTED_EDGE('',*,*,#3602,.F.);
#4780=ORIENTED_EDGE('',*,*,#3603,.T.);
#4781=ORIENTED_EDGE('',*,*,#3604,.T.);
#4782=ORIENTED_EDGE('',*,*,#3600,.F.);
#4783=ORIENTED_EDGE('',*,*,#3605,.F.);
#4784=ORIENTED_EDGE('',*,*,#3606,.T.);
#4785=ORIENTED_EDGE('',*,*,#3607,.T.);
#4786=ORIENTED_EDGE('',*,*,#3603,.F.);
#4787=ORIENTED_EDGE('',*,*,#3608,.F.);
#4788=ORIENTED_EDGE('',*,*,#3532,.T.);
#4789=ORIENTED_EDGE('',*,*,#3609,.T.);
#4790=ORIENTED_EDGE('',*,*,#3606,.F.);
#4791=ORIENTED_EDGE('',*,*,#3609,.F.);
#4792=ORIENTED_EDGE('',*,*,#3531,.F.);
#4793=ORIENTED_EDGE('',*,*,#3535,.F.);
#4794=ORIENTED_EDGE('',*,*,#3538,.F.);
#4795=ORIENTED_EDGE('',*,*,#3541,.F.);
#4796=ORIENTED_EDGE('',*,*,#3544,.F.);
#4797=ORIENTED_EDGE('',*,*,#3547,.F.);
#4798=ORIENTED_EDGE('',*,*,#3550,.F.);
#4799=ORIENTED_EDGE('',*,*,#3553,.F.);
#4800=ORIENTED_EDGE('',*,*,#3556,.F.);
#4801=ORIENTED_EDGE('',*,*,#3559,.F.);
#4802=ORIENTED_EDGE('',*,*,#3562,.F.);
#4803=ORIENTED_EDGE('',*,*,#3565,.F.);
#4804=ORIENTED_EDGE('',*,*,#3568,.F.);
#4805=ORIENTED_EDGE('',*,*,#3571,.F.);
#4806=ORIENTED_EDGE('',*,*,#3574,.F.);
#4807=ORIENTED_EDGE('',*,*,#3577,.F.);
#4808=ORIENTED_EDGE('',*,*,#3580,.F.);
#4809=ORIENTED_EDGE('',*,*,#3583,.F.);
#4810=ORIENTED_EDGE('',*,*,#3586,.F.);
#4811=ORIENTED_EDGE('',*,*,#3589,.F.);
#4812=ORIENTED_EDGE('',*,*,#3592,.F.);
#4813=ORIENTED_EDGE('',*,*,#3595,.F.);
#4814=ORIENTED_EDGE('',*,*,#3598,.F.);
#4815=ORIENTED_EDGE('',*,*,#3601,.F.);
#4816=ORIENTED_EDGE('',*,*,#3604,.F.);
#4817=ORIENTED_EDGE('',*,*,#3607,.F.);
#4818=ORIENTED_EDGE('',*,*,#3610,.F.);
#4819=ORIENTED_EDGE('',*,*,#3611,.T.);
#4820=ORIENTED_EDGE('',*,*,#3612,.T.);
#4821=ORIENTED_EDGE('',*,*,#3613,.F.);
#4822=ORIENTED_EDGE('',*,*,#3614,.F.);
#4823=ORIENTED_EDGE('',*,*,#3613,.T.);
#4824=ORIENTED_EDGE('',*,*,#3615,.T.);
#4825=ORIENTED_EDGE('',*,*,#3616,.F.);
#4826=ORIENTED_EDGE('',*,*,#3617,.F.);
#4827=ORIENTED_EDGE('',*,*,#3616,.T.);
#4828=ORIENTED_EDGE('',*,*,#3618,.T.);
#4829=ORIENTED_EDGE('',*,*,#3611,.F.);
#4830=ORIENTED_EDGE('',*,*,#3619,.F.);
#4831=ORIENTED_EDGE('',*,*,#3620,.T.);
#4832=ORIENTED_EDGE('',*,*,#3621,.T.);
#4833=ORIENTED_EDGE('',*,*,#3622,.F.);
#4834=ORIENTED_EDGE('',*,*,#3623,.F.);
#4835=ORIENTED_EDGE('',*,*,#3624,.T.);
#4836=ORIENTED_EDGE('',*,*,#3625,.T.);
#4837=ORIENTED_EDGE('',*,*,#3620,.F.);
#4838=ORIENTED_EDGE('',*,*,#3626,.F.);
#4839=ORIENTED_EDGE('',*,*,#3627,.T.);
#4840=ORIENTED_EDGE('',*,*,#3628,.T.);
#4841=ORIENTED_EDGE('',*,*,#3624,.F.);
#4842=ORIENTED_EDGE('',*,*,#3629,.F.);
#4843=ORIENTED_EDGE('',*,*,#3630,.T.);
#4844=ORIENTED_EDGE('',*,*,#3631,.T.);
#4845=ORIENTED_EDGE('',*,*,#3627,.F.);
#4846=ORIENTED_EDGE('',*,*,#3632,.F.);
#4847=ORIENTED_EDGE('',*,*,#3633,.T.);
#4848=ORIENTED_EDGE('',*,*,#3634,.T.);
#4849=ORIENTED_EDGE('',*,*,#3630,.F.);
#4850=ORIENTED_EDGE('',*,*,#3635,.F.);
#4851=ORIENTED_EDGE('',*,*,#3636,.T.);
#4852=ORIENTED_EDGE('',*,*,#3637,.T.);
#4853=ORIENTED_EDGE('',*,*,#3633,.F.);
#4854=ORIENTED_EDGE('',*,*,#3638,.F.);
#4855=ORIENTED_EDGE('',*,*,#3639,.T.);
#4856=ORIENTED_EDGE('',*,*,#3640,.T.);
#4857=ORIENTED_EDGE('',*,*,#3636,.F.);
#4858=ORIENTED_EDGE('',*,*,#3641,.F.);
#4859=ORIENTED_EDGE('',*,*,#3642,.T.);
#4860=ORIENTED_EDGE('',*,*,#3643,.T.);
#4861=ORIENTED_EDGE('',*,*,#3639,.F.);
#4862=ORIENTED_EDGE('',*,*,#3644,.F.);
#4863=ORIENTED_EDGE('',*,*,#3645,.T.);
#4864=ORIENTED_EDGE('',*,*,#3646,.T.);
#4865=ORIENTED_EDGE('',*,*,#3642,.F.);
#4866=ORIENTED_EDGE('',*,*,#3647,.F.);
#4867=ORIENTED_EDGE('',*,*,#3648,.T.);
#4868=ORIENTED_EDGE('',*,*,#3649,.T.);
#4869=ORIENTED_EDGE('',*,*,#3645,.F.);
#4870=ORIENTED_EDGE('',*,*,#3650,.F.);
#4871=ORIENTED_EDGE('',*,*,#3622,.T.);
#4872=ORIENTED_EDGE('',*,*,#3651,.T.);
#4873=ORIENTED_EDGE('',*,*,#3648,.F.);
#4874=ORIENTED_EDGE('',*,*,#3651,.F.);
#4875=ORIENTED_EDGE('',*,*,#3621,.F.);
#4876=ORIENTED_EDGE('',*,*,#3625,.F.);
#4877=ORIENTED_EDGE('',*,*,#3628,.F.);
#4878=ORIENTED_EDGE('',*,*,#3631,.F.);
#4879=ORIENTED_EDGE('',*,*,#3634,.F.);
#4880=ORIENTED_EDGE('',*,*,#3637,.F.);
#4881=ORIENTED_EDGE('',*,*,#3640,.F.);
#4882=ORIENTED_EDGE('',*,*,#3643,.F.);
#4883=ORIENTED_EDGE('',*,*,#3646,.F.);
#4884=ORIENTED_EDGE('',*,*,#3649,.F.);
#4885=ORIENTED_EDGE('',*,*,#3612,.F.);
#4886=ORIENTED_EDGE('',*,*,#3618,.F.);
#4887=ORIENTED_EDGE('',*,*,#3615,.F.);
#4888=ORIENTED_EDGE('',*,*,#3652,.F.);
#4889=ORIENTED_EDGE('',*,*,#3653,.T.);
#4890=ORIENTED_EDGE('',*,*,#3654,.T.);
#4891=ORIENTED_EDGE('',*,*,#3655,.F.);
#4892=ORIENTED_EDGE('',*,*,#3656,.F.);
#4893=ORIENTED_EDGE('',*,*,#3657,.T.);
#4894=ORIENTED_EDGE('',*,*,#3658,.T.);
#4895=ORIENTED_EDGE('',*,*,#3653,.F.);
#4896=ORIENTED_EDGE('',*,*,#3659,.F.);
#4897=ORIENTED_EDGE('',*,*,#3660,.T.);
#4898=ORIENTED_EDGE('',*,*,#3661,.T.);
#4899=ORIENTED_EDGE('',*,*,#3657,.F.);
#4900=ORIENTED_EDGE('',*,*,#3662,.F.);
#4901=ORIENTED_EDGE('',*,*,#3663,.T.);
#4902=ORIENTED_EDGE('',*,*,#3664,.T.);
#4903=ORIENTED_EDGE('',*,*,#3660,.F.);
#4904=ORIENTED_EDGE('',*,*,#3665,.F.);
#4905=ORIENTED_EDGE('',*,*,#3666,.T.);
#4906=ORIENTED_EDGE('',*,*,#3667,.T.);
#4907=ORIENTED_EDGE('',*,*,#3663,.F.);
#4908=ORIENTED_EDGE('',*,*,#3668,.F.);
#4909=ORIENTED_EDGE('',*,*,#3669,.T.);
#4910=ORIENTED_EDGE('',*,*,#3670,.T.);
#4911=ORIENTED_EDGE('',*,*,#3666,.F.);
#4912=ORIENTED_EDGE('',*,*,#3671,.F.);
#4913=ORIENTED_EDGE('',*,*,#3672,.T.);
#4914=ORIENTED_EDGE('',*,*,#3673,.T.);
#4915=ORIENTED_EDGE('',*,*,#3669,.F.);
#4916=ORIENTED_EDGE('',*,*,#3674,.F.);
#4917=ORIENTED_EDGE('',*,*,#3675,.T.);
#4918=ORIENTED_EDGE('',*,*,#3676,.T.);
#4919=ORIENTED_EDGE('',*,*,#3672,.F.);
#4920=ORIENTED_EDGE('',*,*,#3677,.F.);
#4921=ORIENTED_EDGE('',*,*,#3678,.T.);
#4922=ORIENTED_EDGE('',*,*,#3679,.T.);
#4923=ORIENTED_EDGE('',*,*,#3675,.F.);
#4924=ORIENTED_EDGE('',*,*,#3680,.F.);
#4925=ORIENTED_EDGE('',*,*,#3681,.T.);
#4926=ORIENTED_EDGE('',*,*,#3682,.T.);
#4927=ORIENTED_EDGE('',*,*,#3678,.F.);
#4928=ORIENTED_EDGE('',*,*,#3683,.F.);
#4929=ORIENTED_EDGE('',*,*,#3684,.T.);
#4930=ORIENTED_EDGE('',*,*,#3685,.T.);
#4931=ORIENTED_EDGE('',*,*,#3681,.F.);
#4932=ORIENTED_EDGE('',*,*,#3686,.F.);
#4933=ORIENTED_EDGE('',*,*,#3687,.T.);
#4934=ORIENTED_EDGE('',*,*,#3688,.T.);
#4935=ORIENTED_EDGE('',*,*,#3684,.F.);
#4936=ORIENTED_EDGE('',*,*,#3689,.F.);
#4937=ORIENTED_EDGE('',*,*,#3690,.T.);
#4938=ORIENTED_EDGE('',*,*,#3691,.T.);
#4939=ORIENTED_EDGE('',*,*,#3687,.F.);
#4940=ORIENTED_EDGE('',*,*,#3692,.F.);
#4941=ORIENTED_EDGE('',*,*,#3693,.T.);
#4942=ORIENTED_EDGE('',*,*,#3694,.T.);
#4943=ORIENTED_EDGE('',*,*,#3690,.F.);
#4944=ORIENTED_EDGE('',*,*,#3695,.F.);
#4945=ORIENTED_EDGE('',*,*,#3696,.T.);
#4946=ORIENTED_EDGE('',*,*,#3697,.T.);
#4947=ORIENTED_EDGE('',*,*,#3693,.F.);
#4948=ORIENTED_EDGE('',*,*,#3698,.F.);
#4949=ORIENTED_EDGE('',*,*,#3699,.T.);
#4950=ORIENTED_EDGE('',*,*,#3700,.T.);
#4951=ORIENTED_EDGE('',*,*,#3696,.F.);
#4952=ORIENTED_EDGE('',*,*,#3701,.F.);
#4953=ORIENTED_EDGE('',*,*,#3702,.T.);
#4954=ORIENTED_EDGE('',*,*,#3703,.T.);
#4955=ORIENTED_EDGE('',*,*,#3699,.F.);
#4956=ORIENTED_EDGE('',*,*,#3704,.F.);
#4957=ORIENTED_EDGE('',*,*,#3705,.T.);
#4958=ORIENTED_EDGE('',*,*,#3706,.T.);
#4959=ORIENTED_EDGE('',*,*,#3702,.F.);
#4960=ORIENTED_EDGE('',*,*,#3707,.F.);
#4961=ORIENTED_EDGE('',*,*,#3708,.T.);
#4962=ORIENTED_EDGE('',*,*,#3709,.T.);
#4963=ORIENTED_EDGE('',*,*,#3705,.F.);
#4964=ORIENTED_EDGE('',*,*,#3710,.F.);
#4965=ORIENTED_EDGE('',*,*,#3655,.T.);
#4966=ORIENTED_EDGE('',*,*,#3711,.T.);
#4967=ORIENTED_EDGE('',*,*,#3708,.F.);
#4968=ORIENTED_EDGE('',*,*,#3711,.F.);
#4969=ORIENTED_EDGE('',*,*,#3654,.F.);
#4970=ORIENTED_EDGE('',*,*,#3658,.F.);
#4971=ORIENTED_EDGE('',*,*,#3661,.F.);
#4972=ORIENTED_EDGE('',*,*,#3664,.F.);
#4973=ORIENTED_EDGE('',*,*,#3667,.F.);
#4974=ORIENTED_EDGE('',*,*,#3670,.F.);
#4975=ORIENTED_EDGE('',*,*,#3673,.F.);
#4976=ORIENTED_EDGE('',*,*,#3676,.F.);
#4977=ORIENTED_EDGE('',*,*,#3679,.F.);
#4978=ORIENTED_EDGE('',*,*,#3682,.F.);
#4979=ORIENTED_EDGE('',*,*,#3685,.F.);
#4980=ORIENTED_EDGE('',*,*,#3688,.F.);
#4981=ORIENTED_EDGE('',*,*,#3691,.F.);
#4982=ORIENTED_EDGE('',*,*,#3694,.F.);
#4983=ORIENTED_EDGE('',*,*,#3697,.F.);
#4984=ORIENTED_EDGE('',*,*,#3700,.F.);
#4985=ORIENTED_EDGE('',*,*,#3703,.F.);
#4986=ORIENTED_EDGE('',*,*,#3706,.F.);
#4987=ORIENTED_EDGE('',*,*,#3709,.F.);
#4988=ORIENTED_EDGE('',*,*,#3712,.F.);
#4989=ORIENTED_EDGE('',*,*,#3713,.T.);
#4990=ORIENTED_EDGE('',*,*,#3714,.T.);
#4991=ORIENTED_EDGE('',*,*,#3715,.F.);
#4992=ORIENTED_EDGE('',*,*,#3716,.F.);
#4993=ORIENTED_EDGE('',*,*,#3715,.T.);
#4994=ORIENTED_EDGE('',*,*,#3717,.T.);
#4995=ORIENTED_EDGE('',*,*,#3718,.F.);
#4996=ORIENTED_EDGE('',*,*,#3719,.F.);
#4997=ORIENTED_EDGE('',*,*,#3718,.T.);
#4998=ORIENTED_EDGE('',*,*,#3720,.T.);
#4999=ORIENTED_EDGE('',*,*,#3721,.F.);
#5000=ORIENTED_EDGE('',*,*,#3722,.F.);
#5001=ORIENTED_EDGE('',*,*,#3721,.T.);
#5002=ORIENTED_EDGE('',*,*,#3723,.T.);
#5003=ORIENTED_EDGE('',*,*,#3724,.F.);
#5004=ORIENTED_EDGE('',*,*,#3725,.F.);
#5005=ORIENTED_EDGE('',*,*,#3724,.T.);
#5006=ORIENTED_EDGE('',*,*,#3726,.T.);
#5007=ORIENTED_EDGE('',*,*,#3727,.F.);
#5008=ORIENTED_EDGE('',*,*,#3728,.F.);
#5009=ORIENTED_EDGE('',*,*,#3727,.T.);
#5010=ORIENTED_EDGE('',*,*,#3729,.T.);
#5011=ORIENTED_EDGE('',*,*,#3730,.F.);
#5012=ORIENTED_EDGE('',*,*,#3731,.F.);
#5013=ORIENTED_EDGE('',*,*,#3730,.T.);
#5014=ORIENTED_EDGE('',*,*,#3732,.T.);
#5015=ORIENTED_EDGE('',*,*,#3713,.F.);
#5016=ORIENTED_EDGE('',*,*,#3733,.F.);
#5017=ORIENTED_EDGE('',*,*,#3734,.T.);
#5018=ORIENTED_EDGE('',*,*,#3735,.T.);
#5019=ORIENTED_EDGE('',*,*,#3736,.F.);
#5020=ORIENTED_EDGE('',*,*,#3737,.F.);
#5021=ORIENTED_EDGE('',*,*,#3738,.T.);
#5022=ORIENTED_EDGE('',*,*,#3739,.T.);
#5023=ORIENTED_EDGE('',*,*,#3734,.F.);
#5024=ORIENTED_EDGE('',*,*,#3740,.F.);
#5025=ORIENTED_EDGE('',*,*,#3741,.T.);
#5026=ORIENTED_EDGE('',*,*,#3742,.T.);
#5027=ORIENTED_EDGE('',*,*,#3738,.F.);
#5028=ORIENTED_EDGE('',*,*,#3743,.F.);
#5029=ORIENTED_EDGE('',*,*,#3744,.T.);
#5030=ORIENTED_EDGE('',*,*,#3745,.T.);
#5031=ORIENTED_EDGE('',*,*,#3741,.F.);
#5032=ORIENTED_EDGE('',*,*,#3746,.F.);
#5033=ORIENTED_EDGE('',*,*,#3747,.T.);
#5034=ORIENTED_EDGE('',*,*,#3748,.T.);
#5035=ORIENTED_EDGE('',*,*,#3744,.F.);
#5036=ORIENTED_EDGE('',*,*,#3749,.F.);
#5037=ORIENTED_EDGE('',*,*,#3750,.T.);
#5038=ORIENTED_EDGE('',*,*,#3751,.T.);
#5039=ORIENTED_EDGE('',*,*,#3747,.F.);
#5040=ORIENTED_EDGE('',*,*,#3752,.F.);
#5041=ORIENTED_EDGE('',*,*,#3736,.T.);
#5042=ORIENTED_EDGE('',*,*,#3753,.T.);
#5043=ORIENTED_EDGE('',*,*,#3750,.F.);
#5044=ORIENTED_EDGE('',*,*,#3753,.F.);
#5045=ORIENTED_EDGE('',*,*,#3735,.F.);
#5046=ORIENTED_EDGE('',*,*,#3739,.F.);
#5047=ORIENTED_EDGE('',*,*,#3742,.F.);
#5048=ORIENTED_EDGE('',*,*,#3745,.F.);
#5049=ORIENTED_EDGE('',*,*,#3748,.F.);
#5050=ORIENTED_EDGE('',*,*,#3751,.F.);
#5051=ORIENTED_EDGE('',*,*,#3714,.F.);
#5052=ORIENTED_EDGE('',*,*,#3732,.F.);
#5053=ORIENTED_EDGE('',*,*,#3729,.F.);
#5054=ORIENTED_EDGE('',*,*,#3726,.F.);
#5055=ORIENTED_EDGE('',*,*,#3723,.F.);
#5056=ORIENTED_EDGE('',*,*,#3720,.F.);
#5057=ORIENTED_EDGE('',*,*,#3717,.F.);
#5058=ORIENTED_EDGE('',*,*,#3754,.F.);
#5059=ORIENTED_EDGE('',*,*,#3755,.T.);
#5060=ORIENTED_EDGE('',*,*,#3756,.T.);
#5061=ORIENTED_EDGE('',*,*,#3757,.F.);
#5062=ORIENTED_EDGE('',*,*,#3758,.F.);
#5063=ORIENTED_EDGE('',*,*,#3757,.T.);
#5064=ORIENTED_EDGE('',*,*,#3759,.T.);
#5065=ORIENTED_EDGE('',*,*,#3760,.F.);
#5066=ORIENTED_EDGE('',*,*,#3761,.F.);
#5067=ORIENTED_EDGE('',*,*,#3760,.T.);
#5068=ORIENTED_EDGE('',*,*,#3762,.T.);
#5069=ORIENTED_EDGE('',*,*,#3763,.F.);
#5070=ORIENTED_EDGE('',*,*,#3764,.F.);
#5071=ORIENTED_EDGE('',*,*,#3763,.T.);
#5072=ORIENTED_EDGE('',*,*,#3765,.T.);
#5073=ORIENTED_EDGE('',*,*,#3766,.F.);
#5074=ORIENTED_EDGE('',*,*,#3767,.F.);
#5075=ORIENTED_EDGE('',*,*,#3766,.T.);
#5076=ORIENTED_EDGE('',*,*,#3768,.T.);
#5077=ORIENTED_EDGE('',*,*,#3769,.F.);
#5078=ORIENTED_EDGE('',*,*,#3770,.F.);
#5079=ORIENTED_EDGE('',*,*,#3769,.T.);
#5080=ORIENTED_EDGE('',*,*,#3771,.T.);
#5081=ORIENTED_EDGE('',*,*,#3755,.F.);
#5082=ORIENTED_EDGE('',*,*,#3772,.F.);
#5083=ORIENTED_EDGE('',*,*,#3773,.T.);
#5084=ORIENTED_EDGE('',*,*,#3774,.T.);
#5085=ORIENTED_EDGE('',*,*,#3775,.F.);
#5086=ORIENTED_EDGE('',*,*,#3776,.F.);
#5087=ORIENTED_EDGE('',*,*,#3777,.T.);
#5088=ORIENTED_EDGE('',*,*,#3778,.T.);
#5089=ORIENTED_EDGE('',*,*,#3773,.F.);
#5090=ORIENTED_EDGE('',*,*,#3779,.F.);
#5091=ORIENTED_EDGE('',*,*,#3780,.T.);
#5092=ORIENTED_EDGE('',*,*,#3781,.T.);
#5093=ORIENTED_EDGE('',*,*,#3777,.F.);
#5094=ORIENTED_EDGE('',*,*,#3782,.F.);
#5095=ORIENTED_EDGE('',*,*,#3783,.T.);
#5096=ORIENTED_EDGE('',*,*,#3784,.T.);
#5097=ORIENTED_EDGE('',*,*,#3780,.F.);
#5098=ORIENTED_EDGE('',*,*,#3785,.F.);
#5099=ORIENTED_EDGE('',*,*,#3786,.T.);
#5100=ORIENTED_EDGE('',*,*,#3787,.T.);
#5101=ORIENTED_EDGE('',*,*,#3783,.F.);
#5102=ORIENTED_EDGE('',*,*,#3788,.F.);
#5103=ORIENTED_EDGE('',*,*,#3789,.T.);
#5104=ORIENTED_EDGE('',*,*,#3790,.T.);
#5105=ORIENTED_EDGE('',*,*,#3786,.F.);
#5106=ORIENTED_EDGE('',*,*,#3791,.F.);
#5107=ORIENTED_EDGE('',*,*,#3792,.T.);
#5108=ORIENTED_EDGE('',*,*,#3793,.T.);
#5109=ORIENTED_EDGE('',*,*,#3789,.F.);
#5110=ORIENTED_EDGE('',*,*,#3794,.F.);
#5111=ORIENTED_EDGE('',*,*,#3795,.T.);
#5112=ORIENTED_EDGE('',*,*,#3796,.T.);
#5113=ORIENTED_EDGE('',*,*,#3792,.F.);
#5114=ORIENTED_EDGE('',*,*,#3797,.F.);
#5115=ORIENTED_EDGE('',*,*,#3798,.T.);
#5116=ORIENTED_EDGE('',*,*,#3799,.T.);
#5117=ORIENTED_EDGE('',*,*,#3795,.F.);
#5118=ORIENTED_EDGE('',*,*,#3800,.F.);
#5119=ORIENTED_EDGE('',*,*,#3801,.T.);
#5120=ORIENTED_EDGE('',*,*,#3802,.T.);
#5121=ORIENTED_EDGE('',*,*,#3798,.F.);
#5122=ORIENTED_EDGE('',*,*,#3803,.F.);
#5123=ORIENTED_EDGE('',*,*,#3804,.T.);
#5124=ORIENTED_EDGE('',*,*,#3805,.T.);
#5125=ORIENTED_EDGE('',*,*,#3801,.F.);
#5126=ORIENTED_EDGE('',*,*,#3806,.F.);
#5127=ORIENTED_EDGE('',*,*,#3807,.T.);
#5128=ORIENTED_EDGE('',*,*,#3808,.T.);
#5129=ORIENTED_EDGE('',*,*,#3804,.F.);
#5130=ORIENTED_EDGE('',*,*,#3809,.F.);
#5131=ORIENTED_EDGE('',*,*,#3810,.T.);
#5132=ORIENTED_EDGE('',*,*,#3811,.T.);
#5133=ORIENTED_EDGE('',*,*,#3807,.F.);
#5134=ORIENTED_EDGE('',*,*,#3812,.F.);
#5135=ORIENTED_EDGE('',*,*,#3813,.T.);
#5136=ORIENTED_EDGE('',*,*,#3814,.T.);
#5137=ORIENTED_EDGE('',*,*,#3810,.F.);
#5138=ORIENTED_EDGE('',*,*,#3815,.F.);
#5139=ORIENTED_EDGE('',*,*,#3775,.T.);
#5140=ORIENTED_EDGE('',*,*,#3816,.T.);
#5141=ORIENTED_EDGE('',*,*,#3813,.F.);
#5142=ORIENTED_EDGE('',*,*,#3816,.F.);
#5143=ORIENTED_EDGE('',*,*,#3774,.F.);
#5144=ORIENTED_EDGE('',*,*,#3778,.F.);
#5145=ORIENTED_EDGE('',*,*,#3781,.F.);
#5146=ORIENTED_EDGE('',*,*,#3784,.F.);
#5147=ORIENTED_EDGE('',*,*,#3787,.F.);
#5148=ORIENTED_EDGE('',*,*,#3790,.F.);
#5149=ORIENTED_EDGE('',*,*,#3793,.F.);
#5150=ORIENTED_EDGE('',*,*,#3796,.F.);
#5151=ORIENTED_EDGE('',*,*,#3799,.F.);
#5152=ORIENTED_EDGE('',*,*,#3802,.F.);
#5153=ORIENTED_EDGE('',*,*,#3805,.F.);
#5154=ORIENTED_EDGE('',*,*,#3808,.F.);
#5155=ORIENTED_EDGE('',*,*,#3811,.F.);
#5156=ORIENTED_EDGE('',*,*,#3814,.F.);
#5157=ORIENTED_EDGE('',*,*,#3756,.F.);
#5158=ORIENTED_EDGE('',*,*,#3771,.F.);
#5159=ORIENTED_EDGE('',*,*,#3768,.F.);
#5160=ORIENTED_EDGE('',*,*,#3765,.F.);
#5161=ORIENTED_EDGE('',*,*,#3762,.F.);
#5162=ORIENTED_EDGE('',*,*,#3759,.F.);
#5163=ORIENTED_EDGE('',*,*,#3817,.F.);
#5164=ORIENTED_EDGE('',*,*,#3818,.T.);
#5165=ORIENTED_EDGE('',*,*,#3819,.T.);
#5166=ORIENTED_EDGE('',*,*,#3820,.F.);
#5167=ORIENTED_EDGE('',*,*,#3821,.F.);
#5168=ORIENTED_EDGE('',*,*,#3822,.T.);
#5169=ORIENTED_EDGE('',*,*,#3823,.T.);
#5170=ORIENTED_EDGE('',*,*,#3818,.F.);
#5171=ORIENTED_EDGE('',*,*,#3824,.F.);
#5172=ORIENTED_EDGE('',*,*,#3825,.T.);
#5173=ORIENTED_EDGE('',*,*,#3826,.T.);
#5174=ORIENTED_EDGE('',*,*,#3822,.F.);
#5175=ORIENTED_EDGE('',*,*,#3827,.F.);
#5176=ORIENTED_EDGE('',*,*,#3828,.T.);
#5177=ORIENTED_EDGE('',*,*,#3829,.T.);
#5178=ORIENTED_EDGE('',*,*,#3825,.F.);
#5179=ORIENTED_EDGE('',*,*,#3830,.F.);
#5180=ORIENTED_EDGE('',*,*,#3831,.T.);
#5181=ORIENTED_EDGE('',*,*,#3832,.T.);
#5182=ORIENTED_EDGE('',*,*,#3828,.F.);
#5183=ORIENTED_EDGE('',*,*,#3833,.F.);
#5184=ORIENTED_EDGE('',*,*,#3834,.T.);
#5185=ORIENTED_EDGE('',*,*,#3835,.T.);
#5186=ORIENTED_EDGE('',*,*,#3831,.F.);
#5187=ORIENTED_EDGE('',*,*,#3836,.F.);
#5188=ORIENTED_EDGE('',*,*,#3837,.T.);
#5189=ORIENTED_EDGE('',*,*,#3838,.T.);
#5190=ORIENTED_EDGE('',*,*,#3834,.F.);
#5191=ORIENTED_EDGE('',*,*,#3839,.F.);
#5192=ORIENTED_EDGE('',*,*,#3840,.T.);
#5193=ORIENTED_EDGE('',*,*,#3841,.T.);
#5194=ORIENTED_EDGE('',*,*,#3837,.F.);
#5195=ORIENTED_EDGE('',*,*,#3842,.F.);
#5196=ORIENTED_EDGE('',*,*,#3843,.T.);
#5197=ORIENTED_EDGE('',*,*,#3844,.T.);
#5198=ORIENTED_EDGE('',*,*,#3840,.F.);
#5199=ORIENTED_EDGE('',*,*,#3845,.F.);
#5200=ORIENTED_EDGE('',*,*,#3846,.T.);
#5201=ORIENTED_EDGE('',*,*,#3847,.T.);
#5202=ORIENTED_EDGE('',*,*,#3843,.F.);
#5203=ORIENTED_EDGE('',*,*,#3848,.F.);
#5204=ORIENTED_EDGE('',*,*,#3820,.T.);
#5205=ORIENTED_EDGE('',*,*,#3849,.T.);
#5206=ORIENTED_EDGE('',*,*,#3846,.F.);
#5207=ORIENTED_EDGE('',*,*,#3849,.F.);
#5208=ORIENTED_EDGE('',*,*,#3819,.F.);
#5209=ORIENTED_EDGE('',*,*,#3823,.F.);
#5210=ORIENTED_EDGE('',*,*,#3826,.F.);
#5211=ORIENTED_EDGE('',*,*,#3829,.F.);
#5212=ORIENTED_EDGE('',*,*,#3832,.F.);
#5213=ORIENTED_EDGE('',*,*,#3835,.F.);
#5214=ORIENTED_EDGE('',*,*,#3838,.F.);
#5215=ORIENTED_EDGE('',*,*,#3841,.F.);
#5216=ORIENTED_EDGE('',*,*,#3844,.F.);
#5217=ORIENTED_EDGE('',*,*,#3847,.F.);
#5218=ORIENTED_EDGE('',*,*,#3850,.F.);
#5219=ORIENTED_EDGE('',*,*,#3851,.T.);
#5220=ORIENTED_EDGE('',*,*,#3852,.T.);
#5221=ORIENTED_EDGE('',*,*,#3853,.F.);
#5222=ORIENTED_EDGE('',*,*,#3854,.F.);
#5223=ORIENTED_EDGE('',*,*,#3853,.T.);
#5224=ORIENTED_EDGE('',*,*,#3855,.T.);
#5225=ORIENTED_EDGE('',*,*,#3856,.F.);
#5226=ORIENTED_EDGE('',*,*,#3857,.F.);
#5227=ORIENTED_EDGE('',*,*,#3856,.T.);
#5228=ORIENTED_EDGE('',*,*,#3858,.T.);
#5229=ORIENTED_EDGE('',*,*,#3859,.F.);
#5230=ORIENTED_EDGE('',*,*,#3860,.F.);
#5231=ORIENTED_EDGE('',*,*,#3859,.T.);
#5232=ORIENTED_EDGE('',*,*,#3861,.T.);
#5233=ORIENTED_EDGE('',*,*,#3862,.F.);
#5234=ORIENTED_EDGE('',*,*,#3863,.F.);
#5235=ORIENTED_EDGE('',*,*,#3862,.T.);
#5236=ORIENTED_EDGE('',*,*,#3864,.T.);
#5237=ORIENTED_EDGE('',*,*,#3851,.F.);
#5238=ORIENTED_EDGE('',*,*,#3865,.F.);
#5239=ORIENTED_EDGE('',*,*,#3866,.T.);
#5240=ORIENTED_EDGE('',*,*,#3867,.T.);
#5241=ORIENTED_EDGE('',*,*,#3868,.F.);
#5242=ORIENTED_EDGE('',*,*,#3869,.F.);
#5243=ORIENTED_EDGE('',*,*,#3868,.T.);
#5244=ORIENTED_EDGE('',*,*,#3870,.T.);
#5245=ORIENTED_EDGE('',*,*,#3871,.F.);
#5246=ORIENTED_EDGE('',*,*,#3872,.F.);
#5247=ORIENTED_EDGE('',*,*,#3871,.T.);
#5248=ORIENTED_EDGE('',*,*,#3873,.T.);
#5249=ORIENTED_EDGE('',*,*,#3874,.F.);
#5250=ORIENTED_EDGE('',*,*,#3875,.F.);
#5251=ORIENTED_EDGE('',*,*,#3874,.T.);
#5252=ORIENTED_EDGE('',*,*,#3876,.T.);
#5253=ORIENTED_EDGE('',*,*,#3877,.F.);
#5254=ORIENTED_EDGE('',*,*,#3878,.F.);
#5255=ORIENTED_EDGE('',*,*,#3877,.T.);
#5256=ORIENTED_EDGE('',*,*,#3879,.T.);
#5257=ORIENTED_EDGE('',*,*,#3866,.F.);
#5258=ORIENTED_EDGE('',*,*,#3880,.F.);
#5259=ORIENTED_EDGE('',*,*,#3881,.T.);
#5260=ORIENTED_EDGE('',*,*,#3882,.T.);
#5261=ORIENTED_EDGE('',*,*,#3883,.F.);
#5262=ORIENTED_EDGE('',*,*,#3884,.F.);
#5263=ORIENTED_EDGE('',*,*,#3885,.T.);
#5264=ORIENTED_EDGE('',*,*,#3886,.T.);
#5265=ORIENTED_EDGE('',*,*,#3881,.F.);
#5266=ORIENTED_EDGE('',*,*,#3887,.F.);
#5267=ORIENTED_EDGE('',*,*,#3888,.T.);
#5268=ORIENTED_EDGE('',*,*,#3889,.T.);
#5269=ORIENTED_EDGE('',*,*,#3885,.F.);
#5270=ORIENTED_EDGE('',*,*,#3890,.F.);
#5271=ORIENTED_EDGE('',*,*,#3891,.T.);
#5272=ORIENTED_EDGE('',*,*,#3892,.T.);
#5273=ORIENTED_EDGE('',*,*,#3888,.F.);
#5274=ORIENTED_EDGE('',*,*,#3893,.F.);
#5275=ORIENTED_EDGE('',*,*,#3894,.T.);
#5276=ORIENTED_EDGE('',*,*,#3895,.T.);
#5277=ORIENTED_EDGE('',*,*,#3891,.F.);
#5278=ORIENTED_EDGE('',*,*,#3896,.F.);
#5279=ORIENTED_EDGE('',*,*,#3897,.T.);
#5280=ORIENTED_EDGE('',*,*,#3898,.T.);
#5281=ORIENTED_EDGE('',*,*,#3894,.F.);
#5282=ORIENTED_EDGE('',*,*,#3899,.F.);
#5283=ORIENTED_EDGE('',*,*,#3900,.T.);
#5284=ORIENTED_EDGE('',*,*,#3901,.T.);
#5285=ORIENTED_EDGE('',*,*,#3897,.F.);
#5286=ORIENTED_EDGE('',*,*,#3902,.F.);
#5287=ORIENTED_EDGE('',*,*,#3903,.T.);
#5288=ORIENTED_EDGE('',*,*,#3904,.T.);
#5289=ORIENTED_EDGE('',*,*,#3900,.F.);
#5290=ORIENTED_EDGE('',*,*,#3905,.F.);
#5291=ORIENTED_EDGE('',*,*,#3906,.T.);
#5292=ORIENTED_EDGE('',*,*,#3907,.T.);
#5293=ORIENTED_EDGE('',*,*,#3903,.F.);
#5294=ORIENTED_EDGE('',*,*,#3908,.F.);
#5295=ORIENTED_EDGE('',*,*,#3909,.T.);
#5296=ORIENTED_EDGE('',*,*,#3910,.T.);
#5297=ORIENTED_EDGE('',*,*,#3906,.F.);
#5298=ORIENTED_EDGE('',*,*,#3911,.F.);
#5299=ORIENTED_EDGE('',*,*,#3883,.T.);
#5300=ORIENTED_EDGE('',*,*,#3912,.T.);
#5301=ORIENTED_EDGE('',*,*,#3909,.F.);
#5302=ORIENTED_EDGE('',*,*,#3912,.F.);
#5303=ORIENTED_EDGE('',*,*,#3882,.F.);
#5304=ORIENTED_EDGE('',*,*,#3886,.F.);
#5305=ORIENTED_EDGE('',*,*,#3889,.F.);
#5306=ORIENTED_EDGE('',*,*,#3892,.F.);
#5307=ORIENTED_EDGE('',*,*,#3895,.F.);
#5308=ORIENTED_EDGE('',*,*,#3898,.F.);
#5309=ORIENTED_EDGE('',*,*,#3901,.F.);
#5310=ORIENTED_EDGE('',*,*,#3904,.F.);
#5311=ORIENTED_EDGE('',*,*,#3907,.F.);
#5312=ORIENTED_EDGE('',*,*,#3910,.F.);
#5313=ORIENTED_EDGE('',*,*,#3852,.F.);
#5314=ORIENTED_EDGE('',*,*,#3864,.F.);
#5315=ORIENTED_EDGE('',*,*,#3861,.F.);
#5316=ORIENTED_EDGE('',*,*,#3858,.F.);
#5317=ORIENTED_EDGE('',*,*,#3855,.F.);
#5318=ORIENTED_EDGE('',*,*,#3867,.F.);
#5319=ORIENTED_EDGE('',*,*,#3879,.F.);
#5320=ORIENTED_EDGE('',*,*,#3876,.F.);
#5321=ORIENTED_EDGE('',*,*,#3873,.F.);
#5322=ORIENTED_EDGE('',*,*,#3870,.F.);
#5323=ORIENTED_EDGE('',*,*,#3913,.T.);
#5324=ORIENTED_EDGE('',*,*,#3914,.T.);
#5325=ORIENTED_EDGE('',*,*,#3915,.F.);
#5326=ORIENTED_EDGE('',*,*,#3916,.F.);
#5327=ORIENTED_EDGE('',*,*,#3214,.T.);
#5328=ORIENTED_EDGE('',*,*,#3254,.T.);
#5329=ORIENTED_EDGE('',*,*,#3251,.T.);
#5330=ORIENTED_EDGE('',*,*,#3248,.T.);
#5331=ORIENTED_EDGE('',*,*,#3245,.T.);
#5332=ORIENTED_EDGE('',*,*,#3242,.T.);
#5333=ORIENTED_EDGE('',*,*,#3239,.T.);
#5334=ORIENTED_EDGE('',*,*,#3236,.T.);
#5335=ORIENTED_EDGE('',*,*,#3233,.T.);
#5336=ORIENTED_EDGE('',*,*,#3230,.T.);
#5337=ORIENTED_EDGE('',*,*,#3227,.T.);
#5338=ORIENTED_EDGE('',*,*,#3224,.T.);
#5339=ORIENTED_EDGE('',*,*,#3221,.T.);
#5340=ORIENTED_EDGE('',*,*,#3218,.T.);
#5341=ORIENTED_EDGE('',*,*,#3256,.T.);
#5342=ORIENTED_EDGE('',*,*,#3305,.T.);
#5343=ORIENTED_EDGE('',*,*,#3302,.T.);
#5344=ORIENTED_EDGE('',*,*,#3299,.T.);
#5345=ORIENTED_EDGE('',*,*,#3296,.T.);
#5346=ORIENTED_EDGE('',*,*,#3293,.T.);
#5347=ORIENTED_EDGE('',*,*,#3290,.T.);
#5348=ORIENTED_EDGE('',*,*,#3287,.T.);
#5349=ORIENTED_EDGE('',*,*,#3284,.T.);
#5350=ORIENTED_EDGE('',*,*,#3281,.T.);
#5351=ORIENTED_EDGE('',*,*,#3278,.T.);
#5352=ORIENTED_EDGE('',*,*,#3275,.T.);
#5353=ORIENTED_EDGE('',*,*,#3272,.T.);
#5354=ORIENTED_EDGE('',*,*,#3269,.T.);
#5355=ORIENTED_EDGE('',*,*,#3266,.T.);
#5356=ORIENTED_EDGE('',*,*,#3263,.T.);
#5357=ORIENTED_EDGE('',*,*,#3260,.T.);
#5358=ORIENTED_EDGE('',*,*,#3325,.T.);
#5359=ORIENTED_EDGE('',*,*,#3368,.T.);
#5360=ORIENTED_EDGE('',*,*,#3365,.T.);
#5361=ORIENTED_EDGE('',*,*,#3362,.T.);
#5362=ORIENTED_EDGE('',*,*,#3359,.T.);
#5363=ORIENTED_EDGE('',*,*,#3356,.T.);
#5364=ORIENTED_EDGE('',*,*,#3353,.T.);
#5365=ORIENTED_EDGE('',*,*,#3350,.T.);
#5366=ORIENTED_EDGE('',*,*,#3347,.T.);
#5367=ORIENTED_EDGE('',*,*,#3344,.T.);
#5368=ORIENTED_EDGE('',*,*,#3341,.T.);
#5369=ORIENTED_EDGE('',*,*,#3338,.T.);
#5370=ORIENTED_EDGE('',*,*,#3335,.T.);
#5371=ORIENTED_EDGE('',*,*,#3332,.T.);
#5372=ORIENTED_EDGE('',*,*,#3329,.T.);
#5373=ORIENTED_EDGE('',*,*,#3370,.T.);
#5374=ORIENTED_EDGE('',*,*,#3389,.T.);
#5375=ORIENTED_EDGE('',*,*,#3386,.T.);
#5376=ORIENTED_EDGE('',*,*,#3383,.T.);
#5377=ORIENTED_EDGE('',*,*,#3380,.T.);
#5378=ORIENTED_EDGE('',*,*,#3377,.T.);
#5379=ORIENTED_EDGE('',*,*,#3374,.T.);
#5380=ORIENTED_EDGE('',*,*,#3391,.T.);
#5381=ORIENTED_EDGE('',*,*,#3440,.T.);
#5382=ORIENTED_EDGE('',*,*,#3437,.T.);
#5383=ORIENTED_EDGE('',*,*,#3434,.T.);
#5384=ORIENTED_EDGE('',*,*,#3431,.T.);
#5385=ORIENTED_EDGE('',*,*,#3428,.T.);
#5386=ORIENTED_EDGE('',*,*,#3425,.T.);
#5387=ORIENTED_EDGE('',*,*,#3422,.T.);
#5388=ORIENTED_EDGE('',*,*,#3419,.T.);
#5389=ORIENTED_EDGE('',*,*,#3416,.T.);
#5390=ORIENTED_EDGE('',*,*,#3413,.T.);
#5391=ORIENTED_EDGE('',*,*,#3410,.T.);
#5392=ORIENTED_EDGE('',*,*,#3407,.T.);
#5393=ORIENTED_EDGE('',*,*,#3404,.T.);
#5394=ORIENTED_EDGE('',*,*,#3401,.T.);
#5395=ORIENTED_EDGE('',*,*,#3398,.T.);
#5396=ORIENTED_EDGE('',*,*,#3395,.T.);
#5397=ORIENTED_EDGE('',*,*,#3463,.T.);
#5398=ORIENTED_EDGE('',*,*,#3494,.T.);
#5399=ORIENTED_EDGE('',*,*,#3491,.T.);
#5400=ORIENTED_EDGE('',*,*,#3488,.T.);
#5401=ORIENTED_EDGE('',*,*,#3485,.T.);
#5402=ORIENTED_EDGE('',*,*,#3482,.T.);
#5403=ORIENTED_EDGE('',*,*,#3479,.T.);
#5404=ORIENTED_EDGE('',*,*,#3476,.T.);
#5405=ORIENTED_EDGE('',*,*,#3473,.T.);
#5406=ORIENTED_EDGE('',*,*,#3470,.T.);
#5407=ORIENTED_EDGE('',*,*,#3467,.T.);
#5408=ORIENTED_EDGE('',*,*,#3496,.T.);
#5409=ORIENTED_EDGE('',*,*,#3527,.T.);
#5410=ORIENTED_EDGE('',*,*,#3524,.T.);
#5411=ORIENTED_EDGE('',*,*,#3521,.T.);
#5412=ORIENTED_EDGE('',*,*,#3518,.T.);
#5413=ORIENTED_EDGE('',*,*,#3515,.T.);
#5414=ORIENTED_EDGE('',*,*,#3512,.T.);
#5415=ORIENTED_EDGE('',*,*,#3509,.T.);
#5416=ORIENTED_EDGE('',*,*,#3506,.T.);
#5417=ORIENTED_EDGE('',*,*,#3503,.T.);
#5418=ORIENTED_EDGE('',*,*,#3500,.T.);
#5419=ORIENTED_EDGE('',*,*,#3529,.T.);
#5420=ORIENTED_EDGE('',*,*,#3608,.T.);
#5421=ORIENTED_EDGE('',*,*,#3605,.T.);
#5422=ORIENTED_EDGE('',*,*,#3602,.T.);
#5423=ORIENTED_EDGE('',*,*,#3599,.T.);
#5424=ORIENTED_EDGE('',*,*,#3596,.T.);
#5425=ORIENTED_EDGE('',*,*,#3593,.T.);
#5426=ORIENTED_EDGE('',*,*,#3590,.T.);
#5427=ORIENTED_EDGE('',*,*,#3587,.T.);
#5428=ORIENTED_EDGE('',*,*,#3584,.T.);
#5429=ORIENTED_EDGE('',*,*,#3581,.T.);
#5430=ORIENTED_EDGE('',*,*,#3578,.T.);
#5431=ORIENTED_EDGE('',*,*,#3575,.T.);
#5432=ORIENTED_EDGE('',*,*,#3572,.T.);
#5433=ORIENTED_EDGE('',*,*,#3569,.T.);
#5434=ORIENTED_EDGE('',*,*,#3566,.T.);
#5435=ORIENTED_EDGE('',*,*,#3563,.T.);
#5436=ORIENTED_EDGE('',*,*,#3560,.T.);
#5437=ORIENTED_EDGE('',*,*,#3557,.T.);
#5438=ORIENTED_EDGE('',*,*,#3554,.T.);
#5439=ORIENTED_EDGE('',*,*,#3551,.T.);
#5440=ORIENTED_EDGE('',*,*,#3548,.T.);
#5441=ORIENTED_EDGE('',*,*,#3545,.T.);
#5442=ORIENTED_EDGE('',*,*,#3542,.T.);
#5443=ORIENTED_EDGE('',*,*,#3539,.T.);
#5444=ORIENTED_EDGE('',*,*,#3536,.T.);
#5445=ORIENTED_EDGE('',*,*,#3533,.T.);
#5446=ORIENTED_EDGE('',*,*,#3619,.T.);
#5447=ORIENTED_EDGE('',*,*,#3650,.T.);
#5448=ORIENTED_EDGE('',*,*,#3647,.T.);
#5449=ORIENTED_EDGE('',*,*,#3644,.T.);
#5450=ORIENTED_EDGE('',*,*,#3641,.T.);
#5451=ORIENTED_EDGE('',*,*,#3638,.T.);
#5452=ORIENTED_EDGE('',*,*,#3635,.T.);
#5453=ORIENTED_EDGE('',*,*,#3632,.T.);
#5454=ORIENTED_EDGE('',*,*,#3629,.T.);
#5455=ORIENTED_EDGE('',*,*,#3626,.T.);
#5456=ORIENTED_EDGE('',*,*,#3623,.T.);
#5457=ORIENTED_EDGE('',*,*,#3652,.T.);
#5458=ORIENTED_EDGE('',*,*,#3710,.T.);
#5459=ORIENTED_EDGE('',*,*,#3707,.T.);
#5460=ORIENTED_EDGE('',*,*,#3704,.T.);
#5461=ORIENTED_EDGE('',*,*,#3701,.T.);
#5462=ORIENTED_EDGE('',*,*,#3698,.T.);
#5463=ORIENTED_EDGE('',*,*,#3695,.T.);
#5464=ORIENTED_EDGE('',*,*,#3692,.T.);
#5465=ORIENTED_EDGE('',*,*,#3689,.T.);
#5466=ORIENTED_EDGE('',*,*,#3686,.T.);
#5467=ORIENTED_EDGE('',*,*,#3683,.T.);
#5468=ORIENTED_EDGE('',*,*,#3680,.T.);
#5469=ORIENTED_EDGE('',*,*,#3677,.T.);
#5470=ORIENTED_EDGE('',*,*,#3674,.T.);
#5471=ORIENTED_EDGE('',*,*,#3671,.T.);
#5472=ORIENTED_EDGE('',*,*,#3668,.T.);
#5473=ORIENTED_EDGE('',*,*,#3665,.T.);
#5474=ORIENTED_EDGE('',*,*,#3662,.T.);
#5475=ORIENTED_EDGE('',*,*,#3659,.T.);
#5476=ORIENTED_EDGE('',*,*,#3656,.T.);
#5477=ORIENTED_EDGE('',*,*,#3733,.T.);
#5478=ORIENTED_EDGE('',*,*,#3752,.T.);
#5479=ORIENTED_EDGE('',*,*,#3749,.T.);
#5480=ORIENTED_EDGE('',*,*,#3746,.T.);
#5481=ORIENTED_EDGE('',*,*,#3743,.T.);
#5482=ORIENTED_EDGE('',*,*,#3740,.T.);
#5483=ORIENTED_EDGE('',*,*,#3737,.T.);
#5484=ORIENTED_EDGE('',*,*,#3772,.T.);
#5485=ORIENTED_EDGE('',*,*,#3815,.T.);
#5486=ORIENTED_EDGE('',*,*,#3812,.T.);
#5487=ORIENTED_EDGE('',*,*,#3809,.T.);
#5488=ORIENTED_EDGE('',*,*,#3806,.T.);
#5489=ORIENTED_EDGE('',*,*,#3803,.T.);
#5490=ORIENTED_EDGE('',*,*,#3800,.T.);
#5491=ORIENTED_EDGE('',*,*,#3797,.T.);
#5492=ORIENTED_EDGE('',*,*,#3794,.T.);
#5493=ORIENTED_EDGE('',*,*,#3791,.T.);
#5494=ORIENTED_EDGE('',*,*,#3788,.T.);
#5495=ORIENTED_EDGE('',*,*,#3785,.T.);
#5496=ORIENTED_EDGE('',*,*,#3782,.T.);
#5497=ORIENTED_EDGE('',*,*,#3779,.T.);
#5498=ORIENTED_EDGE('',*,*,#3776,.T.);
#5499=ORIENTED_EDGE('',*,*,#3817,.T.);
#5500=ORIENTED_EDGE('',*,*,#3848,.T.);
#5501=ORIENTED_EDGE('',*,*,#3845,.T.);
#5502=ORIENTED_EDGE('',*,*,#3842,.T.);
#5503=ORIENTED_EDGE('',*,*,#3839,.T.);
#5504=ORIENTED_EDGE('',*,*,#3836,.T.);
#5505=ORIENTED_EDGE('',*,*,#3833,.T.);
#5506=ORIENTED_EDGE('',*,*,#3830,.T.);
#5507=ORIENTED_EDGE('',*,*,#3827,.T.);
#5508=ORIENTED_EDGE('',*,*,#3824,.T.);
#5509=ORIENTED_EDGE('',*,*,#3821,.T.);
#5510=ORIENTED_EDGE('',*,*,#3880,.T.);
#5511=ORIENTED_EDGE('',*,*,#3911,.T.);
#5512=ORIENTED_EDGE('',*,*,#3908,.T.);
#5513=ORIENTED_EDGE('',*,*,#3905,.T.);
#5514=ORIENTED_EDGE('',*,*,#3902,.T.);
#5515=ORIENTED_EDGE('',*,*,#3899,.T.);
#5516=ORIENTED_EDGE('',*,*,#3896,.T.);
#5517=ORIENTED_EDGE('',*,*,#3893,.T.);
#5518=ORIENTED_EDGE('',*,*,#3890,.T.);
#5519=ORIENTED_EDGE('',*,*,#3887,.T.);
#5520=ORIENTED_EDGE('',*,*,#3884,.T.);
#5521=ORIENTED_EDGE('',*,*,#3917,.T.);
#5522=ORIENTED_EDGE('',*,*,#3918,.T.);
#5523=ORIENTED_EDGE('',*,*,#3919,.T.);
#5524=ORIENTED_EDGE('',*,*,#3920,.T.);
#5525=ORIENTED_EDGE('',*,*,#3921,.T.);
#5526=ORIENTED_EDGE('',*,*,#3922,.T.);
#5527=ORIENTED_EDGE('',*,*,#3923,.T.);
#5528=ORIENTED_EDGE('',*,*,#3924,.T.);
#5529=ORIENTED_EDGE('',*,*,#3925,.T.);
#5530=ORIENTED_EDGE('',*,*,#3926,.T.);
#5531=ORIENTED_EDGE('',*,*,#3927,.T.);
#5532=ORIENTED_EDGE('',*,*,#3928,.T.);
#5533=ORIENTED_EDGE('',*,*,#3929,.T.);
#5534=ORIENTED_EDGE('',*,*,#3930,.T.);
#5535=ORIENTED_EDGE('',*,*,#3931,.T.);
#5536=ORIENTED_EDGE('',*,*,#3932,.T.);
#5537=ORIENTED_EDGE('',*,*,#3933,.T.);
#5538=ORIENTED_EDGE('',*,*,#3934,.T.);
#5539=ORIENTED_EDGE('',*,*,#3935,.T.);
#5540=ORIENTED_EDGE('',*,*,#3936,.T.);
#5541=ORIENTED_EDGE('',*,*,#3937,.T.);
#5542=ORIENTED_EDGE('',*,*,#3938,.T.);
#5543=ORIENTED_EDGE('',*,*,#3939,.T.);
#5544=ORIENTED_EDGE('',*,*,#3940,.T.);
#5545=ORIENTED_EDGE('',*,*,#3941,.T.);
#5546=ORIENTED_EDGE('',*,*,#3942,.T.);
#5547=ORIENTED_EDGE('',*,*,#3943,.T.);
#5548=ORIENTED_EDGE('',*,*,#3944,.T.);
#5549=ORIENTED_EDGE('',*,*,#3945,.T.);
#5550=ORIENTED_EDGE('',*,*,#3946,.T.);
#5551=ORIENTED_EDGE('',*,*,#3947,.T.);
#5552=ORIENTED_EDGE('',*,*,#3948,.T.);
#5553=ORIENTED_EDGE('',*,*,#3949,.T.);
#5554=ORIENTED_EDGE('',*,*,#3950,.T.);
#5555=ORIENTED_EDGE('',*,*,#3951,.T.);
#5556=ORIENTED_EDGE('',*,*,#3952,.T.);
#5557=ORIENTED_EDGE('',*,*,#3953,.T.);
#5558=ORIENTED_EDGE('',*,*,#3954,.T.);
#5559=ORIENTED_EDGE('',*,*,#3955,.T.);
#5560=ORIENTED_EDGE('',*,*,#3956,.T.);
#5561=ORIENTED_EDGE('',*,*,#3957,.T.);
#5562=ORIENTED_EDGE('',*,*,#3958,.T.);
#5563=ORIENTED_EDGE('',*,*,#3959,.T.);
#5564=ORIENTED_EDGE('',*,*,#3960,.T.);
#5565=ORIENTED_EDGE('',*,*,#3961,.T.);
#5566=ORIENTED_EDGE('',*,*,#3962,.T.);
#5567=ORIENTED_EDGE('',*,*,#3963,.T.);
#5568=ORIENTED_EDGE('',*,*,#3964,.T.);
#5569=ORIENTED_EDGE('',*,*,#3865,.T.);
#5570=ORIENTED_EDGE('',*,*,#3869,.T.);
#5571=ORIENTED_EDGE('',*,*,#3872,.T.);
#5572=ORIENTED_EDGE('',*,*,#3875,.T.);
#5573=ORIENTED_EDGE('',*,*,#3878,.T.);
#5574=ORIENTED_EDGE('',*,*,#3850,.T.);
#5575=ORIENTED_EDGE('',*,*,#3854,.T.);
#5576=ORIENTED_EDGE('',*,*,#3857,.T.);
#5577=ORIENTED_EDGE('',*,*,#3860,.T.);
#5578=ORIENTED_EDGE('',*,*,#3863,.T.);
#5579=ORIENTED_EDGE('',*,*,#3754,.T.);
#5580=ORIENTED_EDGE('',*,*,#3758,.T.);
#5581=ORIENTED_EDGE('',*,*,#3761,.T.);
#5582=ORIENTED_EDGE('',*,*,#3764,.T.);
#5583=ORIENTED_EDGE('',*,*,#3767,.T.);
#5584=ORIENTED_EDGE('',*,*,#3770,.T.);
#5585=ORIENTED_EDGE('',*,*,#3712,.T.);
#5586=ORIENTED_EDGE('',*,*,#3716,.T.);
#5587=ORIENTED_EDGE('',*,*,#3719,.T.);
#5588=ORIENTED_EDGE('',*,*,#3722,.T.);
#5589=ORIENTED_EDGE('',*,*,#3725,.T.);
#5590=ORIENTED_EDGE('',*,*,#3728,.T.);
#5591=ORIENTED_EDGE('',*,*,#3731,.T.);
#5592=ORIENTED_EDGE('',*,*,#3610,.T.);
#5593=ORIENTED_EDGE('',*,*,#3614,.T.);
#5594=ORIENTED_EDGE('',*,*,#3617,.T.);
#5595=ORIENTED_EDGE('',*,*,#3442,.T.);
#5596=ORIENTED_EDGE('',*,*,#3446,.T.);
#5597=ORIENTED_EDGE('',*,*,#3449,.T.);
#5598=ORIENTED_EDGE('',*,*,#3452,.T.);
#5599=ORIENTED_EDGE('',*,*,#3455,.T.);
#5600=ORIENTED_EDGE('',*,*,#3458,.T.);
#5601=ORIENTED_EDGE('',*,*,#3461,.T.);
#5602=ORIENTED_EDGE('',*,*,#3307,.T.);
#5603=ORIENTED_EDGE('',*,*,#3311,.T.);
#5604=ORIENTED_EDGE('',*,*,#3314,.T.);
#5605=ORIENTED_EDGE('',*,*,#3317,.T.);
#5606=ORIENTED_EDGE('',*,*,#3320,.T.);
#5607=ORIENTED_EDGE('',*,*,#3323,.T.);
#5608=ORIENTED_EDGE('',*,*,#3965,.F.);
#5609=ORIENTED_EDGE('',*,*,#3966,.T.);
#5610=ORIENTED_EDGE('',*,*,#3967,.F.);
#5611=ORIENTED_EDGE('',*,*,#3968,.F.);
#5612=ORIENTED_EDGE('',*,*,#3969,.F.);
#5613=ORIENTED_EDGE('',*,*,#3968,.T.);
#5614=ORIENTED_EDGE('',*,*,#3970,.F.);
#5615=ORIENTED_EDGE('',*,*,#3971,.F.);
#5616=ORIENTED_EDGE('',*,*,#3972,.F.);
#5617=ORIENTED_EDGE('',*,*,#3971,.T.);
#5618=ORIENTED_EDGE('',*,*,#3973,.F.);
#5619=ORIENTED_EDGE('',*,*,#3974,.F.);
#5620=ORIENTED_EDGE('',*,*,#3975,.F.);
#5621=ORIENTED_EDGE('',*,*,#3974,.T.);
#5622=ORIENTED_EDGE('',*,*,#3976,.F.);
#5623=ORIENTED_EDGE('',*,*,#3966,.F.);
#5624=ORIENTED_EDGE('',*,*,#3976,.T.);
#5625=ORIENTED_EDGE('',*,*,#3973,.T.);
#5626=ORIENTED_EDGE('',*,*,#3970,.T.);
#5627=ORIENTED_EDGE('',*,*,#3967,.T.);
#5628=ORIENTED_EDGE('',*,*,#3977,.F.);
#5629=ORIENTED_EDGE('',*,*,#3978,.T.);
#5630=ORIENTED_EDGE('',*,*,#3979,.F.);
#5631=ORIENTED_EDGE('',*,*,#3980,.F.);
#5632=ORIENTED_EDGE('',*,*,#3981,.F.);
#5633=ORIENTED_EDGE('',*,*,#3980,.T.);
#5634=ORIENTED_EDGE('',*,*,#3982,.F.);
#5635=ORIENTED_EDGE('',*,*,#3983,.F.);
#5636=ORIENTED_EDGE('',*,*,#3984,.F.);
#5637=ORIENTED_EDGE('',*,*,#3983,.T.);
#5638=ORIENTED_EDGE('',*,*,#3985,.F.);
#5639=ORIENTED_EDGE('',*,*,#3986,.F.);
#5640=ORIENTED_EDGE('',*,*,#3987,.F.);
#5641=ORIENTED_EDGE('',*,*,#3986,.T.);
#5642=ORIENTED_EDGE('',*,*,#3988,.F.);
#5643=ORIENTED_EDGE('',*,*,#3978,.F.);
#5644=ORIENTED_EDGE('',*,*,#3988,.T.);
#5645=ORIENTED_EDGE('',*,*,#3985,.T.);
#5646=ORIENTED_EDGE('',*,*,#3982,.T.);
#5647=ORIENTED_EDGE('',*,*,#3979,.T.);
#5648=ORIENTED_EDGE('',*,*,#3989,.F.);
#5649=ORIENTED_EDGE('',*,*,#3990,.T.);
#5650=ORIENTED_EDGE('',*,*,#3991,.F.);
#5651=ORIENTED_EDGE('',*,*,#3992,.F.);
#5652=ORIENTED_EDGE('',*,*,#3993,.F.);
#5653=ORIENTED_EDGE('',*,*,#3992,.T.);
#5654=ORIENTED_EDGE('',*,*,#3994,.F.);
#5655=ORIENTED_EDGE('',*,*,#3995,.F.);
#5656=ORIENTED_EDGE('',*,*,#3996,.F.);
#5657=ORIENTED_EDGE('',*,*,#3995,.T.);
#5658=ORIENTED_EDGE('',*,*,#3997,.F.);
#5659=ORIENTED_EDGE('',*,*,#3998,.F.);
#5660=ORIENTED_EDGE('',*,*,#3999,.F.);
#5661=ORIENTED_EDGE('',*,*,#3998,.T.);
#5662=ORIENTED_EDGE('',*,*,#4000,.F.);
#5663=ORIENTED_EDGE('',*,*,#3990,.F.);
#5664=ORIENTED_EDGE('',*,*,#4000,.T.);
#5665=ORIENTED_EDGE('',*,*,#3997,.T.);
#5666=ORIENTED_EDGE('',*,*,#3994,.T.);
#5667=ORIENTED_EDGE('',*,*,#3991,.T.);
#5668=ORIENTED_EDGE('',*,*,#4001,.F.);
#5669=ORIENTED_EDGE('',*,*,#4002,.T.);
#5670=ORIENTED_EDGE('',*,*,#4003,.F.);
#5671=ORIENTED_EDGE('',*,*,#4004,.F.);
#5672=ORIENTED_EDGE('',*,*,#4005,.F.);
#5673=ORIENTED_EDGE('',*,*,#4004,.T.);
#5674=ORIENTED_EDGE('',*,*,#4006,.F.);
#5675=ORIENTED_EDGE('',*,*,#4007,.F.);
#5676=ORIENTED_EDGE('',*,*,#4008,.F.);
#5677=ORIENTED_EDGE('',*,*,#4007,.T.);
#5678=ORIENTED_EDGE('',*,*,#4009,.F.);
#5679=ORIENTED_EDGE('',*,*,#4010,.F.);
#5680=ORIENTED_EDGE('',*,*,#4011,.F.);
#5681=ORIENTED_EDGE('',*,*,#4010,.T.);
#5682=ORIENTED_EDGE('',*,*,#4012,.F.);
#5683=ORIENTED_EDGE('',*,*,#4002,.F.);
#5684=ORIENTED_EDGE('',*,*,#4012,.T.);
#5685=ORIENTED_EDGE('',*,*,#4009,.T.);
#5686=ORIENTED_EDGE('',*,*,#4006,.T.);
#5687=ORIENTED_EDGE('',*,*,#4003,.T.);
#5688=ORIENTED_EDGE('',*,*,#4013,.F.);
#5689=ORIENTED_EDGE('',*,*,#4014,.T.);
#5690=ORIENTED_EDGE('',*,*,#4015,.F.);
#5691=ORIENTED_EDGE('',*,*,#4016,.F.);
#5692=ORIENTED_EDGE('',*,*,#4017,.T.);
#5693=ORIENTED_EDGE('',*,*,#4018,.T.);
#5694=ORIENTED_EDGE('',*,*,#4019,.T.);
#5695=ORIENTED_EDGE('',*,*,#4015,.T.);
#5696=ORIENTED_EDGE('',*,*,#4020,.F.);
#5697=ORIENTED_EDGE('',*,*,#4021,.F.);
#5698=ORIENTED_EDGE('',*,*,#3919,.F.);
#5699=ORIENTED_EDGE('',*,*,#4022,.T.);
#5700=ORIENTED_EDGE('',*,*,#4023,.F.);
#5701=ORIENTED_EDGE('',*,*,#4022,.F.);
#5702=ORIENTED_EDGE('',*,*,#3918,.F.);
#5703=ORIENTED_EDGE('',*,*,#4024,.T.);
#5704=ORIENTED_EDGE('',*,*,#4025,.F.);
#5705=ORIENTED_EDGE('',*,*,#4024,.F.);
#5706=ORIENTED_EDGE('',*,*,#3917,.F.);
#5707=ORIENTED_EDGE('',*,*,#4026,.T.);
#5708=ORIENTED_EDGE('',*,*,#4027,.F.);
#5709=ORIENTED_EDGE('',*,*,#4026,.F.);
#5710=ORIENTED_EDGE('',*,*,#3920,.F.);
#5711=ORIENTED_EDGE('',*,*,#4021,.T.);
#5712=ORIENTED_EDGE('',*,*,#4028,.F.);
#5713=ORIENTED_EDGE('',*,*,#4029,.F.);
#5714=ORIENTED_EDGE('',*,*,#3923,.F.);
#5715=ORIENTED_EDGE('',*,*,#4030,.T.);
#5716=ORIENTED_EDGE('',*,*,#4031,.F.);
#5717=ORIENTED_EDGE('',*,*,#4030,.F.);
#5718=ORIENTED_EDGE('',*,*,#3922,.F.);
#5719=ORIENTED_EDGE('',*,*,#4032,.T.);
#5720=ORIENTED_EDGE('',*,*,#4033,.F.);
#5721=ORIENTED_EDGE('',*,*,#4032,.F.);
#5722=ORIENTED_EDGE('',*,*,#3921,.F.);
#5723=ORIENTED_EDGE('',*,*,#4034,.T.);
#5724=ORIENTED_EDGE('',*,*,#4035,.F.);
#5725=ORIENTED_EDGE('',*,*,#4034,.F.);
#5726=ORIENTED_EDGE('',*,*,#3924,.F.);
#5727=ORIENTED_EDGE('',*,*,#4029,.T.);
#5728=ORIENTED_EDGE('',*,*,#4036,.F.);
#5729=ORIENTED_EDGE('',*,*,#4037,.F.);
#5730=ORIENTED_EDGE('',*,*,#3927,.F.);
#5731=ORIENTED_EDGE('',*,*,#4038,.T.);
#5732=ORIENTED_EDGE('',*,*,#4039,.F.);
#5733=ORIENTED_EDGE('',*,*,#4038,.F.);
#5734=ORIENTED_EDGE('',*,*,#3926,.F.);
#5735=ORIENTED_EDGE('',*,*,#4040,.T.);
#5736=ORIENTED_EDGE('',*,*,#4041,.F.);
#5737=ORIENTED_EDGE('',*,*,#4040,.F.);
#5738=ORIENTED_EDGE('',*,*,#3925,.F.);
#5739=ORIENTED_EDGE('',*,*,#4042,.T.);
#5740=ORIENTED_EDGE('',*,*,#4043,.F.);
#5741=ORIENTED_EDGE('',*,*,#4042,.F.);
#5742=ORIENTED_EDGE('',*,*,#3928,.F.);
#5743=ORIENTED_EDGE('',*,*,#4037,.T.);
#5744=ORIENTED_EDGE('',*,*,#4044,.F.);
#5745=ORIENTED_EDGE('',*,*,#4045,.F.);
#5746=ORIENTED_EDGE('',*,*,#3931,.F.);
#5747=ORIENTED_EDGE('',*,*,#4046,.T.);
#5748=ORIENTED_EDGE('',*,*,#4047,.F.);
#5749=ORIENTED_EDGE('',*,*,#4046,.F.);
#5750=ORIENTED_EDGE('',*,*,#3930,.F.);
#5751=ORIENTED_EDGE('',*,*,#4048,.T.);
#5752=ORIENTED_EDGE('',*,*,#4049,.F.);
#5753=ORIENTED_EDGE('',*,*,#4048,.F.);
#5754=ORIENTED_EDGE('',*,*,#3929,.F.);
#5755=ORIENTED_EDGE('',*,*,#4050,.T.);
#5756=ORIENTED_EDGE('',*,*,#4051,.F.);
#5757=ORIENTED_EDGE('',*,*,#4050,.F.);
#5758=ORIENTED_EDGE('',*,*,#3932,.F.);
#5759=ORIENTED_EDGE('',*,*,#4045,.T.);
#5760=ORIENTED_EDGE('',*,*,#4052,.F.);
#5761=ORIENTED_EDGE('',*,*,#4053,.F.);
#5762=ORIENTED_EDGE('',*,*,#3935,.F.);
#5763=ORIENTED_EDGE('',*,*,#4054,.T.);
#5764=ORIENTED_EDGE('',*,*,#4055,.F.);
#5765=ORIENTED_EDGE('',*,*,#4054,.F.);
#5766=ORIENTED_EDGE('',*,*,#3934,.F.);
#5767=ORIENTED_EDGE('',*,*,#4056,.T.);
#5768=ORIENTED_EDGE('',*,*,#4057,.F.);
#5769=ORIENTED_EDGE('',*,*,#4056,.F.);
#5770=ORIENTED_EDGE('',*,*,#3933,.F.);
#5771=ORIENTED_EDGE('',*,*,#4058,.T.);
#5772=ORIENTED_EDGE('',*,*,#4059,.F.);
#5773=ORIENTED_EDGE('',*,*,#4058,.F.);
#5774=ORIENTED_EDGE('',*,*,#3936,.F.);
#5775=ORIENTED_EDGE('',*,*,#4053,.T.);
#5776=ORIENTED_EDGE('',*,*,#4060,.F.);
#5777=ORIENTED_EDGE('',*,*,#4061,.F.);
#5778=ORIENTED_EDGE('',*,*,#3939,.F.);
#5779=ORIENTED_EDGE('',*,*,#4062,.T.);
#5780=ORIENTED_EDGE('',*,*,#4063,.F.);
#5781=ORIENTED_EDGE('',*,*,#4062,.F.);
#5782=ORIENTED_EDGE('',*,*,#3938,.F.);
#5783=ORIENTED_EDGE('',*,*,#4064,.T.);
#5784=ORIENTED_EDGE('',*,*,#4065,.F.);
#5785=ORIENTED_EDGE('',*,*,#4064,.F.);
#5786=ORIENTED_EDGE('',*,*,#3937,.F.);
#5787=ORIENTED_EDGE('',*,*,#4066,.T.);
#5788=ORIENTED_EDGE('',*,*,#4067,.F.);
#5789=ORIENTED_EDGE('',*,*,#4066,.F.);
#5790=ORIENTED_EDGE('',*,*,#3940,.F.);
#5791=ORIENTED_EDGE('',*,*,#4061,.T.);
#5792=ORIENTED_EDGE('',*,*,#4068,.F.);
#5793=ORIENTED_EDGE('',*,*,#4069,.F.);
#5794=ORIENTED_EDGE('',*,*,#3943,.F.);
#5795=ORIENTED_EDGE('',*,*,#4070,.T.);
#5796=ORIENTED_EDGE('',*,*,#4071,.F.);
#5797=ORIENTED_EDGE('',*,*,#4070,.F.);
#5798=ORIENTED_EDGE('',*,*,#3942,.F.);
#5799=ORIENTED_EDGE('',*,*,#4072,.T.);
#5800=ORIENTED_EDGE('',*,*,#4073,.F.);
#5801=ORIENTED_EDGE('',*,*,#4072,.F.);
#5802=ORIENTED_EDGE('',*,*,#3941,.F.);
#5803=ORIENTED_EDGE('',*,*,#4074,.T.);
#5804=ORIENTED_EDGE('',*,*,#4075,.F.);
#5805=ORIENTED_EDGE('',*,*,#4074,.F.);
#5806=ORIENTED_EDGE('',*,*,#3944,.F.);
#5807=ORIENTED_EDGE('',*,*,#4069,.T.);
#5808=ORIENTED_EDGE('',*,*,#4076,.F.);
#5809=ORIENTED_EDGE('',*,*,#4077,.F.);
#5810=ORIENTED_EDGE('',*,*,#3947,.F.);
#5811=ORIENTED_EDGE('',*,*,#4078,.T.);
#5812=ORIENTED_EDGE('',*,*,#4079,.F.);
#5813=ORIENTED_EDGE('',*,*,#4078,.F.);
#5814=ORIENTED_EDGE('',*,*,#3946,.F.);
#5815=ORIENTED_EDGE('',*,*,#4080,.T.);
#5816=ORIENTED_EDGE('',*,*,#4081,.F.);
#5817=ORIENTED_EDGE('',*,*,#4080,.F.);
#5818=ORIENTED_EDGE('',*,*,#3945,.F.);
#5819=ORIENTED_EDGE('',*,*,#4082,.T.);
#5820=ORIENTED_EDGE('',*,*,#4083,.F.);
#5821=ORIENTED_EDGE('',*,*,#4082,.F.);
#5822=ORIENTED_EDGE('',*,*,#3948,.F.);
#5823=ORIENTED_EDGE('',*,*,#4077,.T.);
#5824=ORIENTED_EDGE('',*,*,#4084,.F.);
#5825=ORIENTED_EDGE('',*,*,#4085,.F.);
#5826=ORIENTED_EDGE('',*,*,#3951,.F.);
#5827=ORIENTED_EDGE('',*,*,#4086,.T.);
#5828=ORIENTED_EDGE('',*,*,#4087,.F.);
#5829=ORIENTED_EDGE('',*,*,#4086,.F.);
#5830=ORIENTED_EDGE('',*,*,#3950,.F.);
#5831=ORIENTED_EDGE('',*,*,#4088,.T.);
#5832=ORIENTED_EDGE('',*,*,#4089,.F.);
#5833=ORIENTED_EDGE('',*,*,#4088,.F.);
#5834=ORIENTED_EDGE('',*,*,#3949,.F.);
#5835=ORIENTED_EDGE('',*,*,#4090,.T.);
#5836=ORIENTED_EDGE('',*,*,#4091,.F.);
#5837=ORIENTED_EDGE('',*,*,#4090,.F.);
#5838=ORIENTED_EDGE('',*,*,#3952,.F.);
#5839=ORIENTED_EDGE('',*,*,#4085,.T.);
#5840=ORIENTED_EDGE('',*,*,#4092,.F.);
#5841=ORIENTED_EDGE('',*,*,#4093,.F.);
#5842=ORIENTED_EDGE('',*,*,#3955,.F.);
#5843=ORIENTED_EDGE('',*,*,#4094,.T.);
#5844=ORIENTED_EDGE('',*,*,#4095,.F.);
#5845=ORIENTED_EDGE('',*,*,#4094,.F.);
#5846=ORIENTED_EDGE('',*,*,#3954,.F.);
#5847=ORIENTED_EDGE('',*,*,#4096,.T.);
#5848=ORIENTED_EDGE('',*,*,#4097,.F.);
#5849=ORIENTED_EDGE('',*,*,#4096,.F.);
#5850=ORIENTED_EDGE('',*,*,#3953,.F.);
#5851=ORIENTED_EDGE('',*,*,#4098,.T.);
#5852=ORIENTED_EDGE('',*,*,#4099,.F.);
#5853=ORIENTED_EDGE('',*,*,#4098,.F.);
#5854=ORIENTED_EDGE('',*,*,#3956,.F.);
#5855=ORIENTED_EDGE('',*,*,#4093,.T.);
#5856=ORIENTED_EDGE('',*,*,#4100,.F.);
#5857=ORIENTED_EDGE('',*,*,#4101,.F.);
#5858=ORIENTED_EDGE('',*,*,#3959,.F.);
#5859=ORIENTED_EDGE('',*,*,#4102,.T.);
#5860=ORIENTED_EDGE('',*,*,#4103,.F.);
#5861=ORIENTED_EDGE('',*,*,#4102,.F.);
#5862=ORIENTED_EDGE('',*,*,#3958,.F.);
#5863=ORIENTED_EDGE('',*,*,#4104,.T.);
#5864=ORIENTED_EDGE('',*,*,#4105,.F.);
#5865=ORIENTED_EDGE('',*,*,#4104,.F.);
#5866=ORIENTED_EDGE('',*,*,#3957,.F.);
#5867=ORIENTED_EDGE('',*,*,#4106,.T.);
#5868=ORIENTED_EDGE('',*,*,#4107,.F.);
#5869=ORIENTED_EDGE('',*,*,#4106,.F.);
#5870=ORIENTED_EDGE('',*,*,#3960,.F.);
#5871=ORIENTED_EDGE('',*,*,#4101,.T.);
#5872=ORIENTED_EDGE('',*,*,#4108,.F.);
#5873=ORIENTED_EDGE('',*,*,#4109,.F.);
#5874=ORIENTED_EDGE('',*,*,#3963,.F.);
#5875=ORIENTED_EDGE('',*,*,#4110,.T.);
#5876=ORIENTED_EDGE('',*,*,#4111,.F.);
#5877=ORIENTED_EDGE('',*,*,#4110,.F.);
#5878=ORIENTED_EDGE('',*,*,#3962,.F.);
#5879=ORIENTED_EDGE('',*,*,#4112,.T.);
#5880=ORIENTED_EDGE('',*,*,#4113,.F.);
#5881=ORIENTED_EDGE('',*,*,#4112,.F.);
#5882=ORIENTED_EDGE('',*,*,#3961,.F.);
#5883=ORIENTED_EDGE('',*,*,#4114,.T.);
#5884=ORIENTED_EDGE('',*,*,#4115,.F.);
#5885=ORIENTED_EDGE('',*,*,#4114,.F.);
#5886=ORIENTED_EDGE('',*,*,#3964,.F.);
#5887=ORIENTED_EDGE('',*,*,#4109,.T.);
#5888=ORIENTED_EDGE('',*,*,#3193,.T.);
#5889=ORIENTED_EDGE('',*,*,#3197,.T.);
#5890=ORIENTED_EDGE('',*,*,#3200,.T.);
#5891=ORIENTED_EDGE('',*,*,#3203,.T.);
#5892=ORIENTED_EDGE('',*,*,#3206,.T.);
#5893=ORIENTED_EDGE('',*,*,#3209,.T.);
#5894=ORIENTED_EDGE('',*,*,#3212,.T.);
#5895=ORIENTED_EDGE('',*,*,#4116,.T.);
#5896=ORIENTED_EDGE('',*,*,#3916,.T.);
#5897=ORIENTED_EDGE('',*,*,#4117,.F.);
#5898=ORIENTED_EDGE('',*,*,#4118,.F.);
#5899=ORIENTED_EDGE('',*,*,#4013,.T.);
#5900=ORIENTED_EDGE('',*,*,#4119,.T.);
#5901=ORIENTED_EDGE('',*,*,#4118,.T.);
#5902=ORIENTED_EDGE('',*,*,#4120,.F.);
#5903=ORIENTED_EDGE('',*,*,#4025,.T.);
#5904=ORIENTED_EDGE('',*,*,#4027,.T.);
#5905=ORIENTED_EDGE('',*,*,#4020,.T.);
#5906=ORIENTED_EDGE('',*,*,#4023,.T.);
#5907=ORIENTED_EDGE('',*,*,#4033,.T.);
#5908=ORIENTED_EDGE('',*,*,#4035,.T.);
#5909=ORIENTED_EDGE('',*,*,#4028,.T.);
#5910=ORIENTED_EDGE('',*,*,#4031,.T.);
#5911=ORIENTED_EDGE('',*,*,#4041,.T.);
#5912=ORIENTED_EDGE('',*,*,#4043,.T.);
#5913=ORIENTED_EDGE('',*,*,#4036,.T.);
#5914=ORIENTED_EDGE('',*,*,#4039,.T.);
#5915=ORIENTED_EDGE('',*,*,#4049,.T.);
#5916=ORIENTED_EDGE('',*,*,#4051,.T.);
#5917=ORIENTED_EDGE('',*,*,#4044,.T.);
#5918=ORIENTED_EDGE('',*,*,#4047,.T.);
#5919=ORIENTED_EDGE('',*,*,#4057,.T.);
#5920=ORIENTED_EDGE('',*,*,#4059,.T.);
#5921=ORIENTED_EDGE('',*,*,#4052,.T.);
#5922=ORIENTED_EDGE('',*,*,#4055,.T.);
#5923=ORIENTED_EDGE('',*,*,#4065,.T.);
#5924=ORIENTED_EDGE('',*,*,#4067,.T.);
#5925=ORIENTED_EDGE('',*,*,#4060,.T.);
#5926=ORIENTED_EDGE('',*,*,#4063,.T.);
#5927=ORIENTED_EDGE('',*,*,#4073,.T.);
#5928=ORIENTED_EDGE('',*,*,#4075,.T.);
#5929=ORIENTED_EDGE('',*,*,#4068,.T.);
#5930=ORIENTED_EDGE('',*,*,#4071,.T.);
#5931=ORIENTED_EDGE('',*,*,#4081,.T.);
#5932=ORIENTED_EDGE('',*,*,#4083,.T.);
#5933=ORIENTED_EDGE('',*,*,#4076,.T.);
#5934=ORIENTED_EDGE('',*,*,#4079,.T.);
#5935=ORIENTED_EDGE('',*,*,#4089,.T.);
#5936=ORIENTED_EDGE('',*,*,#4091,.T.);
#5937=ORIENTED_EDGE('',*,*,#4084,.T.);
#5938=ORIENTED_EDGE('',*,*,#4087,.T.);
#5939=ORIENTED_EDGE('',*,*,#4097,.T.);
#5940=ORIENTED_EDGE('',*,*,#4099,.T.);
#5941=ORIENTED_EDGE('',*,*,#4092,.T.);
#5942=ORIENTED_EDGE('',*,*,#4095,.T.);
#5943=ORIENTED_EDGE('',*,*,#4105,.T.);
#5944=ORIENTED_EDGE('',*,*,#4107,.T.);
#5945=ORIENTED_EDGE('',*,*,#4100,.T.);
#5946=ORIENTED_EDGE('',*,*,#4103,.T.);
#5947=ORIENTED_EDGE('',*,*,#4113,.T.);
#5948=ORIENTED_EDGE('',*,*,#4115,.T.);
#5949=ORIENTED_EDGE('',*,*,#4108,.T.);
#5950=ORIENTED_EDGE('',*,*,#4111,.T.);
#5951=ORIENTED_EDGE('',*,*,#4121,.T.);
#5952=ORIENTED_EDGE('',*,*,#4018,.F.);
#5953=ORIENTED_EDGE('',*,*,#4122,.F.);
#5954=ORIENTED_EDGE('',*,*,#3914,.F.);
#5955=ORIENTED_EDGE('',*,*,#4122,.T.);
#5956=ORIENTED_EDGE('',*,*,#4017,.F.);
#5957=ORIENTED_EDGE('',*,*,#4014,.F.);
#5958=ORIENTED_EDGE('',*,*,#4120,.T.);
#5959=ORIENTED_EDGE('',*,*,#4117,.T.);
#5960=ORIENTED_EDGE('',*,*,#3915,.T.);
#5961=ORIENTED_EDGE('',*,*,#3965,.T.);
#5962=ORIENTED_EDGE('',*,*,#3969,.T.);
#5963=ORIENTED_EDGE('',*,*,#3972,.T.);
#5964=ORIENTED_EDGE('',*,*,#3975,.T.);
#5965=ORIENTED_EDGE('',*,*,#3977,.T.);
#5966=ORIENTED_EDGE('',*,*,#3981,.T.);
#5967=ORIENTED_EDGE('',*,*,#3984,.T.);
#5968=ORIENTED_EDGE('',*,*,#3987,.T.);
#5969=ORIENTED_EDGE('',*,*,#4121,.F.);
#5970=ORIENTED_EDGE('',*,*,#3913,.F.);
#5971=ORIENTED_EDGE('',*,*,#4116,.F.);
#5972=ORIENTED_EDGE('',*,*,#4119,.F.);
#5973=ORIENTED_EDGE('',*,*,#4016,.T.);
#5974=ORIENTED_EDGE('',*,*,#4019,.F.);
#5975=ORIENTED_EDGE('',*,*,#3989,.T.);
#5976=ORIENTED_EDGE('',*,*,#3993,.T.);
#5977=ORIENTED_EDGE('',*,*,#3996,.T.);
#5978=ORIENTED_EDGE('',*,*,#3999,.T.);
#5979=ORIENTED_EDGE('',*,*,#4001,.T.);
#5980=ORIENTED_EDGE('',*,*,#4005,.T.);
#5981=ORIENTED_EDGE('',*,*,#4008,.T.);
#5982=ORIENTED_EDGE('',*,*,#4011,.T.);
#5983=B_SPLINE_SURFACE_WITH_KNOTS('',2,1,((#7715,#7716),(#7717,#7718),(#7719,
#7720),(#7721,#7722)),.UNSPECIFIED.,.F.,.F.,.F.,(3,1,3),(2,2),(-2.,-1.,
0.),(0.,0.2),.UNSPECIFIED.);
#5984=B_SPLINE_SURFACE_WITH_KNOTS('',2,1,((#7737,#7738),(#7739,#7740),(#7741,
#7742),(#7743,#7744)),.UNSPECIFIED.,.F.,.F.,.F.,(3,1,3),(2,2),(-2.,-1.,
0.),(0.,0.2),.UNSPECIFIED.);
#5985=B_SPLINE_SURFACE_WITH_KNOTS('',2,1,((#7756,#7757),(#7758,#7759),(#7760,
#7761),(#7762,#7763)),.UNSPECIFIED.,.F.,.F.,.F.,(3,1,3),(2,2),(-2.,-1.,
0.),(0.,0.2),.UNSPECIFIED.);
#5986=B_SPLINE_SURFACE_WITH_KNOTS('',2,1,((#7775,#7776),(#7777,#7778),(#7779,
#7780),(#7781,#7782)),.UNSPECIFIED.,.F.,.F.,.F.,(3,1,3),(2,2),(-2.,-1.,
0.),(0.,0.2),.UNSPECIFIED.);
#5987=B_SPLINE_SURFACE_WITH_KNOTS('',2,1,((#7794,#7795),(#7796,#7797),(#7798,
#7799),(#7800,#7801)),.UNSPECIFIED.,.F.,.F.,.F.,(3,1,3),(2,2),(-2.,-1.,
0.),(0.,0.2),.UNSPECIFIED.);
#5988=B_SPLINE_SURFACE_WITH_KNOTS('',2,1,((#7813,#7814),(#7815,#7816),(#7817,
#7818),(#7819,#7820)),.UNSPECIFIED.,.F.,.F.,.F.,(3,1,3),(2,2),(-2.,-1.,
0.),(0.,0.2),.UNSPECIFIED.);
#5989=B_SPLINE_SURFACE_WITH_KNOTS('',2,1,((#7832,#7833),(#7834,#7835),(#7836,
#7837),(#7838,#7839)),.UNSPECIFIED.,.F.,.F.,.F.,(3,1,3),(2,2),(-2.,-1.,
0.),(0.,0.2),.UNSPECIFIED.);
#5990=B_SPLINE_SURFACE_WITH_KNOTS('',2,1,((#7848,#7849),(#7850,#7851),(#7852,
#7853),(#7854,#7855)),.UNSPECIFIED.,.F.,.F.,.F.,(3,1,3),(2,2),(0.,1.,2.),
(0.,0.2),.UNSPECIFIED.);
#5991=B_SPLINE_SURFACE_WITH_KNOTS('',2,1,((#7870,#7871),(#7872,#7873),(#7874,
#7875),(#7876,#7877)),.UNSPECIFIED.,.F.,.F.,.F.,(3,1,3),(2,2),(0.,1.,2.),
(0.,0.2),.UNSPECIFIED.);
#5992=B_SPLINE_SURFACE_WITH_KNOTS('',2,1,((#7889,#7890),(#7891,#7892),(#7893,
#7894),(#7895,#7896)),.UNSPECIFIED.,.F.,.F.,.F.,(3,1,3),(2,2),(0.,1.,2.),
(0.,0.2),.UNSPECIFIED.);
#5993=B_SPLINE_SURFACE_WITH_KNOTS('',2,1,((#7908,#7909),(#7910,#7911),(#7912,
#7913),(#7914,#7915)),.UNSPECIFIED.,.F.,.F.,.F.,(3,1,3),(2,2),(0.,1.,2.),
(0.,0.2),.UNSPECIFIED.);
#5994=B_SPLINE_SURFACE_WITH_KNOTS('',2,1,((#7927,#7928),(#7929,#7930),(#7931,
#7932),(#7933,#7934)),.UNSPECIFIED.,.F.,.F.,.F.,(3,1,3),(2,2),(0.,1.,2.),
(0.,0.2),.UNSPECIFIED.);
#5995=B_SPLINE_SURFACE_WITH_KNOTS('',2,1,((#7958,#7959),(#7960,#7961),(#7962,
#7963),(#7964,#7965)),.UNSPECIFIED.,.F.,.F.,.F.,(3,1,3),(2,2),(0.,1.,2.),
(0.,0.2),.UNSPECIFIED.);
#5996=B_SPLINE_SURFACE_WITH_KNOTS('',2,1,((#7977,#7978),(#7979,#7980),(#7981,
#7982),(#7983,#7984)),.UNSPECIFIED.,.F.,.F.,.F.,(3,1,3),(2,2),(0.,1.,2.),
(0.,0.2),.UNSPECIFIED.);
#5997=B_SPLINE_SURFACE_WITH_KNOTS('',2,1,((#7996,#7997),(#7998,#7999),(#8000,
#8001),(#8002,#8003)),.UNSPECIFIED.,.F.,.F.,.F.,(3,1,3),(2,2),(0.,1.,2.),
(0.,0.2),.UNSPECIFIED.);
#5998=B_SPLINE_SURFACE_WITH_KNOTS('',2,1,((#8015,#8016),(#8017,#8018),(#8019,
#8020),(#8021,#8022)),.UNSPECIFIED.,.F.,.F.,.F.,(3,1,3),(2,2),(0.,1.,2.),
(0.,0.2),.UNSPECIFIED.);
#5999=B_SPLINE_SURFACE_WITH_KNOTS('',2,1,((#8034,#8035),(#8036,#8037),(#8038,
#8039),(#8040,#8041)),.UNSPECIFIED.,.F.,.F.,.F.,(3,1,3),(2,2),(0.,1.,2.),
(0.,0.2),.UNSPECIFIED.);
#6000=B_SPLINE_SURFACE_WITH_KNOTS('',2,1,((#8053,#8054),(#8055,#8056),(#8057,
#8058),(#8059,#8060)),.UNSPECIFIED.,.F.,.F.,.F.,(3,1,3),(2,2),(0.,1.,2.),
(0.,0.2),.UNSPECIFIED.);
#6001=B_SPLINE_SURFACE_WITH_KNOTS('',2,1,((#8072,#8073),(#8074,#8075),(#8076,
#8077),(#8078,#8079)),.UNSPECIFIED.,.F.,.F.,.F.,(3,1,3),(2,2),(0.,1.,2.),
(0.,0.2),.UNSPECIFIED.);
#6002=B_SPLINE_SURFACE_WITH_KNOTS('',2,1,((#8104,#8105),(#8106,#8107),(#8108,
#8109),(#8110,#8111)),.UNSPECIFIED.,.F.,.F.,.F.,(3,1,3),(2,2),(0.,1.,2.),
(0.,0.2),.UNSPECIFIED.);
#6003=B_SPLINE_SURFACE_WITH_KNOTS('',2,1,((#8123,#8124),(#8125,#8126),(#8127,
#8128),(#8129,#8130)),.UNSPECIFIED.,.F.,.F.,.F.,(3,1,3),(2,2),(0.,1.,2.),
(0.,0.2),.UNSPECIFIED.);
#6004=B_SPLINE_SURFACE_WITH_KNOTS('',2,1,((#8142,#8143),(#8144,#8145),(#8146,
#8147),(#8148,#8149)),.UNSPECIFIED.,.F.,.F.,.F.,(3,1,3),(2,2),(0.,1.,2.),
(0.,0.2),.UNSPECIFIED.);
#6005=B_SPLINE_SURFACE_WITH_KNOTS('',2,1,((#8161,#8162),(#8163,#8164),(#8165,
#8166),(#8167,#8168)),.UNSPECIFIED.,.F.,.F.,.F.,(3,1,3),(2,2),(0.,1.,2.),
(0.,0.2),.UNSPECIFIED.);
#6006=B_SPLINE_SURFACE_WITH_KNOTS('',2,1,((#8180,#8181),(#8182,#8183),(#8184,
#8185),(#8186,#8187)),.UNSPECIFIED.,.F.,.F.,.F.,(3,1,3),(2,2),(0.,1.,2.),
(0.,0.2),.UNSPECIFIED.);
#6007=B_SPLINE_SURFACE_WITH_KNOTS('',2,1,((#8211,#8212),(#8213,#8214),(#8215,
#8216),(#8217,#8218)),.UNSPECIFIED.,.F.,.F.,.F.,(3,1,3),(2,2),(0.,1.,2.),
(0.,0.2),.UNSPECIFIED.);
#6008=B_SPLINE_SURFACE_WITH_KNOTS('',2,1,((#8230,#8231),(#8232,#8233),(#8234,
#8235),(#8236,#8237)),.UNSPECIFIED.,.F.,.F.,.F.,(3,1,3),(2,2),(0.,1.,2.),
(0.,0.2),.UNSPECIFIED.);
#6009=B_SPLINE_SURFACE_WITH_KNOTS('',2,1,((#8249,#8250),(#8251,#8252),(#8253,
#8254),(#8255,#8256)),.UNSPECIFIED.,.F.,.F.,.F.,(3,1,3),(2,2),(0.,1.,2.),
(0.,0.2),.UNSPECIFIED.);
#6010=B_SPLINE_SURFACE_WITH_KNOTS('',2,1,((#8268,#8269),(#8270,#8271),(#8272,
#8273),(#8274,#8275)),.UNSPECIFIED.,.F.,.F.,.F.,(3,1,3),(2,2),(0.,1.,2.),
(0.,0.2),.UNSPECIFIED.);
#6011=B_SPLINE_SURFACE_WITH_KNOTS('',2,1,((#8287,#8288),(#8289,#8290),(#8291,
#8292),(#8293,#8294)),.UNSPECIFIED.,.F.,.F.,.F.,(3,1,3),(2,2),(0.,1.,2.),
(0.,0.2),.UNSPECIFIED.);
#6012=B_SPLINE_SURFACE_WITH_KNOTS('',2,1,((#8306,#8307),(#8308,#8309),(#8310,
#8311),(#8312,#8313)),.UNSPECIFIED.,.F.,.F.,.F.,(3,1,3),(2,2),(0.,1.,2.),
(0.,0.2),.UNSPECIFIED.);
#6013=B_SPLINE_SURFACE_WITH_KNOTS('',2,1,((#8335,#8336),(#8337,#8338),(#8339,
#8340),(#8341,#8342)),.UNSPECIFIED.,.F.,.F.,.F.,(3,1,3),(2,2),(-2.,-1.,
0.),(0.,0.2),.UNSPECIFIED.);
#6014=B_SPLINE_SURFACE_WITH_KNOTS('',2,1,((#8357,#8358),(#8359,#8360),(#8361,
#8362),(#8363,#8364)),.UNSPECIFIED.,.F.,.F.,.F.,(3,1,3),(2,2),(-2.,-1.,
0.),(0.,0.2),.UNSPECIFIED.);
#6015=B_SPLINE_SURFACE_WITH_KNOTS('',2,1,((#8376,#8377),(#8378,#8379),(#8380,
#8381),(#8382,#8383)),.UNSPECIFIED.,.F.,.F.,.F.,(3,1,3),(2,2),(-2.,-1.,
0.),(0.,0.2),.UNSPECIFIED.);
#6016=B_SPLINE_SURFACE_WITH_KNOTS('',2,1,((#8395,#8396),(#8397,#8398),(#8399,
#8400),(#8401,#8402)),.UNSPECIFIED.,.F.,.F.,.F.,(3,1,3),(2,2),(-2.,-1.,
0.),(0.,0.2),.UNSPECIFIED.);
#6017=B_SPLINE_SURFACE_WITH_KNOTS('',2,1,((#8414,#8415),(#8416,#8417),(#8418,
#8419),(#8420,#8421)),.UNSPECIFIED.,.F.,.F.,.F.,(3,1,3),(2,2),(-2.,-1.,
0.),(0.,0.2),.UNSPECIFIED.);
#6018=B_SPLINE_SURFACE_WITH_KNOTS('',2,1,((#8433,#8434),(#8435,#8436),(#8437,
#8438),(#8439,#8440)),.UNSPECIFIED.,.F.,.F.,.F.,(3,1,3),(2,2),(-2.,-1.,
0.),(0.,0.2),.UNSPECIFIED.);
#6019=B_SPLINE_SURFACE_WITH_KNOTS('',2,1,((#8464,#8465),(#8466,#8467),(#8468,
#8469),(#8470,#8471)),.UNSPECIFIED.,.F.,.F.,.F.,(3,1,3),(2,2),(0.,1.,2.),
(0.,0.2),.UNSPECIFIED.);
#6020=B_SPLINE_SURFACE_WITH_KNOTS('',2,1,((#8483,#8484),(#8485,#8486),(#8487,
#8488),(#8489,#8490)),.UNSPECIFIED.,.F.,.F.,.F.,(3,1,3),(2,2),(0.,1.,2.),
(0.,0.2),.UNSPECIFIED.);
#6021=B_SPLINE_SURFACE_WITH_KNOTS('',2,1,((#8502,#8503),(#8504,#8505),(#8506,
#8507),(#8508,#8509)),.UNSPECIFIED.,.F.,.F.,.F.,(3,1,3),(2,2),(0.,1.,2.),
(0.,0.2),.UNSPECIFIED.);
#6022=B_SPLINE_SURFACE_WITH_KNOTS('',2,1,((#8521,#8522),(#8523,#8524),(#8525,
#8526),(#8527,#8528)),.UNSPECIFIED.,.F.,.F.,.F.,(3,1,3),(2,2),(0.,1.,2.),
(0.,0.2),.UNSPECIFIED.);
#6023=B_SPLINE_SURFACE_WITH_KNOTS('',2,1,((#8540,#8541),(#8542,#8543),(#8544,
#8545),(#8546,#8547)),.UNSPECIFIED.,.F.,.F.,.F.,(3,1,3),(2,2),(0.,1.,2.),
(0.,0.2),.UNSPECIFIED.);
#6024=B_SPLINE_SURFACE_WITH_KNOTS('',2,1,((#8559,#8560),(#8561,#8562),(#8563,
#8564),(#8565,#8566)),.UNSPECIFIED.,.F.,.F.,.F.,(3,1,3),(2,2),(0.,1.,2.),
(0.,0.2),.UNSPECIFIED.);
#6025=B_SPLINE_SURFACE_WITH_KNOTS('',2,1,((#8578,#8579),(#8580,#8581),(#8582,
#8583),(#8584,#8585)),.UNSPECIFIED.,.F.,.F.,.F.,(3,1,3),(2,2),(0.,1.,2.),
(0.,0.2),.UNSPECIFIED.);
#6026=B_SPLINE_SURFACE_WITH_KNOTS('',2,1,((#8597,#8598),(#8599,#8600),(#8601,
#8602),(#8603,#8604)),.UNSPECIFIED.,.F.,.F.,.F.,(3,1,3),(2,2),(0.,1.,2.),
(0.,0.2),.UNSPECIFIED.);
#6027=B_SPLINE_SURFACE_WITH_KNOTS('',2,1,((#8616,#8617),(#8618,#8619),(#8620,
#8621),(#8622,#8623)),.UNSPECIFIED.,.F.,.F.,.F.,(3,1,3),(2,2),(0.,1.,2.),
(0.,0.2),.UNSPECIFIED.);
#6028=B_SPLINE_SURFACE_WITH_KNOTS('',2,1,((#8635,#8636),(#8637,#8638),(#8639,
#8640),(#8641,#8642)),.UNSPECIFIED.,.F.,.F.,.F.,(3,1,3),(2,2),(0.,1.,2.),
(0.,0.2),.UNSPECIFIED.);
#6029=B_SPLINE_SURFACE_WITH_KNOTS('',2,1,((#8663,#8664),(#8665,#8666),(#8667,
#8668),(#8669,#8670)),.UNSPECIFIED.,.F.,.F.,.F.,(3,1,3),(2,2),(0.,1.,2.),
(0.,0.2),.UNSPECIFIED.);
#6030=B_SPLINE_SURFACE_WITH_KNOTS('',2,1,((#8682,#8683),(#8684,#8685),(#8686,
#8687),(#8688,#8689)),.UNSPECIFIED.,.F.,.F.,.F.,(3,1,3),(2,2),(0.,1.,2.),
(0.,0.2),.UNSPECIFIED.);
#6031=B_SPLINE_SURFACE_WITH_KNOTS('',2,1,((#8757,#8758),(#8759,#8760),(#8761,
#8762),(#8763,#8764)),.UNSPECIFIED.,.F.,.F.,.F.,(3,1,3),(2,2),(0.,1.,2.),
(0.,0.2),.UNSPECIFIED.);
#6032=B_SPLINE_SURFACE_WITH_KNOTS('',2,1,((#8776,#8777),(#8778,#8779),(#8780,
#8781),(#8782,#8783)),.UNSPECIFIED.,.F.,.F.,.F.,(3,1,3),(2,2),(0.,1.,2.),
(0.,0.2),.UNSPECIFIED.);
#6033=B_SPLINE_SURFACE_WITH_KNOTS('',2,1,((#8795,#8796),(#8797,#8798),(#8799,
#8800),(#8801,#8802)),.UNSPECIFIED.,.F.,.F.,.F.,(3,1,3),(2,2),(0.,1.,2.),
(0.,0.2),.UNSPECIFIED.);
#6034=B_SPLINE_SURFACE_WITH_KNOTS('',2,1,((#8814,#8815),(#8816,#8817),(#8818,
#8819),(#8820,#8821)),.UNSPECIFIED.,.F.,.F.,.F.,(3,1,3),(2,2),(0.,1.,2.),
(0.,0.2),.UNSPECIFIED.);
#6035=B_SPLINE_SURFACE_WITH_KNOTS('',2,1,((#8833,#8834),(#8835,#8836),(#8837,
#8838),(#8839,#8840)),.UNSPECIFIED.,.F.,.F.,.F.,(3,1,3),(2,2),(0.,1.,2.),
(0.,0.2),.UNSPECIFIED.);
#6036=B_SPLINE_SURFACE_WITH_KNOTS('',2,1,((#8864,#8865),(#8866,#8867),(#8868,
#8869),(#8870,#8871)),.UNSPECIFIED.,.F.,.F.,.F.,(3,1,3),(2,2),(0.,1.,2.),
(0.,0.2),.UNSPECIFIED.);
#6037=B_SPLINE_SURFACE_WITH_KNOTS('',2,1,((#8883,#8884),(#8885,#8886),(#8887,
#8888),(#8889,#8890)),.UNSPECIFIED.,.F.,.F.,.F.,(3,1,3),(2,2),(0.,1.,2.),
(0.,0.2),.UNSPECIFIED.);
#6038=B_SPLINE_SURFACE_WITH_KNOTS('',2,1,((#8902,#8903),(#8904,#8905),(#8906,
#8907),(#8908,#8909)),.UNSPECIFIED.,.F.,.F.,.F.,(3,1,3),(2,2),(0.,1.,2.),
(0.,0.2),.UNSPECIFIED.);
#6039=B_SPLINE_SURFACE_WITH_KNOTS('',2,1,((#8921,#8922),(#8923,#8924),(#8925,
#8926),(#8927,#8928)),.UNSPECIFIED.,.F.,.F.,.F.,(3,1,3),(2,2),(0.,1.,2.),
(0.,0.2),.UNSPECIFIED.);
#6040=B_SPLINE_SURFACE_WITH_KNOTS('',2,1,((#8940,#8941),(#8942,#8943),(#8944,
#8945),(#8946,#8947)),.UNSPECIFIED.,.F.,.F.,.F.,(3,1,3),(2,2),(0.,1.,2.),
(0.,0.2),.UNSPECIFIED.);
#6041=B_SPLINE_SURFACE_WITH_KNOTS('',2,1,((#8959,#8960),(#8961,#8962),(#8963,
#8964),(#8965,#8966)),.UNSPECIFIED.,.F.,.F.,.F.,(3,1,3),(2,2),(0.,1.,2.),
(0.,0.2),.UNSPECIFIED.);
#6042=B_SPLINE_SURFACE_WITH_KNOTS('',2,1,((#8988,#8989),(#8990,#8991),(#8992,
#8993),(#8994,#8995)),.UNSPECIFIED.,.F.,.F.,.F.,(3,1,3),(2,2),(-2.,-1.,
0.),(0.,0.2),.UNSPECIFIED.);
#6043=B_SPLINE_SURFACE_WITH_KNOTS('',2,1,((#9028,#9029),(#9030,#9031),(#9032,
#9033),(#9034,#9035)),.UNSPECIFIED.,.F.,.F.,.F.,(3,1,3),(2,2),(-2.,-1.,
0.),(0.,0.2),.UNSPECIFIED.);
#6044=B_SPLINE_SURFACE_WITH_KNOTS('',2,1,((#9047,#9048),(#9049,#9050),(#9051,
#9052),(#9053,#9054)),.UNSPECIFIED.,.F.,.F.,.F.,(3,1,3),(2,2),(-2.,-1.,
0.),(0.,0.2),.UNSPECIFIED.);
#6045=B_SPLINE_SURFACE_WITH_KNOTS('',2,1,((#9066,#9067),(#9068,#9069),(#9070,
#9071),(#9072,#9073)),.UNSPECIFIED.,.F.,.F.,.F.,(3,1,3),(2,2),(-2.,-1.,
0.),(0.,0.2),.UNSPECIFIED.);
#6046=B_SPLINE_SURFACE_WITH_KNOTS('',2,1,((#9091,#9092),(#9093,#9094),(#9095,
#9096),(#9097,#9098)),.UNSPECIFIED.,.F.,.F.,.F.,(3,1,3),(2,2),(0.,1.,2.),
(0.,0.2),.UNSPECIFIED.);
#6047=B_SPLINE_SURFACE_WITH_KNOTS('',2,1,((#9110,#9111),(#9112,#9113),(#9114,
#9115),(#9116,#9117)),.UNSPECIFIED.,.F.,.F.,.F.,(3,1,3),(2,2),(0.,1.,2.),
(0.,0.2),.UNSPECIFIED.);
#6048=B_SPLINE_SURFACE_WITH_KNOTS('',2,1,((#9129,#9130),(#9131,#9132),(#9133,
#9134),(#9135,#9136)),.UNSPECIFIED.,.F.,.F.,.F.,(3,1,3),(2,2),(0.,1.,2.),
(0.,0.2),.UNSPECIFIED.);
#6049=B_SPLINE_SURFACE_WITH_KNOTS('',2,1,((#9215,#9216),(#9217,#9218),(#9219,
#9220),(#9221,#9222)),.UNSPECIFIED.,.F.,.F.,.F.,(3,1,3),(2,2),(0.,1.,2.),
(0.,0.2),.UNSPECIFIED.);
#6050=B_SPLINE_SURFACE_WITH_KNOTS('',2,1,((#9268,#9269),(#9270,#9271),(#9272,
#9273),(#9274,#9275)),.UNSPECIFIED.,.F.,.F.,.F.,(3,1,3),(2,2),(0.,1.,2.),
(0.,0.2),.UNSPECIFIED.);
#6051=B_SPLINE_SURFACE_WITH_KNOTS('',2,1,((#9290,#9291),(#9292,#9293),(#9294,
#9295),(#9296,#9297)),.UNSPECIFIED.,.F.,.F.,.F.,(3,1,3),(2,2),(0.,1.,2.),
(0.,0.2),.UNSPECIFIED.);
#6052=B_SPLINE_SURFACE_WITH_KNOTS('',2,1,((#9309,#9310),(#9311,#9312),(#9313,
#9314),(#9315,#9316)),.UNSPECIFIED.,.F.,.F.,.F.,(3,1,3),(2,2),(0.,1.,2.),
(0.,0.2),.UNSPECIFIED.);
#6053=B_SPLINE_SURFACE_WITH_KNOTS('',2,1,((#9346,#9347),(#9348,#9349),(#9350,
#9351),(#9352,#9353)),.UNSPECIFIED.,.F.,.F.,.F.,(3,1,3),(2,2),(0.,1.,2.),
(0.,0.2),.UNSPECIFIED.);
#6054=B_SPLINE_SURFACE_WITH_KNOTS('',2,1,((#9365,#9366),(#9367,#9368),(#9369,
#9370),(#9371,#9372)),.UNSPECIFIED.,.F.,.F.,.F.,(3,1,3),(2,2),(0.,1.,2.),
(0.,0.2),.UNSPECIFIED.);
#6055=B_SPLINE_SURFACE_WITH_KNOTS('',2,1,((#9384,#9385),(#9386,#9387),(#9388,
#9389),(#9390,#9391)),.UNSPECIFIED.,.F.,.F.,.F.,(3,1,3),(2,2),(0.,1.,2.),
(0.,0.2),.UNSPECIFIED.);
#6056=B_SPLINE_SURFACE_WITH_KNOTS('',2,1,((#9403,#9404),(#9405,#9406),(#9407,
#9408),(#9409,#9410)),.UNSPECIFIED.,.F.,.F.,.F.,(3,1,3),(2,2),(0.,1.,2.),
(0.,0.2),.UNSPECIFIED.);
#6057=B_SPLINE_SURFACE_WITH_KNOTS('',2,1,((#9422,#9423),(#9424,#9425),(#9426,
#9427),(#9428,#9429)),.UNSPECIFIED.,.F.,.F.,.F.,(3,1,3),(2,2),(0.,1.,2.),
(0.,0.2),.UNSPECIFIED.);
#6058=B_SPLINE_SURFACE_WITH_KNOTS('',2,1,((#9453,#9454),(#9455,#9456),(#9457,
#9458),(#9459,#9460)),.UNSPECIFIED.,.F.,.F.,.F.,(3,1,3),(2,2),(0.,1.,2.),
(0.,0.2),.UNSPECIFIED.);
#6059=B_SPLINE_SURFACE_WITH_KNOTS('',2,1,((#9472,#9473),(#9474,#9475),(#9476,
#9477),(#9478,#9479)),.UNSPECIFIED.,.F.,.F.,.F.,(3,1,3),(2,2),(0.,1.,2.),
(0.,0.2),.UNSPECIFIED.);
#6060=B_SPLINE_SURFACE_WITH_KNOTS('',2,1,((#9491,#9492),(#9493,#9494),(#9495,
#9496),(#9497,#9498)),.UNSPECIFIED.,.F.,.F.,.F.,(3,1,3),(2,2),(0.,1.,2.),
(0.,0.2),.UNSPECIFIED.);
#6061=B_SPLINE_SURFACE_WITH_KNOTS('',2,1,((#9510,#9511),(#9512,#9513),(#9514,
#9515),(#9516,#9517)),.UNSPECIFIED.,.F.,.F.,.F.,(3,1,3),(2,2),(0.,1.,2.),
(0.,0.2),.UNSPECIFIED.);
#6062=B_SPLINE_SURFACE_WITH_KNOTS('',2,1,((#9529,#9530),(#9531,#9532),(#9533,
#9534),(#9535,#9536)),.UNSPECIFIED.,.F.,.F.,.F.,(3,1,3),(2,2),(0.,1.,2.),
(0.,0.2),.UNSPECIFIED.);
#6063=B_SPLINE_SURFACE_WITH_KNOTS('',2,1,((#9554,#9555),(#9556,#9557),(#9558,
#9559),(#9560,#9561)),.UNSPECIFIED.,.F.,.F.,.F.,(3,1,3),(2,2),(0.,1.,2.),
(0.,0.2),.UNSPECIFIED.);
#6064=B_SPLINE_SURFACE_WITH_KNOTS('',2,1,((#9573,#9574),(#9575,#9576),(#9577,
#9578),(#9579,#9580)),.UNSPECIFIED.,.F.,.F.,.F.,(3,1,3),(2,2),(0.,1.,2.),
(0.,0.2),.UNSPECIFIED.);
#6065=B_SPLINE_SURFACE_WITH_KNOTS('',2,1,((#9592,#9593),(#9594,#9595),(#9596,
#9597),(#9598,#9599)),.UNSPECIFIED.,.F.,.F.,.F.,(3,1,3),(2,2),(0.,1.,2.),
(0.,0.2),.UNSPECIFIED.);
#6066=B_SPLINE_SURFACE_WITH_KNOTS('',2,1,((#9611,#9612),(#9613,#9614),(#9615,
#9616),(#9617,#9618)),.UNSPECIFIED.,.F.,.F.,.F.,(3,1,3),(2,2),(0.,1.,2.),
(0.,0.2),.UNSPECIFIED.);
#6067=B_SPLINE_SURFACE_WITH_KNOTS('',2,1,((#9642,#9643),(#9644,#9645),(#9646,
#9647),(#9648,#9649)),.UNSPECIFIED.,.F.,.F.,.F.,(3,1,3),(2,2),(0.,1.,2.),
(0.,0.2),.UNSPECIFIED.);
#6068=B_SPLINE_SURFACE_WITH_KNOTS('',2,1,((#9661,#9662),(#9663,#9664),(#9665,
#9666),(#9667,#9668)),.UNSPECIFIED.,.F.,.F.,.F.,(3,1,3),(2,2),(0.,1.,2.),
(0.,0.2),.UNSPECIFIED.);
#6069=B_SPLINE_SURFACE_WITH_KNOTS('',2,1,((#9763,#9764),(#9765,#9766),(#9767,
#9768),(#9769,#9770)),.UNSPECIFIED.,.F.,.F.,.F.,(3,1,3),(2,2),(0.,1.,2.),
(0.,0.2),.UNSPECIFIED.);
#6070=B_SPLINE_SURFACE_WITH_KNOTS('',2,1,((#9785,#9786),(#9787,#9788),(#9789,
#9790),(#9791,#9792)),.UNSPECIFIED.,.F.,.F.,.F.,(3,1,3),(2,2),(0.,1.,2.),
(0.,0.2),.UNSPECIFIED.);
#6071=B_SPLINE_SURFACE_WITH_KNOTS('',2,1,((#9804,#9805),(#9806,#9807),(#9808,
#9809),(#9810,#9811)),.UNSPECIFIED.,.F.,.F.,.F.,(3,1,3),(2,2),(0.,1.,2.),
(0.,0.2),.UNSPECIFIED.);
#6072=B_SPLINE_SURFACE_WITH_KNOTS('',2,1,((#9853,#9854),(#9855,#9856),(#9857,
#9858),(#9859,#9860)),.UNSPECIFIED.,.F.,.F.,.F.,(3,1,3),(2,2),(0.,1.,2.),
(0.,0.2),.UNSPECIFIED.);
#6073=B_SPLINE_SURFACE_WITH_KNOTS('',2,1,((#9872,#9873),(#9874,#9875),(#9876,
#9877),(#9878,#9879)),.UNSPECIFIED.,.F.,.F.,.F.,(3,1,3),(2,2),(0.,1.,2.),
(0.,0.2),.UNSPECIFIED.);
#6074=B_SPLINE_SURFACE_WITH_KNOTS('',2,1,((#9891,#9892),(#9893,#9894),(#9895,
#9896),(#9897,#9898)),.UNSPECIFIED.,.F.,.F.,.F.,(3,1,3),(2,2),(0.,1.,2.),
(0.,0.2),.UNSPECIFIED.);
#6075=B_SPLINE_SURFACE_WITH_KNOTS('',2,1,((#9910,#9911),(#9912,#9913),(#9914,
#9915),(#9916,#9917)),.UNSPECIFIED.,.F.,.F.,.F.,(3,1,3),(2,2),(0.,1.,2.),
(0.,0.2),.UNSPECIFIED.);
#6076=B_SPLINE_SURFACE_WITH_KNOTS('',2,1,((#9929,#9930),(#9931,#9932),(#9933,
#9934),(#9935,#9936)),.UNSPECIFIED.,.F.,.F.,.F.,(3,1,3),(2,2),(0.,1.,2.),
(0.,0.2),.UNSPECIFIED.);
#6077=B_SPLINE_SURFACE_WITH_KNOTS('',2,1,((#9948,#9949),(#9950,#9951),(#9952,
#9953),(#9954,#9955)),.UNSPECIFIED.,.F.,.F.,.F.,(3,1,3),(2,2),(0.,1.,2.),
(0.,0.2),.UNSPECIFIED.);
#6078=B_SPLINE_SURFACE_WITH_KNOTS('',2,1,((#9967,#9968),(#9969,#9970),(#9971,
#9972),(#9973,#9974)),.UNSPECIFIED.,.F.,.F.,.F.,(3,1,3),(2,2),(0.,1.,2.),
(0.,0.2),.UNSPECIFIED.);
#6079=B_SPLINE_SURFACE_WITH_KNOTS('',2,1,((#9998,#9999),(#10000,#10001),
(#10002,#10003),(#10004,#10005)),.UNSPECIFIED.,.F.,.F.,.F.,(3,1,3),(2,2),
(0.,1.,2.),(0.,0.2),.UNSPECIFIED.);
#6080=B_SPLINE_SURFACE_WITH_KNOTS('',2,1,((#10017,#10018),(#10019,#10020),
(#10021,#10022),(#10023,#10024)),.UNSPECIFIED.,.F.,.F.,.F.,(3,1,3),(2,2),
(0.,1.,2.),(0.,0.2),.UNSPECIFIED.);
#6081=B_SPLINE_SURFACE_WITH_KNOTS('',2,1,((#10036,#10037),(#10038,#10039),
(#10040,#10041),(#10042,#10043)),.UNSPECIFIED.,.F.,.F.,.F.,(3,1,3),(2,2),
(0.,1.,2.),(0.,0.2),.UNSPECIFIED.);
#6082=B_SPLINE_SURFACE_WITH_KNOTS('',2,1,((#10053,#10054),(#10055,#10056),
(#10057,#10058),(#10059,#10060)),.UNSPECIFIED.,.F.,.F.,.F.,(3,1,3),(2,2),
(-2.,-1.,0.),(0.,0.2),.UNSPECIFIED.);
#6083=B_SPLINE_SURFACE_WITH_KNOTS('',2,1,((#10093,#10094),(#10095,#10096),
(#10097,#10098),(#10099,#10100)),.UNSPECIFIED.,.F.,.F.,.F.,(3,1,3),(2,2),
(-2.,-1.,0.),(0.,0.2),.UNSPECIFIED.);
#6084=B_SPLINE_SURFACE_WITH_KNOTS('',2,1,((#10112,#10113),(#10114,#10115),
(#10116,#10117),(#10118,#10119)),.UNSPECIFIED.,.F.,.F.,.F.,(3,1,3),(2,2),
(-2.,-1.,0.),(0.,0.2),.UNSPECIFIED.);
#6085=B_SPLINE_SURFACE_WITH_KNOTS('',2,1,((#10131,#10132),(#10133,#10134),
(#10135,#10136),(#10137,#10138)),.UNSPECIFIED.,.F.,.F.,.F.,(3,1,3),(2,2),
(-2.,-1.,0.),(0.,0.2),.UNSPECIFIED.);
#6086=B_SPLINE_SURFACE_WITH_KNOTS('',2,1,((#10147,#10148),(#10149,#10150),
(#10151,#10152),(#10153,#10154)),.UNSPECIFIED.,.F.,.F.,.F.,(3,1,3),(2,2),
(0.,1.,2.),(0.,0.2),.UNSPECIFIED.);
#6087=B_SPLINE_SURFACE_WITH_KNOTS('',2,1,((#10169,#10170),(#10171,#10172),
(#10173,#10174),(#10175,#10176)),.UNSPECIFIED.,.F.,.F.,.F.,(3,1,3),(2,2),
(0.,1.,2.),(0.,0.2),.UNSPECIFIED.);
#6088=B_SPLINE_SURFACE_WITH_KNOTS('',2,1,((#10206,#10207),(#10208,#10209),
(#10210,#10211),(#10212,#10213)),.UNSPECIFIED.,.F.,.F.,.F.,(3,1,3),(2,2),
(0.,1.,2.),(0.,0.2),.UNSPECIFIED.);
#6089=B_SPLINE_SURFACE_WITH_KNOTS('',2,1,((#10225,#10226),(#10227,#10228),
(#10229,#10230),(#10231,#10232)),.UNSPECIFIED.,.F.,.F.,.F.,(3,1,3),(2,2),
(0.,1.,2.),(0.,0.2),.UNSPECIFIED.);
#6090=B_SPLINE_SURFACE_WITH_KNOTS('',2,1,((#10242,#10243),(#10244,#10245),
(#10246,#10247),(#10248,#10249)),.UNSPECIFIED.,.F.,.F.,.F.,(3,1,3),(2,2),
(-2.,-1.,0.),(0.,0.2),.UNSPECIFIED.);
#6091=B_SPLINE_SURFACE_WITH_KNOTS('',2,1,((#10264,#10265),(#10266,#10267),
(#10268,#10269),(#10270,#10271)),.UNSPECIFIED.,.F.,.F.,.F.,(3,1,3),(2,2),
(-2.,-1.,0.),(0.,0.2),.UNSPECIFIED.);
#6092=B_SPLINE_SURFACE_WITH_KNOTS('',2,1,((#10283,#10284),(#10285,#10286),
(#10287,#10288),(#10289,#10290)),.UNSPECIFIED.,.F.,.F.,.F.,(3,1,3),(2,2),
(-2.,-1.,0.),(0.,0.2),.UNSPECIFIED.);
#6093=B_SPLINE_SURFACE_WITH_KNOTS('',2,1,((#10302,#10303),(#10304,#10305),
(#10306,#10307),(#10308,#10309)),.UNSPECIFIED.,.F.,.F.,.F.,(3,1,3),(2,2),
(-2.,-1.,0.),(0.,0.2),.UNSPECIFIED.);
#6094=B_SPLINE_SURFACE_WITH_KNOTS('',2,1,((#10321,#10322),(#10323,#10324),
(#10325,#10326),(#10327,#10328)),.UNSPECIFIED.,.F.,.F.,.F.,(3,1,3),(2,2),
(-2.,-1.,0.),(0.,0.2),.UNSPECIFIED.);
#6095=B_SPLINE_SURFACE_WITH_KNOTS('',2,1,((#10340,#10341),(#10342,#10343),
(#10344,#10345),(#10346,#10347)),.UNSPECIFIED.,.F.,.F.,.F.,(3,1,3),(2,2),
(-2.,-1.,0.),(0.,0.2),.UNSPECIFIED.);
#6096=B_SPLINE_SURFACE_WITH_KNOTS('',2,1,((#10371,#10372),(#10373,#10374),
(#10375,#10376),(#10377,#10378)),.UNSPECIFIED.,.F.,.F.,.F.,(3,1,3),(2,2),
(0.,1.,2.),(0.,0.2),.UNSPECIFIED.);
#6097=B_SPLINE_SURFACE_WITH_KNOTS('',2,1,((#10390,#10391),(#10392,#10393),
(#10394,#10395),(#10396,#10397)),.UNSPECIFIED.,.F.,.F.,.F.,(3,1,3),(2,2),
(0.,1.,2.),(0.,0.2),.UNSPECIFIED.);
#6098=B_SPLINE_SURFACE_WITH_KNOTS('',2,1,((#10409,#10410),(#10411,#10412),
(#10413,#10414),(#10415,#10416)),.UNSPECIFIED.,.F.,.F.,.F.,(3,1,3),(2,2),
(0.,1.,2.),(0.,0.2),.UNSPECIFIED.);
#6099=B_SPLINE_SURFACE_WITH_KNOTS('',2,1,((#10428,#10429),(#10430,#10431),
(#10432,#10433),(#10434,#10435)),.UNSPECIFIED.,.F.,.F.,.F.,(3,1,3),(2,2),
(0.,1.,2.),(0.,0.2),.UNSPECIFIED.);
#6100=B_SPLINE_SURFACE_WITH_KNOTS('',2,1,((#10447,#10448),(#10449,#10450),
(#10451,#10452),(#10453,#10454)),.UNSPECIFIED.,.F.,.F.,.F.,(3,1,3),(2,2),
(0.,1.,2.),(0.,0.2),.UNSPECIFIED.);
#6101=B_SPLINE_SURFACE_WITH_KNOTS('',2,1,((#10466,#10467),(#10468,#10469),
(#10470,#10471),(#10472,#10473)),.UNSPECIFIED.,.F.,.F.,.F.,(3,1,3),(2,2),
(0.,1.,2.),(0.,0.2),.UNSPECIFIED.);
#6102=B_SPLINE_SURFACE_WITH_KNOTS('',2,1,((#10485,#10486),(#10487,#10488),
(#10489,#10490),(#10491,#10492)),.UNSPECIFIED.,.F.,.F.,.F.,(3,1,3),(2,2),
(0.,1.,2.),(0.,0.2),.UNSPECIFIED.);
#6103=B_SPLINE_SURFACE_WITH_KNOTS('',2,1,((#10504,#10505),(#10506,#10507),
(#10508,#10509),(#10510,#10511)),.UNSPECIFIED.,.F.,.F.,.F.,(3,1,3),(2,2),
(0.,1.,2.),(0.,0.2),.UNSPECIFIED.);
#6104=B_SPLINE_SURFACE_WITH_KNOTS('',2,1,((#10523,#10524),(#10525,#10526),
(#10527,#10528),(#10529,#10530)),.UNSPECIFIED.,.F.,.F.,.F.,(3,1,3),(2,2),
(0.,1.,2.),(0.,0.2),.UNSPECIFIED.);
#6105=B_SPLINE_SURFACE_WITH_KNOTS('',2,1,((#10542,#10543),(#10544,#10545),
(#10546,#10547),(#10548,#10549)),.UNSPECIFIED.,.F.,.F.,.F.,(3,1,3),(2,2),
(0.,1.,2.),(0.,0.2),.UNSPECIFIED.);
#6106=B_SPLINE_SURFACE_WITH_KNOTS('',2,1,((#10570,#10571),(#10572,#10573),
(#10574,#10575),(#10576,#10577)),.UNSPECIFIED.,.F.,.F.,.F.,(3,1,3),(2,2),
(0.,1.,2.),(0.,0.2),.UNSPECIFIED.);
#6107=B_SPLINE_SURFACE_WITH_KNOTS('',2,1,((#10589,#10590),(#10591,#10592),
(#10593,#10594),(#10595,#10596)),.UNSPECIFIED.,.F.,.F.,.F.,(3,1,3),(2,2),
(0.,1.,2.),(0.,0.2),.UNSPECIFIED.);
#6108=B_SPLINE_SURFACE_WITH_KNOTS('',2,1,((#10633,#10634),(#10635,#10636),
(#10637,#10638),(#10639,#10640)),.UNSPECIFIED.,.F.,.F.,.F.,(3,1,3),(2,2),
(0.,1.,2.),(0.,0.2),.UNSPECIFIED.);
#6109=B_SPLINE_SURFACE_WITH_KNOTS('',2,1,((#10686,#10687),(#10688,#10689),
(#10690,#10691),(#10692,#10693)),.UNSPECIFIED.,.F.,.F.,.F.,(3,1,3),(2,2),
(-2.,-1.,0.),(0.,0.2),.UNSPECIFIED.);
#6110=B_SPLINE_SURFACE_WITH_KNOTS('',2,1,((#10708,#10709),(#10710,#10711),
(#10712,#10713),(#10714,#10715)),.UNSPECIFIED.,.F.,.F.,.F.,(3,1,3),(2,2),
(-2.,-1.,0.),(0.,0.2),.UNSPECIFIED.);
#6111=B_SPLINE_SURFACE_WITH_KNOTS('',2,1,((#10727,#10728),(#10729,#10730),
(#10731,#10732),(#10733,#10734)),.UNSPECIFIED.,.F.,.F.,.F.,(3,1,3),(2,2),
(-2.,-1.,0.),(0.,0.2),.UNSPECIFIED.);
#6112=B_SPLINE_SURFACE_WITH_KNOTS('',2,1,((#10746,#10747),(#10748,#10749),
(#10750,#10751),(#10752,#10753)),.UNSPECIFIED.,.F.,.F.,.F.,(3,1,3),(2,2),
(-2.,-1.,0.),(0.,0.2),.UNSPECIFIED.);
#6113=B_SPLINE_SURFACE_WITH_KNOTS('',2,1,((#10765,#10766),(#10767,#10768),
(#10769,#10770),(#10771,#10772)),.UNSPECIFIED.,.F.,.F.,.F.,(3,1,3),(2,2),
(-2.,-1.,0.),(0.,0.2),.UNSPECIFIED.);
#6114=B_SPLINE_SURFACE_WITH_KNOTS('',2,1,((#10781,#10782),(#10783,#10784),
(#10785,#10786),(#10787,#10788)),.UNSPECIFIED.,.F.,.F.,.F.,(3,1,3),(2,2),
(-2.,-1.,0.),(0.,0.2),.UNSPECIFIED.);
#6115=B_SPLINE_SURFACE_WITH_KNOTS('',2,1,((#10803,#10804),(#10805,#10806),
(#10807,#10808),(#10809,#10810)),.UNSPECIFIED.,.F.,.F.,.F.,(3,1,3),(2,2),
(-2.,-1.,0.),(0.,0.2),.UNSPECIFIED.);
#6116=B_SPLINE_SURFACE_WITH_KNOTS('',2,1,((#10822,#10823),(#10824,#10825),
(#10826,#10827),(#10828,#10829)),.UNSPECIFIED.,.F.,.F.,.F.,(3,1,3),(2,2),
(-2.,-1.,0.),(0.,0.2),.UNSPECIFIED.);
#6117=B_SPLINE_SURFACE_WITH_KNOTS('',2,1,((#10841,#10842),(#10843,#10844),
(#10845,#10846),(#10847,#10848)),.UNSPECIFIED.,.F.,.F.,.F.,(3,1,3),(2,2),
(-2.,-1.,0.),(0.,0.2),.UNSPECIFIED.);
#6118=B_SPLINE_SURFACE_WITH_KNOTS('',2,1,((#10860,#10861),(#10862,#10863),
(#10864,#10865),(#10866,#10867)),.UNSPECIFIED.,.F.,.F.,.F.,(3,1,3),(2,2),
(-2.,-1.,0.),(0.,0.2),.UNSPECIFIED.);
#6119=B_SPLINE_SURFACE_WITH_KNOTS('',2,1,((#10876,#10877),(#10878,#10879),
(#10880,#10881),(#10882,#10883)),.UNSPECIFIED.,.F.,.F.,.F.,(3,1,3),(2,2),
(0.,1.,2.),(0.,0.2),.UNSPECIFIED.);
#6120=B_SPLINE_SURFACE_WITH_KNOTS('',2,1,((#10898,#10899),(#10900,#10901),
(#10902,#10903),(#10904,#10905)),.UNSPECIFIED.,.F.,.F.,.F.,(3,1,3),(2,2),
(0.,1.,2.),(0.,0.2),.UNSPECIFIED.);
#6121=B_SPLINE_SURFACE_WITH_KNOTS('',2,1,((#10923,#10924),(#10925,#10926),
(#10927,#10928),(#10929,#10930)),.UNSPECIFIED.,.F.,.F.,.F.,(3,1,3),(2,2),
(0.,1.,2.),(0.,0.2),.UNSPECIFIED.);
#6122=B_SPLINE_SURFACE_WITH_KNOTS('',2,1,((#10942,#10943),(#10944,#10945),
(#10946,#10947),(#10948,#10949)),.UNSPECIFIED.,.F.,.F.,.F.,(3,1,3),(2,2),
(0.,1.,2.),(0.,0.2),.UNSPECIFIED.);
#6123=B_SPLINE_SURFACE_WITH_KNOTS('',2,1,((#10961,#10962),(#10963,#10964),
(#10965,#10966),(#10967,#10968)),.UNSPECIFIED.,.F.,.F.,.F.,(3,1,3),(2,2),
(0.,1.,2.),(0.,0.2),.UNSPECIFIED.);
#6124=B_SPLINE_SURFACE_WITH_KNOTS('',2,1,((#10980,#10981),(#10982,#10983),
(#10984,#10985),(#10986,#10987)),.UNSPECIFIED.,.F.,.F.,.F.,(3,1,3),(2,2),
(0.,1.,2.),(0.,0.2),.UNSPECIFIED.);
#6125=B_SPLINE_SURFACE_WITH_KNOTS('',2,1,((#11005,#11006),(#11007,#11008),
(#11009,#11010),(#11011,#11012)),.UNSPECIFIED.,.F.,.F.,.F.,(3,1,3),(2,2),
(0.,1.,2.),(0.,0.2),.UNSPECIFIED.);
#6126=B_SPLINE_SURFACE_WITH_KNOTS('',2,1,((#11024,#11025),(#11026,#11027),
(#11028,#11029),(#11030,#11031)),.UNSPECIFIED.,.F.,.F.,.F.,(3,1,3),(2,2),
(0.,1.,2.),(0.,0.2),.UNSPECIFIED.);
#6127=B_SPLINE_SURFACE_WITH_KNOTS('',2,1,((#11043,#11044),(#11045,#11046),
(#11047,#11048),(#11049,#11050)),.UNSPECIFIED.,.F.,.F.,.F.,(3,1,3),(2,2),
(0.,1.,2.),(0.,0.2),.UNSPECIFIED.);
#6128=ADVANCED_FACE('',(#279),#5983,.T.);
#6129=ADVANCED_FACE('',(#280),#5984,.T.);
#6130=ADVANCED_FACE('',(#281),#5985,.T.);
#6131=ADVANCED_FACE('',(#282),#5986,.T.);
#6132=ADVANCED_FACE('',(#283),#5987,.T.);
#6133=ADVANCED_FACE('',(#284),#5988,.T.);
#6134=ADVANCED_FACE('',(#285),#5989,.T.);
#6135=ADVANCED_FACE('',(#286),#5990,.F.);
#6136=ADVANCED_FACE('',(#287),#5991,.F.);
#6137=ADVANCED_FACE('',(#288),#5992,.F.);
#6138=ADVANCED_FACE('',(#289),#5993,.F.);
#6139=ADVANCED_FACE('',(#290),#5994,.F.);
#6140=ADVANCED_FACE('',(#291),#86,.F.);
#6141=ADVANCED_FACE('',(#292),#87,.F.);
#6142=ADVANCED_FACE('',(#293),#5995,.F.);
#6143=ADVANCED_FACE('',(#294),#5996,.F.);
#6144=ADVANCED_FACE('',(#295),#5997,.F.);
#6145=ADVANCED_FACE('',(#296),#5998,.F.);
#6146=ADVANCED_FACE('',(#297),#5999,.F.);
#6147=ADVANCED_FACE('',(#298),#6000,.F.);
#6148=ADVANCED_FACE('',(#299),#6001,.F.);
#6149=ADVANCED_FACE('',(#300,#36),#88,.T.);
#6150=ADVANCED_FACE('',(#301),#89,.F.);
#6151=ADVANCED_FACE('',(#302),#90,.F.);
#6152=ADVANCED_FACE('',(#303),#6002,.F.);
#6153=ADVANCED_FACE('',(#304),#6003,.F.);
#6154=ADVANCED_FACE('',(#305),#6004,.F.);
#6155=ADVANCED_FACE('',(#306),#6005,.F.);
#6156=ADVANCED_FACE('',(#307),#6006,.F.);
#6157=ADVANCED_FACE('',(#308),#91,.F.);
#6158=ADVANCED_FACE('',(#309),#92,.F.);
#6159=ADVANCED_FACE('',(#310),#6007,.F.);
#6160=ADVANCED_FACE('',(#311),#6008,.F.);
#6161=ADVANCED_FACE('',(#312),#6009,.F.);
#6162=ADVANCED_FACE('',(#313),#6010,.F.);
#6163=ADVANCED_FACE('',(#314),#6011,.F.);
#6164=ADVANCED_FACE('',(#315),#6012,.F.);
#6165=ADVANCED_FACE('',(#316),#93,.F.);
#6166=ADVANCED_FACE('',(#317),#94,.F.);
#6167=ADVANCED_FACE('',(#318),#95,.T.);
#6168=ADVANCED_FACE('',(#319),#6013,.T.);
#6169=ADVANCED_FACE('',(#320),#6014,.T.);
#6170=ADVANCED_FACE('',(#321),#6015,.T.);
#6171=ADVANCED_FACE('',(#322),#6016,.T.);
#6172=ADVANCED_FACE('',(#323),#6017,.T.);
#6173=ADVANCED_FACE('',(#324),#6018,.T.);
#6174=ADVANCED_FACE('',(#325),#96,.F.);
#6175=ADVANCED_FACE('',(#326),#97,.F.);
#6176=ADVANCED_FACE('',(#327),#6019,.F.);
#6177=ADVANCED_FACE('',(#328),#6020,.F.);
#6178=ADVANCED_FACE('',(#329),#6021,.F.);
#6179=ADVANCED_FACE('',(#330),#6022,.F.);
#6180=ADVANCED_FACE('',(#331),#6023,.F.);
#6181=ADVANCED_FACE('',(#332),#6024,.F.);
#6182=ADVANCED_FACE('',(#333),#6025,.F.);
#6183=ADVANCED_FACE('',(#334),#6026,.F.);
#6184=ADVANCED_FACE('',(#335),#6027,.F.);
#6185=ADVANCED_FACE('',(#336),#6028,.F.);
#6186=ADVANCED_FACE('',(#337),#98,.F.);
#6187=ADVANCED_FACE('',(#338),#6029,.F.);
#6188=ADVANCED_FACE('',(#339),#6030,.F.);
#6189=ADVANCED_FACE('',(#340,#37),#99,.T.);
#6190=ADVANCED_FACE('',(#341),#100,.F.);
#6191=ADVANCED_FACE('',(#342),#101,.F.);
#6192=ADVANCED_FACE('',(#343),#102,.F.);
#6193=ADVANCED_FACE('',(#344),#103,.F.);
#6194=ADVANCED_FACE('',(#345),#104,.F.);
#6195=ADVANCED_FACE('',(#346),#105,.F.);
#6196=ADVANCED_FACE('',(#347),#106,.F.);
#6197=ADVANCED_FACE('',(#348),#107,.F.);
#6198=ADVANCED_FACE('',(#349),#108,.F.);
#6199=ADVANCED_FACE('',(#350),#109,.F.);
#6200=ADVANCED_FACE('',(#351),#6031,.F.);
#6201=ADVANCED_FACE('',(#352),#6032,.F.);
#6202=ADVANCED_FACE('',(#353),#6033,.F.);
#6203=ADVANCED_FACE('',(#354),#6034,.F.);
#6204=ADVANCED_FACE('',(#355),#6035,.F.);
#6205=ADVANCED_FACE('',(#356),#110,.F.);
#6206=ADVANCED_FACE('',(#357),#111,.F.);
#6207=ADVANCED_FACE('',(#358),#6036,.F.);
#6208=ADVANCED_FACE('',(#359),#6037,.F.);
#6209=ADVANCED_FACE('',(#360),#6038,.F.);
#6210=ADVANCED_FACE('',(#361),#6039,.F.);
#6211=ADVANCED_FACE('',(#362),#6040,.F.);
#6212=ADVANCED_FACE('',(#363),#6041,.F.);
#6213=ADVANCED_FACE('',(#364),#112,.F.);
#6214=ADVANCED_FACE('',(#365),#113,.F.);
#6215=ADVANCED_FACE('',(#366),#114,.T.);
#6216=ADVANCED_FACE('',(#367),#6042,.T.);
#6217=ADVANCED_FACE('',(#368),#115,.T.);
#6218=ADVANCED_FACE('',(#369),#116,.T.);
#6219=ADVANCED_FACE('',(#370),#117,.T.);
#6220=ADVANCED_FACE('',(#371),#6043,.T.);
#6221=ADVANCED_FACE('',(#372),#6044,.T.);
#6222=ADVANCED_FACE('',(#373),#6045,.T.);
#6223=ADVANCED_FACE('',(#374),#118,.F.);
#6224=ADVANCED_FACE('',(#375),#6046,.F.);
#6225=ADVANCED_FACE('',(#376),#6047,.F.);
#6226=ADVANCED_FACE('',(#377),#6048,.F.);
#6227=ADVANCED_FACE('',(#378),#119,.F.);
#6228=ADVANCED_FACE('',(#379),#120,.F.);
#6229=ADVANCED_FACE('',(#380),#121,.F.);
#6230=ADVANCED_FACE('',(#381),#122,.F.);
#6231=ADVANCED_FACE('',(#382),#123,.F.);
#6232=ADVANCED_FACE('',(#383),#124,.F.);
#6233=ADVANCED_FACE('',(#384),#125,.F.);
#6234=ADVANCED_FACE('',(#385,#38),#126,.T.);
#6235=ADVANCED_FACE('',(#386),#127,.F.);
#6236=ADVANCED_FACE('',(#387),#128,.F.);
#6237=ADVANCED_FACE('',(#388),#129,.F.);
#6238=ADVANCED_FACE('',(#389),#130,.F.);
#6239=ADVANCED_FACE('',(#390),#6049,.F.);
#6240=ADVANCED_FACE('',(#391),#131,.F.);
#6241=ADVANCED_FACE('',(#392),#132,.F.);
#6242=ADVANCED_FACE('',(#393),#133,.F.);
#6243=ADVANCED_FACE('',(#394),#134,.F.);
#6244=ADVANCED_FACE('',(#395),#135,.F.);
#6245=ADVANCED_FACE('',(#396),#136,.F.);
#6246=ADVANCED_FACE('',(#397),#137,.T.);
#6247=ADVANCED_FACE('',(#398),#6050,.F.);
#6248=ADVANCED_FACE('',(#399),#6051,.F.);
#6249=ADVANCED_FACE('',(#400),#6052,.F.);
#6250=ADVANCED_FACE('',(#401),#138,.F.);
#6251=ADVANCED_FACE('',(#402),#139,.F.);
#6252=ADVANCED_FACE('',(#403),#140,.F.);
#6253=ADVANCED_FACE('',(#404),#6053,.F.);
#6254=ADVANCED_FACE('',(#405),#6054,.F.);
#6255=ADVANCED_FACE('',(#406),#6055,.F.);
#6256=ADVANCED_FACE('',(#407),#6056,.F.);
#6257=ADVANCED_FACE('',(#408),#6057,.F.);
#6258=ADVANCED_FACE('',(#409),#141,.F.);
#6259=ADVANCED_FACE('',(#410),#142,.F.);
#6260=ADVANCED_FACE('',(#411),#6058,.F.);
#6261=ADVANCED_FACE('',(#412),#6059,.F.);
#6262=ADVANCED_FACE('',(#413),#6060,.F.);
#6263=ADVANCED_FACE('',(#414),#6061,.F.);
#6264=ADVANCED_FACE('',(#415),#6062,.F.);
#6265=ADVANCED_FACE('',(#416),#143,.F.);
#6266=ADVANCED_FACE('',(#417),#6063,.F.);
#6267=ADVANCED_FACE('',(#418),#6064,.F.);
#6268=ADVANCED_FACE('',(#419),#6065,.F.);
#6269=ADVANCED_FACE('',(#420),#6066,.F.);
#6270=ADVANCED_FACE('',(#421),#144,.F.);
#6271=ADVANCED_FACE('',(#422),#145,.F.);
#6272=ADVANCED_FACE('',(#423),#6067,.F.);
#6273=ADVANCED_FACE('',(#424),#6068,.F.);
#6274=ADVANCED_FACE('',(#425),#146,.T.);
#6275=ADVANCED_FACE('',(#426),#147,.T.);
#6276=ADVANCED_FACE('',(#427),#148,.T.);
#6277=ADVANCED_FACE('',(#428),#149,.T.);
#6278=ADVANCED_FACE('',(#429),#150,.F.);
#6279=ADVANCED_FACE('',(#430),#151,.F.);
#6280=ADVANCED_FACE('',(#431),#152,.F.);
#6281=ADVANCED_FACE('',(#432),#153,.F.);
#6282=ADVANCED_FACE('',(#433),#154,.F.);
#6283=ADVANCED_FACE('',(#434),#155,.F.);
#6284=ADVANCED_FACE('',(#435),#156,.F.);
#6285=ADVANCED_FACE('',(#436),#157,.F.);
#6286=ADVANCED_FACE('',(#437),#158,.F.);
#6287=ADVANCED_FACE('',(#438),#159,.F.);
#6288=ADVANCED_FACE('',(#439),#160,.F.);
#6289=ADVANCED_FACE('',(#440,#39),#161,.F.);
#6290=ADVANCED_FACE('',(#441),#6069,.F.);
#6291=ADVANCED_FACE('',(#442),#6070,.F.);
#6292=ADVANCED_FACE('',(#443),#6071,.F.);
#6293=ADVANCED_FACE('',(#444),#162,.F.);
#6294=ADVANCED_FACE('',(#445),#163,.F.);
#6295=ADVANCED_FACE('',(#446),#164,.F.);
#6296=ADVANCED_FACE('',(#447),#165,.F.);
#6297=ADVANCED_FACE('',(#448),#166,.F.);
#6298=ADVANCED_FACE('',(#449),#6072,.F.);
#6299=ADVANCED_FACE('',(#450),#6073,.F.);
#6300=ADVANCED_FACE('',(#451),#6074,.F.);
#6301=ADVANCED_FACE('',(#452),#6075,.F.);
#6302=ADVANCED_FACE('',(#453),#6076,.F.);
#6303=ADVANCED_FACE('',(#454),#6077,.F.);
#6304=ADVANCED_FACE('',(#455),#6078,.F.);
#6305=ADVANCED_FACE('',(#456),#167,.F.);
#6306=ADVANCED_FACE('',(#457),#168,.F.);
#6307=ADVANCED_FACE('',(#458),#6079,.F.);
#6308=ADVANCED_FACE('',(#459),#6080,.F.);
#6309=ADVANCED_FACE('',(#460),#6081,.F.);
#6310=ADVANCED_FACE('',(#461),#169,.T.);
#6311=ADVANCED_FACE('',(#462),#6082,.T.);
#6312=ADVANCED_FACE('',(#463),#170,.T.);
#6313=ADVANCED_FACE('',(#464),#171,.T.);
#6314=ADVANCED_FACE('',(#465),#172,.T.);
#6315=ADVANCED_FACE('',(#466),#6083,.T.);
#6316=ADVANCED_FACE('',(#467),#6084,.T.);
#6317=ADVANCED_FACE('',(#468),#6085,.T.);
#6318=ADVANCED_FACE('',(#469),#6086,.F.);
#6319=ADVANCED_FACE('',(#470),#6087,.F.);
#6320=ADVANCED_FACE('',(#471),#173,.F.);
#6321=ADVANCED_FACE('',(#472),#174,.F.);
#6322=ADVANCED_FACE('',(#473),#175,.F.);
#6323=ADVANCED_FACE('',(#474),#6088,.F.);
#6324=ADVANCED_FACE('',(#475),#6089,.F.);
#6325=ADVANCED_FACE('',(#476,#40),#176,.T.);
#6326=ADVANCED_FACE('',(#477),#6090,.T.);
#6327=ADVANCED_FACE('',(#478),#6091,.T.);
#6328=ADVANCED_FACE('',(#479),#6092,.T.);
#6329=ADVANCED_FACE('',(#480),#6093,.T.);
#6330=ADVANCED_FACE('',(#481),#6094,.T.);
#6331=ADVANCED_FACE('',(#482),#6095,.T.);
#6332=ADVANCED_FACE('',(#483),#177,.F.);
#6333=ADVANCED_FACE('',(#484),#178,.F.);
#6334=ADVANCED_FACE('',(#485),#6096,.F.);
#6335=ADVANCED_FACE('',(#486),#6097,.F.);
#6336=ADVANCED_FACE('',(#487),#6098,.F.);
#6337=ADVANCED_FACE('',(#488),#6099,.F.);
#6338=ADVANCED_FACE('',(#489),#6100,.F.);
#6339=ADVANCED_FACE('',(#490),#6101,.F.);
#6340=ADVANCED_FACE('',(#491),#6102,.F.);
#6341=ADVANCED_FACE('',(#492),#6103,.F.);
#6342=ADVANCED_FACE('',(#493),#6104,.F.);
#6343=ADVANCED_FACE('',(#494),#6105,.F.);
#6344=ADVANCED_FACE('',(#495),#179,.F.);
#6345=ADVANCED_FACE('',(#496),#6106,.F.);
#6346=ADVANCED_FACE('',(#497),#6107,.F.);
#6347=ADVANCED_FACE('',(#498,#41),#180,.T.);
#6348=ADVANCED_FACE('',(#499),#181,.F.);
#6349=ADVANCED_FACE('',(#500),#182,.F.);
#6350=ADVANCED_FACE('',(#501),#183,.F.);
#6351=ADVANCED_FACE('',(#502),#184,.F.);
#6352=ADVANCED_FACE('',(#503),#6108,.F.);
#6353=ADVANCED_FACE('',(#504),#185,.F.);
#6354=ADVANCED_FACE('',(#505),#186,.F.);
#6355=ADVANCED_FACE('',(#506),#187,.F.);
#6356=ADVANCED_FACE('',(#507),#188,.F.);
#6357=ADVANCED_FACE('',(#508),#189,.F.);
#6358=ADVANCED_FACE('',(#509),#190,.F.);
#6359=ADVANCED_FACE('',(#510),#191,.T.);
#6360=ADVANCED_FACE('',(#511),#6109,.T.);
#6361=ADVANCED_FACE('',(#512),#6110,.T.);
#6362=ADVANCED_FACE('',(#513),#6111,.T.);
#6363=ADVANCED_FACE('',(#514),#6112,.T.);
#6364=ADVANCED_FACE('',(#515),#6113,.T.);
#6365=ADVANCED_FACE('',(#516),#6114,.T.);
#6366=ADVANCED_FACE('',(#517),#6115,.T.);
#6367=ADVANCED_FACE('',(#518),#6116,.T.);
#6368=ADVANCED_FACE('',(#519),#6117,.T.);
#6369=ADVANCED_FACE('',(#520),#6118,.T.);
#6370=ADVANCED_FACE('',(#521),#6119,.F.);
#6371=ADVANCED_FACE('',(#522),#6120,.F.);
#6372=ADVANCED_FACE('',(#523),#192,.F.);
#6373=ADVANCED_FACE('',(#524),#6121,.F.);
#6374=ADVANCED_FACE('',(#525),#6122,.F.);
#6375=ADVANCED_FACE('',(#526),#6123,.F.);
#6376=ADVANCED_FACE('',(#527),#6124,.F.);
#6377=ADVANCED_FACE('',(#528),#193,.F.);
#6378=ADVANCED_FACE('',(#529),#6125,.F.);
#6379=ADVANCED_FACE('',(#530),#6126,.F.);
#6380=ADVANCED_FACE('',(#531),#6127,.F.);
#6381=ADVANCED_FACE('',(#532,#42,#43),#194,.T.);
#6382=ADVANCED_FACE('',(#533,#44,#45,#46,#47,#48,#49,#50,#51,#52,#53,#54,
#55,#56,#57,#58,#59,#60,#61,#62,#63,#64,#65,#66,#67,#68,#69),#195,.T.);
#6383=ADVANCED_FACE('',(#534),#196,.T.);
#6384=ADVANCED_FACE('',(#535),#197,.T.);
#6385=ADVANCED_FACE('',(#536),#198,.T.);
#6386=ADVANCED_FACE('',(#537),#199,.T.);
#6387=ADVANCED_FACE('',(#538),#200,.T.);
#6388=ADVANCED_FACE('',(#539),#201,.T.);
#6389=ADVANCED_FACE('',(#540),#202,.T.);
#6390=ADVANCED_FACE('',(#541),#203,.T.);
#6391=ADVANCED_FACE('',(#542),#204,.T.);
#6392=ADVANCED_FACE('',(#543),#205,.T.);
#6393=ADVANCED_FACE('',(#544),#206,.T.);
#6394=ADVANCED_FACE('',(#545),#207,.T.);
#6395=ADVANCED_FACE('',(#546),#208,.T.);
#6396=ADVANCED_FACE('',(#547),#209,.T.);
#6397=ADVANCED_FACE('',(#548),#210,.T.);
#6398=ADVANCED_FACE('',(#549),#211,.T.);
#6399=ADVANCED_FACE('',(#550),#212,.T.);
#6400=ADVANCED_FACE('',(#551),#213,.T.);
#6401=ADVANCED_FACE('',(#552),#214,.T.);
#6402=ADVANCED_FACE('',(#553),#215,.T.);
#6403=ADVANCED_FACE('',(#554),#216,.T.);
#6404=ADVANCED_FACE('',(#555),#217,.T.);
#6405=ADVANCED_FACE('',(#556),#218,.T.);
#6406=ADVANCED_FACE('',(#557),#219,.T.);
#6407=ADVANCED_FACE('',(#558),#220,.T.);
#6408=ADVANCED_FACE('',(#559),#221,.T.);
#6409=ADVANCED_FACE('',(#560),#222,.T.);
#6410=ADVANCED_FACE('',(#561),#223,.T.);
#6411=ADVANCED_FACE('',(#562),#224,.T.);
#6412=ADVANCED_FACE('',(#563),#225,.F.);
#6413=ADVANCED_FACE('',(#564),#226,.F.);
#6414=ADVANCED_FACE('',(#565),#227,.F.);
#6415=ADVANCED_FACE('',(#566),#228,.F.);
#6416=ADVANCED_FACE('',(#567),#229,.F.);
#6417=ADVANCED_FACE('',(#568),#230,.F.);
#6418=ADVANCED_FACE('',(#569),#231,.F.);
#6419=ADVANCED_FACE('',(#570),#232,.F.);
#6420=ADVANCED_FACE('',(#571),#233,.F.);
#6421=ADVANCED_FACE('',(#572),#234,.F.);
#6422=ADVANCED_FACE('',(#573),#235,.F.);
#6423=ADVANCED_FACE('',(#574),#236,.F.);
#6424=ADVANCED_FACE('',(#575),#237,.F.);
#6425=ADVANCED_FACE('',(#576),#238,.F.);
#6426=ADVANCED_FACE('',(#577),#239,.F.);
#6427=ADVANCED_FACE('',(#578),#240,.F.);
#6428=ADVANCED_FACE('',(#579),#241,.F.);
#6429=ADVANCED_FACE('',(#580),#242,.F.);
#6430=ADVANCED_FACE('',(#581),#243,.F.);
#6431=ADVANCED_FACE('',(#582),#244,.F.);
#6432=ADVANCED_FACE('',(#583),#245,.F.);
#6433=ADVANCED_FACE('',(#584),#246,.F.);
#6434=ADVANCED_FACE('',(#585),#247,.F.);
#6435=ADVANCED_FACE('',(#586),#248,.F.);
#6436=ADVANCED_FACE('',(#587),#249,.F.);
#6437=ADVANCED_FACE('',(#588),#250,.F.);
#6438=ADVANCED_FACE('',(#589),#251,.F.);
#6439=ADVANCED_FACE('',(#590),#252,.F.);
#6440=ADVANCED_FACE('',(#591),#253,.F.);
#6441=ADVANCED_FACE('',(#592),#254,.F.);
#6442=ADVANCED_FACE('',(#593),#255,.F.);
#6443=ADVANCED_FACE('',(#594),#256,.F.);
#6444=ADVANCED_FACE('',(#595),#257,.F.);
#6445=ADVANCED_FACE('',(#596),#258,.F.);
#6446=ADVANCED_FACE('',(#597),#259,.F.);
#6447=ADVANCED_FACE('',(#598),#260,.F.);
#6448=ADVANCED_FACE('',(#599),#261,.F.);
#6449=ADVANCED_FACE('',(#600),#262,.F.);
#6450=ADVANCED_FACE('',(#601),#263,.F.);
#6451=ADVANCED_FACE('',(#602),#264,.F.);
#6452=ADVANCED_FACE('',(#603),#265,.F.);
#6453=ADVANCED_FACE('',(#604),#266,.F.);
#6454=ADVANCED_FACE('',(#605),#267,.F.);
#6455=ADVANCED_FACE('',(#606),#268,.F.);
#6456=ADVANCED_FACE('',(#607),#269,.F.);
#6457=ADVANCED_FACE('',(#608),#270,.F.);
#6458=ADVANCED_FACE('',(#609),#271,.F.);
#6459=ADVANCED_FACE('',(#610),#272,.F.);
#6460=ADVANCED_FACE('',(#611),#273,.T.);
#6461=ADVANCED_FACE('',(#612),#274,.T.);
#6462=ADVANCED_FACE('',(#613,#70,#71,#72,#73,#74,#75,#76,#77,#78,#79,#80,
#81),#275,.T.);
#6463=ADVANCED_FACE('',(#614),#276,.T.);
#6464=ADVANCED_FACE('',(#615,#82,#83),#277,.T.);
#6465=ADVANCED_FACE('',(#616,#84,#85),#278,.F.);
#6466=CLOSED_SHELL('',(#6128,#6129,#6130,#6131,#6132,#6133,#6134,#6135,
#6136,#6137,#6138,#6139,#6140,#6141,#6142,#6143,#6144,#6145,#6146,#6147,
#6148,#6149,#6150,#6151,#6152,#6153,#6154,#6155,#6156,#6157,#6158,#6159,
#6160,#6161,#6162,#6163,#6164,#6165,#6166,#6167,#6168,#6169,#6170,#6171,
#6172,#6173,#6174,#6175,#6176,#6177,#6178,#6179,#6180,#6181,#6182,#6183,
#6184,#6185,#6186,#6187,#6188,#6189,#6190,#6191,#6192,#6193,#6194,#6195,
#6196,#6197,#6198,#6199,#6200,#6201,#6202,#6203,#6204,#6205,#6206,#6207,
#6208,#6209,#6210,#6211,#6212,#6213,#6214,#6215,#6216,#6217,#6218,#6219,
#6220,#6221,#6222,#6223,#6224,#6225,#6226,#6227,#6228,#6229,#6230,#6231,
#6232,#6233,#6234,#6235,#6236,#6237,#6238,#6239,#6240,#6241,#6242,#6243,
#6244,#6245,#6246,#6247,#6248,#6249,#6250,#6251,#6252,#6253,#6254,#6255,
#6256,#6257,#6258,#6259,#6260,#6261,#6262,#6263,#6264,#6265,#6266,#6267,
#6268,#6269,#6270,#6271,#6272,#6273,#6274,#6275,#6276,#6277,#6278,#6279,
#6280,#6281,#6282,#6283,#6284,#6285,#6286,#6287,#6288,#6289,#6290,#6291,
#6292,#6293,#6294,#6295,#6296,#6297,#6298,#6299,#6300,#6301,#6302,#6303,
#6304,#6305,#6306,#6307,#6308,#6309,#6310,#6311,#6312,#6313,#6314,#6315,
#6316,#6317,#6318,#6319,#6320,#6321,#6322,#6323,#6324,#6325,#6326,#6327,
#6328,#6329,#6330,#6331,#6332,#6333,#6334,#6335,#6336,#6337,#6338,#6339,
#6340,#6341,#6342,#6343,#6344,#6345,#6346,#6347,#6348,#6349,#6350,#6351,
#6352,#6353,#6354,#6355,#6356,#6357,#6358,#6359,#6360,#6361,#6362,#6363,
#6364,#6365,#6366,#6367,#6368,#6369,#6370,#6371,#6372,#6373,#6374,#6375,
#6376,#6377,#6378,#6379,#6380,#6381,#6382,#6383,#6384,#6385,#6386,#6387,
#6388,#6389,#6390,#6391,#6392,#6393,#6394,#6395,#6396,#6397,#6398,#6399,
#6400,#6401,#6402,#6403,#6404,#6405,#6406,#6407,#6408,#6409,#6410,#6411,
#6412,#6413,#6414,#6415,#6416,#6417,#6418,#6419,#6420,#6421,#6422,#6423,
#6424,#6425,#6426,#6427,#6428,#6429,#6430,#6431,#6432,#6433,#6434,#6435,
#6436,#6437,#6438,#6439,#6440,#6441,#6442,#6443,#6444,#6445,#6446,#6447,
#6448,#6449,#6450,#6451,#6452,#6453,#6454,#6455,#6456,#6457,#6458,#6459,
#6460,#6461,#6462,#6463,#6464,#6465));
#6467=DERIVED_UNIT_ELEMENT(#6470,1.);
#6468=DERIVED_UNIT_ELEMENT(#11518,-3.);
#6469=DIMENSIONAL_EXPONENTS(0.,1.,0.,0.,0.,0.,0.);
#6470=(
CONVERSION_BASED_UNIT('gram',#6472)
MASS_UNIT()
NAMED_UNIT(#6469)
);
#6471=(
MASS_UNIT()
NAMED_UNIT(*)
SI_UNIT(.KILO.,.GRAM.)
);
#6472=MASS_MEASURE_WITH_UNIT(MASS_MEASURE(0.001),#6471);
#6473=DERIVED_UNIT((#6467,#6468));
#6474=MEASURE_REPRESENTATION_ITEM('density measure',
POSITIVE_RATIO_MEASURE(1.),#6473);
#6475=PROPERTY_DEFINITION_REPRESENTATION(#6480,#6477);
#6476=PROPERTY_DEFINITION_REPRESENTATION(#6481,#6478);
#6477=REPRESENTATION('material name',(#6479),#11515);
#6478=REPRESENTATION('density',(#6474),#11515);
#6479=DESCRIPTIVE_REPRESENTATION_ITEM('Generic','Generic');
#6480=PROPERTY_DEFINITION('material property','material name',#11525);
#6481=PROPERTY_DEFINITION('material property','density of part',#11525);
#6482=DATE_TIME_ROLE('creation_date');
#6483=APPLIED_DATE_AND_TIME_ASSIGNMENT(#6484,#6482,(#11525));
#6484=DATE_AND_TIME(#6485,#6486);
#6485=CALENDAR_DATE(2026,12,7);
#6486=LOCAL_TIME(0,0,0.,#6487);
#6487=COORDINATED_UNIVERSAL_TIME_OFFSET(0,0,.BEHIND.);
#6488=AXIS2_PLACEMENT_3D('',#7714,#6684,#6685);
#6489=AXIS2_PLACEMENT_3D('',#7946,#6699,#6700);
#6490=AXIS2_PLACEMENT_3D('',#7952,#6704,#6705);
#6491=AXIS2_PLACEMENT_3D('',#8088,#6715,#6716);
#6492=AXIS2_PLACEMENT_3D('',#8089,#6717,#6718);
#6493=AXIS2_PLACEMENT_3D('',#8098,#6723,#6724);
#6494=AXIS2_PLACEMENT_3D('',#8199,#6733,#6734);
#6495=AXIS2_PLACEMENT_3D('',#8205,#6738,#6739);
#6496=AXIS2_PLACEMENT_3D('',#8325,#6749,#6750);
#6497=AXIS2_PLACEMENT_3D('',#8331,#6754,#6755);
#6498=AXIS2_PLACEMENT_3D('',#8334,#6758,#6759);
#6499=AXIS2_PLACEMENT_3D('',#8449,#6766,#6767);
#6500=AXIS2_PLACEMENT_3D('',#8458,#6772,#6773);
#6501=AXIS2_PLACEMENT_3D('',#8654,#6787,#6788);
#6502=AXIS2_PLACEMENT_3D('',#8698,#6792,#6793);
#6503=AXIS2_PLACEMENT_3D('',#8699,#6794,#6795);
#6504=AXIS2_PLACEMENT_3D('',#8708,#6800,#6801);
#6505=AXIS2_PLACEMENT_3D('',#8714,#6805,#6806);
#6506=AXIS2_PLACEMENT_3D('',#8720,#6810,#6811);
#6507=AXIS2_PLACEMENT_3D('',#8726,#6815,#6816);
#6508=AXIS2_PLACEMENT_3D('',#8732,#6820,#6821);
#6509=AXIS2_PLACEMENT_3D('',#8738,#6825,#6826);
#6510=AXIS2_PLACEMENT_3D('',#8741,#6829,#6830);
#6511=AXIS2_PLACEMENT_3D('',#8742,#6831,#6832);
#6512=AXIS2_PLACEMENT_3D('',#8751,#6837,#6838);
#6513=AXIS2_PLACEMENT_3D('',#8852,#6847,#6848);
#6514=AXIS2_PLACEMENT_3D('',#8858,#6852,#6853);
#6515=AXIS2_PLACEMENT_3D('',#8978,#6863,#6864);
#6516=AXIS2_PLACEMENT_3D('',#8984,#6868,#6869);
#6517=AXIS2_PLACEMENT_3D('',#8987,#6872,#6873);
#6518=AXIS2_PLACEMENT_3D('',#9010,#6876,#6877);
#6519=AXIS2_PLACEMENT_3D('',#9016,#6881,#6882);
#6520=AXIS2_PLACEMENT_3D('',#9022,#6886,#6887);
#6521=AXIS2_PLACEMENT_3D('',#9082,#6893,#6894);
#6522=AXIS2_PLACEMENT_3D('',#9148,#6902,#6903);
#6523=AXIS2_PLACEMENT_3D('',#9154,#6907,#6908);
#6524=AXIS2_PLACEMENT_3D('',#9160,#6912,#6913);
#6525=AXIS2_PLACEMENT_3D('',#9166,#6917,#6918);
#6526=AXIS2_PLACEMENT_3D('',#9172,#6922,#6923);
#6527=AXIS2_PLACEMENT_3D('',#9178,#6927,#6928);
#6528=AXIS2_PLACEMENT_3D('',#9184,#6932,#6933);
#6529=AXIS2_PLACEMENT_3D('',#9187,#6936,#6937);
#6530=AXIS2_PLACEMENT_3D('',#9188,#6938,#6939);
#6531=AXIS2_PLACEMENT_3D('',#9197,#6944,#6945);
#6532=AXIS2_PLACEMENT_3D('',#9203,#6949,#6950);
#6533=AXIS2_PLACEMENT_3D('',#9209,#6954,#6955);
#6534=AXIS2_PLACEMENT_3D('',#9234,#6960,#6961);
#6535=AXIS2_PLACEMENT_3D('',#9240,#6965,#6966);
#6536=AXIS2_PLACEMENT_3D('',#9246,#6970,#6971);
#6537=AXIS2_PLACEMENT_3D('',#9252,#6975,#6976);
#6538=AXIS2_PLACEMENT_3D('',#9258,#6980,#6981);
#6539=AXIS2_PLACEMENT_3D('',#9264,#6985,#6986);
#6540=AXIS2_PLACEMENT_3D('',#9267,#6989,#6990);
#6541=AXIS2_PLACEMENT_3D('',#9328,#6995,#6996);
#6542=AXIS2_PLACEMENT_3D('',#9334,#7000,#7001);
#6543=AXIS2_PLACEMENT_3D('',#9340,#7005,#7006);
#6544=AXIS2_PLACEMENT_3D('',#9441,#7015,#7016);
#6545=AXIS2_PLACEMENT_3D('',#9447,#7020,#7021);
#6546=AXIS2_PLACEMENT_3D('',#9548,#7030,#7031);
#6547=AXIS2_PLACEMENT_3D('',#9630,#7039,#7040);
#6548=AXIS2_PLACEMENT_3D('',#9636,#7044,#7045);
#6549=AXIS2_PLACEMENT_3D('',#9677,#7050,#7051);
#6550=AXIS2_PLACEMENT_3D('',#9678,#7052,#7053);
#6551=AXIS2_PLACEMENT_3D('',#9687,#7058,#7059);
#6552=AXIS2_PLACEMENT_3D('',#9693,#7063,#7064);
#6553=AXIS2_PLACEMENT_3D('',#9696,#7067,#7068);
#6554=AXIS2_PLACEMENT_3D('',#9705,#7073,#7074);
#6555=AXIS2_PLACEMENT_3D('',#9711,#7078,#7079);
#6556=AXIS2_PLACEMENT_3D('',#9717,#7083,#7084);
#6557=AXIS2_PLACEMENT_3D('',#9723,#7088,#7089);
#6558=AXIS2_PLACEMENT_3D('',#9729,#7093,#7094);
#6559=AXIS2_PLACEMENT_3D('',#9735,#7098,#7099);
#6560=AXIS2_PLACEMENT_3D('',#9741,#7103,#7104);
#6561=AXIS2_PLACEMENT_3D('',#9747,#7108,#7109);
#6562=AXIS2_PLACEMENT_3D('',#9753,#7113,#7114);
#6563=AXIS2_PLACEMENT_3D('',#9759,#7118,#7119);
#6564=AXIS2_PLACEMENT_3D('',#9762,#7122,#7123);
#6565=AXIS2_PLACEMENT_3D('',#9823,#7128,#7129);
#6566=AXIS2_PLACEMENT_3D('',#9829,#7133,#7134);
#6567=AXIS2_PLACEMENT_3D('',#9835,#7138,#7139);
#6568=AXIS2_PLACEMENT_3D('',#9841,#7143,#7144);
#6569=AXIS2_PLACEMENT_3D('',#9847,#7148,#7149);
#6570=AXIS2_PLACEMENT_3D('',#9986,#7160,#7161);
#6571=AXIS2_PLACEMENT_3D('',#9992,#7165,#7166);
#6572=AXIS2_PLACEMENT_3D('',#10052,#7172,#7173);
#6573=AXIS2_PLACEMENT_3D('',#10075,#7176,#7177);
#6574=AXIS2_PLACEMENT_3D('',#10081,#7181,#7182);
#6575=AXIS2_PLACEMENT_3D('',#10087,#7186,#7187);
#6576=AXIS2_PLACEMENT_3D('',#10188,#7196,#7197);
#6577=AXIS2_PLACEMENT_3D('',#10194,#7201,#7202);
#6578=AXIS2_PLACEMENT_3D('',#10200,#7206,#7207);
#6579=AXIS2_PLACEMENT_3D('',#10241,#7212,#7213);
#6580=AXIS2_PLACEMENT_3D('',#10356,#7220,#7221);
#6581=AXIS2_PLACEMENT_3D('',#10365,#7226,#7227);
#6582=AXIS2_PLACEMENT_3D('',#10561,#7241,#7242);
#6583=AXIS2_PLACEMENT_3D('',#10605,#7246,#7247);
#6584=AXIS2_PLACEMENT_3D('',#10606,#7248,#7249);
#6585=AXIS2_PLACEMENT_3D('',#10615,#7254,#7255);
#6586=AXIS2_PLACEMENT_3D('',#10621,#7259,#7260);
#6587=AXIS2_PLACEMENT_3D('',#10627,#7264,#7265);
#6588=AXIS2_PLACEMENT_3D('',#10652,#7270,#7271);
#6589=AXIS2_PLACEMENT_3D('',#10658,#7275,#7276);
#6590=AXIS2_PLACEMENT_3D('',#10664,#7280,#7281);
#6591=AXIS2_PLACEMENT_3D('',#10670,#7285,#7286);
#6592=AXIS2_PLACEMENT_3D('',#10676,#7290,#7291);
#6593=AXIS2_PLACEMENT_3D('',#10682,#7295,#7296);
#6594=AXIS2_PLACEMENT_3D('',#10685,#7299,#7300);
#6595=AXIS2_PLACEMENT_3D('',#10917,#7314,#7315);
#6596=AXIS2_PLACEMENT_3D('',#10999,#7323,#7324);
#6597=AXIS2_PLACEMENT_3D('',#11059,#7330,#7331);
#6598=AXIS2_PLACEMENT_3D('',#11060,#7332,#7333);
#6599=AXIS2_PLACEMENT_3D('',#11165,#7386,#7387);
#6600=AXIS2_PLACEMENT_3D('',#11166,#7388,#7389);
#6601=AXIS2_PLACEMENT_3D('',#11167,#7390,#7391);
#6602=AXIS2_PLACEMENT_3D('',#11168,#7392,#7393);
#6603=AXIS2_PLACEMENT_3D('',#11169,#7394,#7395);
#6604=AXIS2_PLACEMENT_3D('',#11170,#7396,#7397);
#6605=AXIS2_PLACEMENT_3D('',#11171,#7398,#7399);
#6606=AXIS2_PLACEMENT_3D('',#11172,#7400,#7401);
#6607=AXIS2_PLACEMENT_3D('',#11181,#7406,#7407);
#6608=AXIS2_PLACEMENT_3D('',#11187,#7411,#7412);
#6609=AXIS2_PLACEMENT_3D('',#11193,#7416,#7417);
#6610=AXIS2_PLACEMENT_3D('',#11196,#7420,#7421);
#6611=AXIS2_PLACEMENT_3D('',#11197,#7422,#7423);
#6612=AXIS2_PLACEMENT_3D('',#11206,#7428,#7429);
#6613=AXIS2_PLACEMENT_3D('',#11212,#7433,#7434);
#6614=AXIS2_PLACEMENT_3D('',#11218,#7438,#7439);
#6615=AXIS2_PLACEMENT_3D('',#11221,#7442,#7443);
#6616=AXIS2_PLACEMENT_3D('',#11222,#7444,#7445);
#6617=AXIS2_PLACEMENT_3D('',#11231,#7450,#7451);
#6618=AXIS2_PLACEMENT_3D('',#11237,#7455,#7456);
#6619=AXIS2_PLACEMENT_3D('',#11243,#7460,#7461);
#6620=AXIS2_PLACEMENT_3D('',#11246,#7464,#7465);
#6621=AXIS2_PLACEMENT_3D('',#11247,#7466,#7467);
#6622=AXIS2_PLACEMENT_3D('',#11256,#7472,#7473);
#6623=AXIS2_PLACEMENT_3D('',#11262,#7477,#7478);
#6624=AXIS2_PLACEMENT_3D('',#11268,#7482,#7483);
#6625=AXIS2_PLACEMENT_3D('',#11271,#7486,#7487);
#6626=AXIS2_PLACEMENT_3D('',#11272,#7488,#7489);
#6627=AXIS2_PLACEMENT_3D('',#11281,#7494,#7495);
#6628=AXIS2_PLACEMENT_3D('',#11287,#7499,#7500);
#6629=AXIS2_PLACEMENT_3D('',#11293,#7504,#7505);
#6630=AXIS2_PLACEMENT_3D('',#11297,#7508,#7509);
#6631=AXIS2_PLACEMENT_3D('',#11301,#7512,#7513);
#6632=AXIS2_PLACEMENT_3D('',#11303,#7515,#7516);
#6633=AXIS2_PLACEMENT_3D('',#11309,#7520,#7521);
#6634=AXIS2_PLACEMENT_3D('',#11313,#7524,#7525);
#6635=AXIS2_PLACEMENT_3D('',#11317,#7528,#7529);
#6636=AXIS2_PLACEMENT_3D('',#11319,#7531,#7532);
#6637=AXIS2_PLACEMENT_3D('',#11325,#7536,#7537);
#6638=AXIS2_PLACEMENT_3D('',#11329,#7540,#7541);
#6639=AXIS2_PLACEMENT_3D('',#11333,#7544,#7545);
#6640=AXIS2_PLACEMENT_3D('',#11335,#7547,#7548);
#6641=AXIS2_PLACEMENT_3D('',#11341,#7552,#7553);
#6642=AXIS2_PLACEMENT_3D('',#11345,#7556,#7557);
#6643=AXIS2_PLACEMENT_3D('',#11349,#7560,#7561);
#6644=AXIS2_PLACEMENT_3D('',#11351,#7563,#7564);
#6645=AXIS2_PLACEMENT_3D('',#11357,#7568,#7569);
#6646=AXIS2_PLACEMENT_3D('',#11361,#7572,#7573);
#6647=AXIS2_PLACEMENT_3D('',#11365,#7576,#7577);
#6648=AXIS2_PLACEMENT_3D('',#11367,#7579,#7580);
#6649=AXIS2_PLACEMENT_3D('',#11373,#7584,#7585);
#6650=AXIS2_PLACEMENT_3D('',#11377,#7588,#7589);
#6651=AXIS2_PLACEMENT_3D('',#11381,#7592,#7593);
#6652=AXIS2_PLACEMENT_3D('',#11383,#7595,#7596);
#6653=AXIS2_PLACEMENT_3D('',#11389,#7600,#7601);
#6654=AXIS2_PLACEMENT_3D('',#11393,#7604,#7605);
#6655=AXIS2_PLACEMENT_3D('',#11397,#7608,#7609);
#6656=AXIS2_PLACEMENT_3D('',#11399,#7611,#7612);
#6657=AXIS2_PLACEMENT_3D('',#11405,#7616,#7617);
#6658=AXIS2_PLACEMENT_3D('',#11409,#7620,#7621);
#6659=AXIS2_PLACEMENT_3D('',#11413,#7624,#7625);
#6660=AXIS2_PLACEMENT_3D('',#11415,#7627,#7628);
#6661=AXIS2_PLACEMENT_3D('',#11421,#7632,#7633);
#6662=AXIS2_PLACEMENT_3D('',#11425,#7636,#7637);
#6663=AXIS2_PLACEMENT_3D('',#11429,#7640,#7641);
#6664=AXIS2_PLACEMENT_3D('',#11431,#7643,#7644);
#6665=AXIS2_PLACEMENT_3D('',#11437,#7648,#7649);
#6666=AXIS2_PLACEMENT_3D('',#11441,#7652,#7653);
#6667=AXIS2_PLACEMENT_3D('',#11445,#7656,#7657);
#6668=AXIS2_PLACEMENT_3D('',#11447,#7659,#7660);
#6669=AXIS2_PLACEMENT_3D('',#11453,#7664,#7665);
#6670=AXIS2_PLACEMENT_3D('',#11457,#7668,#7669);
#6671=AXIS2_PLACEMENT_3D('',#11461,#7672,#7673);
#6672=AXIS2_PLACEMENT_3D('',#11463,#7675,#7676);
#6673=AXIS2_PLACEMENT_3D('',#11469,#7680,#7681);
#6674=AXIS2_PLACEMENT_3D('',#11473,#7684,#7685);
#6675=AXIS2_PLACEMENT_3D('',#11477,#7688,#7689);
#6676=AXIS2_PLACEMENT_3D('',#11479,#7691,#7692);
#6677=AXIS2_PLACEMENT_3D('',#11480,#7693,#7694);
#6678=AXIS2_PLACEMENT_3D('',#11486,#7698,#7699);
#6679=AXIS2_PLACEMENT_3D('',#11489,#7702,#7703);
#6680=AXIS2_PLACEMENT_3D('',#11492,#7706,#7707);
#6681=AXIS2_PLACEMENT_3D('',#11493,#7708,#7709);
#6682=AXIS2_PLACEMENT_3D('',#11510,#7710,#7711);
#6683=AXIS2_PLACEMENT_3D('',#11511,#7712,#7713);
#6684=DIRECTION('axis',(0.,0.,1.));
#6685=DIRECTION('refdir',(1.,0.,0.));
#6686=DIRECTION('',(-1.,0.,0.));
#6687=DIRECTION('',(-1.,0.,0.));
#6688=DIRECTION('',(-1.,0.,0.));
#6689=DIRECTION('',(-1.,0.,0.));
#6690=DIRECTION('',(-1.,0.,0.));
#6691=DIRECTION('',(-1.,0.,0.));
#6692=DIRECTION('',(-1.,0.,0.));
#6693=DIRECTION('',(-1.,0.,0.));
#6694=DIRECTION('',(-1.,0.,0.));
#6695=DIRECTION('',(-1.,0.,0.));
#6696=DIRECTION('',(-1.,0.,0.));
#6697=DIRECTION('',(-1.,0.,0.));
#6698=DIRECTION('',(-1.,0.,0.));
#6699=DIRECTION('center_axis',(0.,-1.,0.));
#6700=DIRECTION('ref_axis',(0.,0.,1.));
#6701=DIRECTION('',(0.,0.,1.));
#6702=DIRECTION('',(-1.,0.,0.));
#6703=DIRECTION('',(0.,0.,1.));
#6704=DIRECTION('center_axis',(0.,0.,-1.));
#6705=DIRECTION('ref_axis',(0.,-1.,0.));
#6706=DIRECTION('',(0.,-1.,0.));
#6707=DIRECTION('',(-1.,0.,0.));
#6708=DIRECTION('',(0.,-1.,0.));
#6709=DIRECTION('',(-1.,0.,0.));
#6710=DIRECTION('',(-1.,0.,0.));
#6711=DIRECTION('',(-1.,0.,0.));
#6712=DIRECTION('',(-1.,0.,0.));
#6713=DIRECTION('',(-1.,0.,0.));
#6714=DIRECTION('',(-1.,0.,0.));
#6715=DIRECTION('center_axis',(1.,0.,0.));
#6716=DIRECTION('ref_axis',(0.,0.,-1.));
#6717=DIRECTION('center_axis',(0.,0.,-1.));
#6718=DIRECTION('ref_axis',(0.,-1.,0.));
#6719=DIRECTION('',(0.,-1.,0.));
#6720=DIRECTION('',(-1.,0.,0.));
#6721=DIRECTION('',(0.,-1.,0.));
#6722=DIRECTION('',(-1.,0.,0.));
#6723=DIRECTION('center_axis',(0.,1.,0.));
#6724=DIRECTION('ref_axis',(0.,0.,-1.));
#6725=DIRECTION('',(0.,0.,-1.));
#6726=DIRECTION('',(-1.,0.,0.));
#6727=DIRECTION('',(0.,0.,-1.));
#6728=DIRECTION('',(-1.,0.,0.));
#6729=DIRECTION('',(-1.,0.,0.));
#6730=DIRECTION('',(-1.,0.,0.));
#6731=DIRECTION('',(-1.,0.,0.));
#6732=DIRECTION('',(-1.,0.,0.));
#6733=DIRECTION('center_axis',(0.,0.,1.));
#6734=DIRECTION('ref_axis',(0.,1.,0.));
#6735=DIRECTION('',(0.,1.,0.));
#6736=DIRECTION('',(-1.,0.,0.));
#6737=DIRECTION('',(0.,1.,0.));
#6738=DIRECTION('center_axis',(0.,-1.,0.));
#6739=DIRECTION('ref_axis',(0.,0.,1.));
#6740=DIRECTION('',(0.,0.,1.));
#6741=DIRECTION('',(-1.,0.,0.));
#6742=DIRECTION('',(0.,0.,1.));
#6743=DIRECTION('',(-1.,0.,0.));
#6744=DIRECTION('',(-1.,0.,0.));
#6745=DIRECTION('',(-1.,0.,0.));
#6746=DIRECTION('',(-1.,0.,0.));
#6747=DIRECTION('',(-1.,0.,0.));
#6748=DIRECTION('',(-1.,0.,0.));
#6749=DIRECTION('center_axis',(0.,0.,1.));
#6750=DIRECTION('ref_axis',(0.,1.,0.));
#6751=DIRECTION('',(0.,1.,0.));
#6752=DIRECTION('',(-1.,0.,0.));
#6753=DIRECTION('',(0.,1.,0.));
#6754=DIRECTION('center_axis',(0.,-1.,0.));
#6755=DIRECTION('ref_axis',(0.,0.,1.));
#6756=DIRECTION('',(0.,0.,1.));
#6757=DIRECTION('',(0.,0.,1.));
#6758=DIRECTION('center_axis',(1.,0.,0.));
#6759=DIRECTION('ref_axis',(0.,0.,-1.));
#6760=DIRECTION('',(-1.,0.,0.));
#6761=DIRECTION('',(-1.,0.,0.));
#6762=DIRECTION('',(-1.,0.,0.));
#6763=DIRECTION('',(-1.,0.,0.));
#6764=DIRECTION('',(-1.,0.,0.));
#6765=DIRECTION('',(-1.,0.,0.));
#6766=DIRECTION('center_axis',(0.,0.,-1.));
#6767=DIRECTION('ref_axis',(0.,-1.,0.));
#6768=DIRECTION('',(0.,-1.,0.));
#6769=DIRECTION('',(-1.,0.,0.));
#6770=DIRECTION('',(0.,-1.,0.));
#6771=DIRECTION('',(-1.,0.,0.));
#6772=DIRECTION('center_axis',(0.,1.,0.));
#6773=DIRECTION('ref_axis',(0.,0.,-1.));
#6774=DIRECTION('',(0.,0.,-1.));
#6775=DIRECTION('',(-1.,0.,0.));
#6776=DIRECTION('',(0.,0.,-1.));
#6777=DIRECTION('',(-1.,0.,0.));
#6778=DIRECTION('',(-1.,0.,0.));
#6779=DIRECTION('',(-1.,0.,0.));
#6780=DIRECTION('',(-1.,0.,0.));
#6781=DIRECTION('',(-1.,0.,0.));
#6782=DIRECTION('',(-1.,0.,0.));
#6783=DIRECTION('',(-1.,0.,0.));
#6784=DIRECTION('',(-1.,0.,0.));
#6785=DIRECTION('',(-1.,0.,0.));
#6786=DIRECTION('',(-1.,0.,0.));
#6787=DIRECTION('center_axis',(0.,-1.,0.));
#6788=DIRECTION('ref_axis',(0.,0.,1.));
#6789=DIRECTION('',(0.,0.,1.));
#6790=DIRECTION('',(-1.,0.,0.));
#6791=DIRECTION('',(-1.,0.,0.));
#6792=DIRECTION('center_axis',(1.,0.,0.));
#6793=DIRECTION('ref_axis',(0.,0.,-1.));
#6794=DIRECTION('center_axis',(0.,0.,-1.));
#6795=DIRECTION('ref_axis',(0.,-1.,0.));
#6796=DIRECTION('',(0.,-1.,0.));
#6797=DIRECTION('',(-1.,0.,0.));
#6798=DIRECTION('',(0.,-1.,0.));
#6799=DIRECTION('',(-1.,0.,0.));
#6800=DIRECTION('center_axis',(0.,1.,0.));
#6801=DIRECTION('ref_axis',(0.,0.,-1.));
#6802=DIRECTION('',(0.,0.,-1.));
#6803=DIRECTION('',(-1.,0.,0.));
#6804=DIRECTION('',(0.,0.,-1.));
#6805=DIRECTION('center_axis',(0.,0.,1.));
#6806=DIRECTION('ref_axis',(0.,1.,0.));
#6807=DIRECTION('',(0.,1.,0.));
#6808=DIRECTION('',(-1.,0.,0.));
#6809=DIRECTION('',(0.,1.,0.));
#6810=DIRECTION('center_axis',(0.,-1.,0.));
#6811=DIRECTION('ref_axis',(0.,0.,1.));
#6812=DIRECTION('',(0.,0.,1.));
#6813=DIRECTION('',(-1.,0.,0.));
#6814=DIRECTION('',(0.,0.,1.));
#6815=DIRECTION('center_axis',(0.,0.459888692405044,0.887976570973569));
#6816=DIRECTION('ref_axis',(0.,0.887976570973569,-0.459888692405045));
#6817=DIRECTION('',(0.,0.887976570973569,-0.459888692405045));
#6818=DIRECTION('',(-1.,0.,0.));
#6819=DIRECTION('',(0.,0.887976570973569,-0.459888692405045));
#6820=DIRECTION('center_axis',(0.,-1.,0.));
#6821=DIRECTION('ref_axis',(0.,0.,1.));
#6822=DIRECTION('',(0.,0.,1.));
#6823=DIRECTION('',(-1.,0.,0.));
#6824=DIRECTION('',(0.,0.,1.));
#6825=DIRECTION('center_axis',(0.,-0.45365850643278,-0.891175605333303));
#6826=DIRECTION('ref_axis',(0.,-0.891175605333303,0.45365850643278));
#6827=DIRECTION('',(0.,-0.891175605333303,0.45365850643278));
#6828=DIRECTION('',(0.,-0.891175605333303,0.45365850643278));
#6829=DIRECTION('center_axis',(-1.,0.,0.));
#6830=DIRECTION('ref_axis',(0.,0.,1.));
#6831=DIRECTION('center_axis',(0.,0.,-1.));
#6832=DIRECTION('ref_axis',(0.,-1.,0.));
#6833=DIRECTION('',(0.,-1.,0.));
#6834=DIRECTION('',(-1.,0.,0.));
#6835=DIRECTION('',(0.,-1.,0.));
#6836=DIRECTION('',(-1.,0.,0.));
#6837=DIRECTION('center_axis',(0.,1.,0.));
#6838=DIRECTION('ref_axis',(0.,0.,-1.));
#6839=DIRECTION('',(0.,0.,-1.));
#6840=DIRECTION('',(-1.,0.,0.));
#6841=DIRECTION('',(0.,0.,-1.));
#6842=DIRECTION('',(-1.,0.,0.));
#6843=DIRECTION('',(-1.,0.,0.));
#6844=DIRECTION('',(-1.,0.,0.));
#6845=DIRECTION('',(-1.,0.,0.));
#6846=DIRECTION('',(-1.,0.,0.));
#6847=DIRECTION('center_axis',(0.,0.,1.));
#6848=DIRECTION('ref_axis',(0.,1.,0.));
#6849=DIRECTION('',(0.,1.,0.));
#6850=DIRECTION('',(-1.,0.,0.));
#6851=DIRECTION('',(0.,1.,0.));
#6852=DIRECTION('center_axis',(0.,-1.,0.));
#6853=DIRECTION('ref_axis',(0.,0.,1.));
#6854=DIRECTION('',(0.,0.,1.));
#6855=DIRECTION('',(-1.,0.,0.));
#6856=DIRECTION('',(0.,0.,1.));
#6857=DIRECTION('',(-1.,0.,0.));
#6858=DIRECTION('',(-1.,0.,0.));
#6859=DIRECTION('',(-1.,0.,0.));
#6860=DIRECTION('',(-1.,0.,0.));
#6861=DIRECTION('',(-1.,0.,0.));
#6862=DIRECTION('',(-1.,0.,0.));
#6863=DIRECTION('center_axis',(0.,0.,1.));
#6864=DIRECTION('ref_axis',(0.,1.,0.));
#6865=DIRECTION('',(0.,1.,0.));
#6866=DIRECTION('',(-1.,0.,0.));
#6867=DIRECTION('',(0.,1.,0.));
#6868=DIRECTION('center_axis',(0.,-1.,0.));
#6869=DIRECTION('ref_axis',(0.,0.,1.));
#6870=DIRECTION('',(0.,0.,1.));
#6871=DIRECTION('',(0.,0.,1.));
#6872=DIRECTION('center_axis',(1.,0.,0.));
#6873=DIRECTION('ref_axis',(0.,0.,-1.));
#6874=DIRECTION('',(-1.,0.,0.));
#6875=DIRECTION('',(-1.,0.,0.));
#6876=DIRECTION('center_axis',(0.,1.,0.));
#6877=DIRECTION('ref_axis',(0.,0.,-1.));
#6878=DIRECTION('',(0.,0.,1.));
#6879=DIRECTION('',(0.,0.,1.));
#6880=DIRECTION('',(-1.,0.,0.));
#6881=DIRECTION('center_axis',(0.,0.,1.));
#6882=DIRECTION('ref_axis',(0.,1.,0.));
#6883=DIRECTION('',(0.,-1.,0.));
#6884=DIRECTION('',(0.,-1.,0.));
#6885=DIRECTION('',(-1.,0.,0.));
#6886=DIRECTION('center_axis',(0.,-1.,0.));
#6887=DIRECTION('ref_axis',(0.,0.,1.));
#6888=DIRECTION('',(0.,0.,-1.));
#6889=DIRECTION('',(0.,0.,-1.));
#6890=DIRECTION('',(-1.,0.,0.));
#6891=DIRECTION('',(-1.,0.,0.));
#6892=DIRECTION('',(-1.,0.,0.));
#6893=DIRECTION('center_axis',(0.,0.632923695833513,-0.774214179185868));
#6894=DIRECTION('ref_axis',(0.,-0.774214179185868,-0.632923695833513));
#6895=DIRECTION('',(0.,-0.774214179185868,-0.632923695833513));
#6896=DIRECTION('',(-1.,0.,0.));
#6897=DIRECTION('',(0.,-0.774214179185868,-0.632923695833513));
#6898=DIRECTION('',(-1.,0.,0.));
#6899=DIRECTION('',(-1.,0.,0.));
#6900=DIRECTION('',(-1.,0.,0.));
#6901=DIRECTION('',(-1.,0.,0.));
#6902=DIRECTION('center_axis',(0.,1.,0.));
#6903=DIRECTION('ref_axis',(0.,0.,-1.));
#6904=DIRECTION('',(0.,0.,-1.));
#6905=DIRECTION('',(-1.,0.,0.));
#6906=DIRECTION('',(0.,0.,-1.));
#6907=DIRECTION('center_axis',(0.,0.,1.));
#6908=DIRECTION('ref_axis',(0.,1.,0.));
#6909=DIRECTION('',(0.,1.,0.));
#6910=DIRECTION('',(-1.,0.,0.));
#6911=DIRECTION('',(0.,1.,0.));
#6912=DIRECTION('center_axis',(0.,-1.,0.));
#6913=DIRECTION('ref_axis',(0.,0.,1.));
#6914=DIRECTION('',(0.,0.,1.));
#6915=DIRECTION('',(-1.,0.,0.));
#6916=DIRECTION('',(0.,0.,1.));
#6917=DIRECTION('center_axis',(0.,0.,-1.));
#6918=DIRECTION('ref_axis',(0.,-1.,0.));
#6919=DIRECTION('',(0.,-1.,0.));
#6920=DIRECTION('',(-1.,0.,0.));
#6921=DIRECTION('',(0.,-1.,0.));
#6922=DIRECTION('center_axis',(0.,-1.,0.));
#6923=DIRECTION('ref_axis',(0.,0.,1.));
#6924=DIRECTION('',(0.,0.,1.));
#6925=DIRECTION('',(-1.,0.,0.));
#6926=DIRECTION('',(0.,0.,1.));
#6927=DIRECTION('center_axis',(0.,-0.621968436201278,0.783042313268789));
#6928=DIRECTION('ref_axis',(0.,0.783042313268789,0.621968436201278));
#6929=DIRECTION('',(0.,0.783042313268789,0.621968436201278));
#6930=DIRECTION('',(-1.,0.,0.));
#6931=DIRECTION('',(0.,0.783042313268789,0.621968436201278));
#6932=DIRECTION('center_axis',(0.,-1.,0.));
#6933=DIRECTION('ref_axis',(0.,0.,1.));
#6934=DIRECTION('',(0.,0.,1.));
#6935=DIRECTION('',(0.,0.,1.));
#6936=DIRECTION('center_axis',(1.,0.,0.));
#6937=DIRECTION('ref_axis',(0.,0.,-1.));
#6938=DIRECTION('center_axis',(0.,0.,-1.));
#6939=DIRECTION('ref_axis',(0.,-1.,0.));
#6940=DIRECTION('',(0.,-1.,0.));
#6941=DIRECTION('',(-1.,0.,0.));
#6942=DIRECTION('',(0.,-1.,0.));
#6943=DIRECTION('',(-1.,0.,0.));
#6944=DIRECTION('center_axis',(0.,1.,0.));
#6945=DIRECTION('ref_axis',(0.,0.,-1.));
#6946=DIRECTION('',(0.,0.,-1.));
#6947=DIRECTION('',(-1.,0.,0.));
#6948=DIRECTION('',(0.,0.,-1.));
#6949=DIRECTION('center_axis',(0.,0.,-1.));
#6950=DIRECTION('ref_axis',(0.,-1.,0.));
#6951=DIRECTION('',(0.,-1.,0.));
#6952=DIRECTION('',(-1.,0.,0.));
#6953=DIRECTION('',(0.,-1.,0.));
#6954=DIRECTION('center_axis',(0.,1.,0.));
#6955=DIRECTION('ref_axis',(0.,0.,-1.));
#6956=DIRECTION('',(0.,0.,-1.));
#6957=DIRECTION('',(-1.,0.,0.));
#6958=DIRECTION('',(0.,0.,-1.));
#6959=DIRECTION('',(-1.,0.,0.));
#6960=DIRECTION('center_axis',(0.,0.,1.));
#6961=DIRECTION('ref_axis',(0.,1.,0.));
#6962=DIRECTION('',(0.,1.,0.));
#6963=DIRECTION('',(-1.,0.,0.));
#6964=DIRECTION('',(0.,1.,0.));
#6965=DIRECTION('center_axis',(0.,-1.,0.));
#6966=DIRECTION('ref_axis',(0.,0.,1.));
#6967=DIRECTION('',(0.,0.,1.));
#6968=DIRECTION('',(-1.,0.,0.));
#6969=DIRECTION('',(0.,0.,1.));
#6970=DIRECTION('center_axis',(0.,0.,1.));
#6971=DIRECTION('ref_axis',(0.,1.,0.));
#6972=DIRECTION('',(0.,1.,0.));
#6973=DIRECTION('',(-1.,0.,0.));
#6974=DIRECTION('',(0.,1.,0.));
#6975=DIRECTION('center_axis',(0.,1.,0.));
#6976=DIRECTION('ref_axis',(0.,0.,-1.));
#6977=DIRECTION('',(0.,0.,-1.));
#6978=DIRECTION('',(-1.,0.,0.));
#6979=DIRECTION('',(0.,0.,-1.));
#6980=DIRECTION('center_axis',(0.,0.,1.));
#6981=DIRECTION('ref_axis',(0.,1.,0.));
#6982=DIRECTION('',(0.,1.,0.));
#6983=DIRECTION('',(-1.,0.,0.));
#6984=DIRECTION('',(0.,1.,0.));
#6985=DIRECTION('center_axis',(0.,-1.,0.));
#6986=DIRECTION('ref_axis',(0.,0.,1.));
#6987=DIRECTION('',(0.,0.,1.));
#6988=DIRECTION('',(0.,0.,1.));
#6989=DIRECTION('center_axis',(1.,0.,0.));
#6990=DIRECTION('ref_axis',(0.,0.,-1.));
#6991=DIRECTION('',(-1.,0.,0.));
#6992=DIRECTION('',(-1.,0.,0.));
#6993=DIRECTION('',(-1.,0.,0.));
#6994=DIRECTION('',(-1.,0.,0.));
#6995=DIRECTION('center_axis',(0.,1.,0.));
#6996=DIRECTION('ref_axis',(0.,0.,-1.));
#6997=DIRECTION('',(0.,0.,-1.));
#6998=DIRECTION('',(-1.,0.,0.));
#6999=DIRECTION('',(0.,0.,-1.));
#7000=DIRECTION('center_axis',(0.,0.,1.));
#7001=DIRECTION('ref_axis',(0.,1.,0.));
#7002=DIRECTION('',(0.,1.,0.));
#7003=DIRECTION('',(-1.,0.,0.));
#7004=DIRECTION('',(0.,1.,0.));
#7005=DIRECTION('center_axis',(0.,-1.,0.));
#7006=DIRECTION('ref_axis',(0.,0.,1.));
#7007=DIRECTION('',(0.,0.,1.));
#7008=DIRECTION('',(-1.,0.,0.));
#7009=DIRECTION('',(0.,0.,1.));
#7010=DIRECTION('',(-1.,0.,0.));
#7011=DIRECTION('',(-1.,0.,0.));
#7012=DIRECTION('',(-1.,0.,0.));
#7013=DIRECTION('',(-1.,0.,0.));
#7014=DIRECTION('',(-1.,0.,0.));
#7015=DIRECTION('center_axis',(0.,1.,0.));
#7016=DIRECTION('ref_axis',(0.,0.,-1.));
#7017=DIRECTION('',(0.,0.,-1.));
#7018=DIRECTION('',(-1.,0.,0.));
#7019=DIRECTION('',(0.,0.,-1.));
#7020=DIRECTION('center_axis',(0.,0.,1.));
#7021=DIRECTION('ref_axis',(0.,1.,0.));
#7022=DIRECTION('',(0.,1.,0.));
#7023=DIRECTION('',(-1.,0.,0.));
#7024=DIRECTION('',(0.,1.,0.));
#7025=DIRECTION('',(-1.,0.,0.));
#7026=DIRECTION('',(-1.,0.,0.));
#7027=DIRECTION('',(-1.,0.,0.));
#7028=DIRECTION('',(-1.,0.,0.));
#7029=DIRECTION('',(-1.,0.,0.));
#7030=DIRECTION('center_axis',(0.,0.,-1.));
#7031=DIRECTION('ref_axis',(0.,-1.,0.));
#7032=DIRECTION('',(0.,-1.,0.));
#7033=DIRECTION('',(-1.,0.,0.));
#7034=DIRECTION('',(0.,-1.,0.));
#7035=DIRECTION('',(-1.,0.,0.));
#7036=DIRECTION('',(-1.,0.,0.));
#7037=DIRECTION('',(-1.,0.,0.));
#7038=DIRECTION('',(-1.,0.,0.));
#7039=DIRECTION('center_axis',(0.,0.,1.));
#7040=DIRECTION('ref_axis',(0.,1.,0.));
#7041=DIRECTION('',(0.,1.,0.));
#7042=DIRECTION('',(-1.,0.,0.));
#7043=DIRECTION('',(0.,1.,0.));
#7044=DIRECTION('center_axis',(0.,-1.,0.));
#7045=DIRECTION('ref_axis',(0.,0.,1.));
#7046=DIRECTION('',(0.,0.,1.));
#7047=DIRECTION('',(-1.,0.,0.));
#7048=DIRECTION('',(0.,0.,1.));
#7049=DIRECTION('',(-1.,0.,0.));
#7050=DIRECTION('center_axis',(1.,0.,0.));
#7051=DIRECTION('ref_axis',(0.,0.,-1.));
#7052=DIRECTION('center_axis',(0.,0.652472978799313,0.757811989834386));
#7053=DIRECTION('ref_axis',(0.,0.757811989834386,-0.652472978799313));
#7054=DIRECTION('',(0.,-0.757811989834386,0.652472978799313));
#7055=DIRECTION('',(-1.,0.,0.));
#7056=DIRECTION('',(0.,-0.757811989834386,0.652472978799313));
#7057=DIRECTION('',(-1.,0.,0.));
#7058=DIRECTION('center_axis',(0.,-1.,0.));
#7059=DIRECTION('ref_axis',(0.,0.,1.));
#7060=DIRECTION('',(0.,0.,-1.));
#7061=DIRECTION('',(0.,0.,-1.));
#7062=DIRECTION('',(-1.,0.,0.));
#7063=DIRECTION('center_axis',(0.,0.,-1.));
#7064=DIRECTION('ref_axis',(0.,-1.,0.));
#7065=DIRECTION('',(0.,1.,0.));
#7066=DIRECTION('',(0.,1.,0.));
#7067=DIRECTION('center_axis',(0.,0.,-1.));
#7068=DIRECTION('ref_axis',(0.,-1.,0.));
#7069=DIRECTION('',(0.,-1.,0.));
#7070=DIRECTION('',(-1.,0.,0.));
#7071=DIRECTION('',(0.,-1.,0.));
#7072=DIRECTION('',(-1.,0.,0.));
#7073=DIRECTION('center_axis',(0.,1.,0.));
#7074=DIRECTION('ref_axis',(0.,0.,-1.));
#7075=DIRECTION('',(0.,0.,-1.));
#7076=DIRECTION('',(-1.,0.,0.));
#7077=DIRECTION('',(0.,0.,-1.));
#7078=DIRECTION('center_axis',(0.,0.,-1.));
#7079=DIRECTION('ref_axis',(0.,-1.,0.));
#7080=DIRECTION('',(0.,-1.,0.));
#7081=DIRECTION('',(-1.,0.,0.));
#7082=DIRECTION('',(0.,-1.,0.));
#7083=DIRECTION('center_axis',(0.,1.,0.));
#7084=DIRECTION('ref_axis',(0.,0.,-1.));
#7085=DIRECTION('',(0.,0.,-1.));
#7086=DIRECTION('',(-1.,0.,0.));
#7087=DIRECTION('',(0.,0.,-1.));
#7088=DIRECTION('center_axis',(0.,0.655472859888769,0.755218729871842));
#7089=DIRECTION('ref_axis',(0.,0.755218729871842,-0.655472859888769));
#7090=DIRECTION('',(0.,0.755218729871842,-0.655472859888769));
#7091=DIRECTION('',(-1.,0.,0.));
#7092=DIRECTION('',(0.,0.755218729871842,-0.655472859888769));
#7093=DIRECTION('center_axis',(0.,0.,1.));
#7094=DIRECTION('ref_axis',(0.,1.,0.));
#7095=DIRECTION('',(0.,1.,0.));
#7096=DIRECTION('',(-1.,0.,0.));
#7097=DIRECTION('',(0.,1.,0.));
#7098=DIRECTION('center_axis',(0.,-1.,0.));
#7099=DIRECTION('ref_axis',(0.,0.,1.));
#7100=DIRECTION('',(0.,0.,1.));
#7101=DIRECTION('',(-1.,0.,0.));
#7102=DIRECTION('',(0.,0.,1.));
#7103=DIRECTION('center_axis',(0.,0.,1.));
#7104=DIRECTION('ref_axis',(0.,1.,0.));
#7105=DIRECTION('',(0.,1.,0.));
#7106=DIRECTION('',(-1.,0.,0.));
#7107=DIRECTION('',(0.,1.,0.));
#7108=DIRECTION('center_axis',(0.,-1.,0.));
#7109=DIRECTION('ref_axis',(0.,0.,1.));
#7110=DIRECTION('',(0.,0.,1.));
#7111=DIRECTION('',(-1.,0.,0.));
#7112=DIRECTION('',(0.,0.,1.));
#7113=DIRECTION('center_axis',(0.,0.,-1.));
#7114=DIRECTION('ref_axis',(0.,-1.,0.));
#7115=DIRECTION('',(0.,-1.,0.));
#7116=DIRECTION('',(-1.,0.,0.));
#7117=DIRECTION('',(0.,-1.,0.));
#7118=DIRECTION('center_axis',(0.,-1.,0.));
#7119=DIRECTION('ref_axis',(0.,0.,1.));
#7120=DIRECTION('',(0.,0.,1.));
#7121=DIRECTION('',(0.,0.,1.));
#7122=DIRECTION('center_axis',(-1.,0.,0.));
#7123=DIRECTION('ref_axis',(0.,0.,1.));
#7124=DIRECTION('',(-1.,0.,0.));
#7125=DIRECTION('',(-1.,0.,0.));
#7126=DIRECTION('',(-1.,0.,0.));
#7127=DIRECTION('',(-1.,0.,0.));
#7128=DIRECTION('center_axis',(0.,0.,-1.));
#7129=DIRECTION('ref_axis',(0.,-1.,0.));
#7130=DIRECTION('',(0.,-1.,0.));
#7131=DIRECTION('',(-1.,0.,0.));
#7132=DIRECTION('',(0.,-1.,0.));
#7133=DIRECTION('center_axis',(0.,-1.,0.));
#7134=DIRECTION('ref_axis',(0.,0.,1.));
#7135=DIRECTION('',(0.,0.,1.));
#7136=DIRECTION('',(-1.,0.,0.));
#7137=DIRECTION('',(0.,0.,1.));
#7138=DIRECTION('center_axis',(0.,0.,-1.));
#7139=DIRECTION('ref_axis',(0.,-1.,0.));
#7140=DIRECTION('',(0.,-1.,0.));
#7141=DIRECTION('',(-1.,0.,0.));
#7142=DIRECTION('',(0.,-1.,0.));
#7143=DIRECTION('center_axis',(0.,1.,0.));
#7144=DIRECTION('ref_axis',(0.,0.,-1.));
#7145=DIRECTION('',(0.,0.,-1.));
#7146=DIRECTION('',(-1.,0.,0.));
#7147=DIRECTION('',(0.,0.,-1.));
#7148=DIRECTION('center_axis',(0.,0.,1.));
#7149=DIRECTION('ref_axis',(0.,1.,0.));
#7150=DIRECTION('',(0.,1.,0.));
#7151=DIRECTION('',(-1.,0.,0.));
#7152=DIRECTION('',(0.,1.,0.));
#7153=DIRECTION('',(-1.,0.,0.));
#7154=DIRECTION('',(-1.,0.,0.));
#7155=DIRECTION('',(-1.,0.,0.));
#7156=DIRECTION('',(-1.,0.,0.));
#7157=DIRECTION('',(-1.,0.,0.));
#7158=DIRECTION('',(-1.,0.,0.));
#7159=DIRECTION('',(-1.,0.,0.));
#7160=DIRECTION('center_axis',(0.,1.,0.));
#7161=DIRECTION('ref_axis',(0.,0.,-1.));
#7162=DIRECTION('',(0.,0.,-1.));
#7163=DIRECTION('',(-1.,0.,0.));
#7164=DIRECTION('',(0.,0.,-1.));
#7165=DIRECTION('center_axis',(0.,0.,1.));
#7166=DIRECTION('ref_axis',(0.,1.,0.));
#7167=DIRECTION('',(0.,1.,0.));
#7168=DIRECTION('',(-1.,0.,0.));
#7169=DIRECTION('',(0.,1.,0.));
#7170=DIRECTION('',(-1.,0.,0.));
#7171=DIRECTION('',(-1.,0.,0.));
#7172=DIRECTION('center_axis',(1.,0.,0.));
#7173=DIRECTION('ref_axis',(0.,0.,-1.));
#7174=DIRECTION('',(-1.,0.,0.));
#7175=DIRECTION('',(-1.,0.,0.));
#7176=DIRECTION('center_axis',(0.,1.,0.));
#7177=DIRECTION('ref_axis',(0.,0.,-1.));
#7178=DIRECTION('',(0.,0.,1.));
#7179=DIRECTION('',(0.,0.,1.));
#7180=DIRECTION('',(-1.,0.,0.));
#7181=DIRECTION('center_axis',(0.,0.,1.));
#7182=DIRECTION('ref_axis',(0.,1.,0.));
#7183=DIRECTION('',(0.,-1.,0.));
#7184=DIRECTION('',(0.,-1.,0.));
#7185=DIRECTION('',(-1.,0.,0.));
#7186=DIRECTION('center_axis',(0.,-1.,0.));
#7187=DIRECTION('ref_axis',(0.,0.,1.));
#7188=DIRECTION('',(0.,0.,-1.));
#7189=DIRECTION('',(0.,0.,-1.));
#7190=DIRECTION('',(-1.,0.,0.));
#7191=DIRECTION('',(-1.,0.,0.));
#7192=DIRECTION('',(-1.,0.,0.));
#7193=DIRECTION('',(-1.,0.,0.));
#7194=DIRECTION('',(-1.,0.,0.));
#7195=DIRECTION('',(-1.,0.,0.));
#7196=DIRECTION('center_axis',(0.,1.,0.));
#7197=DIRECTION('ref_axis',(0.,0.,-1.));
#7198=DIRECTION('',(0.,0.,-1.));
#7199=DIRECTION('',(-1.,0.,0.));
#7200=DIRECTION('',(0.,0.,-1.));
#7201=DIRECTION('center_axis',(0.,0.,1.));
#7202=DIRECTION('ref_axis',(0.,1.,0.));
#7203=DIRECTION('',(0.,1.,0.));
#7204=DIRECTION('',(-1.,0.,0.));
#7205=DIRECTION('',(0.,1.,0.));
#7206=DIRECTION('center_axis',(0.,-1.,0.));
#7207=DIRECTION('ref_axis',(0.,0.,1.));
#7208=DIRECTION('',(0.,0.,1.));
#7209=DIRECTION('',(-1.,0.,0.));
#7210=DIRECTION('',(0.,0.,1.));
#7211=DIRECTION('',(-1.,0.,0.));
#7212=DIRECTION('center_axis',(1.,0.,0.));
#7213=DIRECTION('ref_axis',(0.,0.,-1.));
#7214=DIRECTION('',(-1.,0.,0.));
#7215=DIRECTION('',(-1.,0.,0.));
#7216=DIRECTION('',(-1.,0.,0.));
#7217=DIRECTION('',(-1.,0.,0.));
#7218=DIRECTION('',(-1.,0.,0.));
#7219=DIRECTION('',(-1.,0.,0.));
#7220=DIRECTION('center_axis',(0.,0.,-1.));
#7221=DIRECTION('ref_axis',(0.,-1.,0.));
#7222=DIRECTION('',(0.,-1.,0.));
#7223=DIRECTION('',(-1.,0.,0.));
#7224=DIRECTION('',(0.,-1.,0.));
#7225=DIRECTION('',(-1.,0.,0.));
#7226=DIRECTION('center_axis',(0.,1.,0.));
#7227=DIRECTION('ref_axis',(0.,0.,-1.));
#7228=DIRECTION('',(0.,0.,-1.));
#7229=DIRECTION('',(-1.,0.,0.));
#7230=DIRECTION('',(0.,0.,-1.));
#7231=DIRECTION('',(-1.,0.,0.));
#7232=DIRECTION('',(-1.,0.,0.));
#7233=DIRECTION('',(-1.,0.,0.));
#7234=DIRECTION('',(-1.,0.,0.));
#7235=DIRECTION('',(-1.,0.,0.));
#7236=DIRECTION('',(-1.,0.,0.));
#7237=DIRECTION('',(-1.,0.,0.));
#7238=DIRECTION('',(-1.,0.,0.));
#7239=DIRECTION('',(-1.,0.,0.));
#7240=DIRECTION('',(-1.,0.,0.));
#7241=DIRECTION('center_axis',(0.,-1.,0.));
#7242=DIRECTION('ref_axis',(0.,0.,1.));
#7243=DIRECTION('',(0.,0.,1.));
#7244=DIRECTION('',(-1.,0.,0.));
#7245=DIRECTION('',(-1.,0.,0.));
#7246=DIRECTION('center_axis',(1.,0.,0.));
#7247=DIRECTION('ref_axis',(0.,0.,-1.));
#7248=DIRECTION('center_axis',(0.,0.,-1.));
#7249=DIRECTION('ref_axis',(0.,-1.,0.));
#7250=DIRECTION('',(0.,-1.,0.));
#7251=DIRECTION('',(-1.,0.,0.));
#7252=DIRECTION('',(0.,-1.,0.));
#7253=DIRECTION('',(-1.,0.,0.));
#7254=DIRECTION('center_axis',(0.,1.,0.));
#7255=DIRECTION('ref_axis',(0.,0.,-1.));
#7256=DIRECTION('',(0.,0.,-1.));
#7257=DIRECTION('',(-1.,0.,0.));
#7258=DIRECTION('',(0.,0.,-1.));
#7259=DIRECTION('center_axis',(0.,0.,-1.));
#7260=DIRECTION('ref_axis',(0.,-1.,0.));
#7261=DIRECTION('',(0.,-1.,0.));
#7262=DIRECTION('',(-1.,0.,0.));
#7263=DIRECTION('',(0.,-1.,0.));
#7264=DIRECTION('center_axis',(0.,1.,0.));
#7265=DIRECTION('ref_axis',(0.,0.,-1.));
#7266=DIRECTION('',(0.,0.,-1.));
#7267=DIRECTION('',(-1.,0.,0.));
#7268=DIRECTION('',(0.,0.,-1.));
#7269=DIRECTION('',(-1.,0.,0.));
#7270=DIRECTION('center_axis',(0.,0.,1.));
#7271=DIRECTION('ref_axis',(0.,1.,0.));
#7272=DIRECTION('',(0.,1.,0.));
#7273=DIRECTION('',(-1.,0.,0.));
#7274=DIRECTION('',(0.,1.,0.));
#7275=DIRECTION('center_axis',(0.,-1.,0.));
#7276=DIRECTION('ref_axis',(0.,0.,1.));
#7277=DIRECTION('',(0.,0.,1.));
#7278=DIRECTION('',(-1.,0.,0.));
#7279=DIRECTION('',(0.,0.,1.));
#7280=DIRECTION('center_axis',(0.,0.,1.));
#7281=DIRECTION('ref_axis',(0.,1.,0.));
#7282=DIRECTION('',(0.,1.,0.));
#7283=DIRECTION('',(-1.,0.,0.));
#7284=DIRECTION('',(0.,1.,0.));
#7285=DIRECTION('center_axis',(0.,1.,0.));
#7286=DIRECTION('ref_axis',(0.,0.,-1.));
#7287=DIRECTION('',(0.,0.,-1.));
#7288=DIRECTION('',(-1.,0.,0.));
#7289=DIRECTION('',(0.,0.,-1.));
#7290=DIRECTION('center_axis',(0.,0.,1.));
#7291=DIRECTION('ref_axis',(0.,1.,0.));
#7292=DIRECTION('',(0.,1.,0.));
#7293=DIRECTION('',(-1.,0.,0.));
#7294=DIRECTION('',(0.,1.,0.));
#7295=DIRECTION('center_axis',(0.,-1.,0.));
#7296=DIRECTION('ref_axis',(0.,0.,1.));
#7297=DIRECTION('',(0.,0.,1.));
#7298=DIRECTION('',(0.,0.,1.));
#7299=DIRECTION('center_axis',(1.,0.,0.));
#7300=DIRECTION('ref_axis',(0.,0.,-1.));
#7301=DIRECTION('',(-1.,0.,0.));
#7302=DIRECTION('',(-1.,0.,0.));
#7303=DIRECTION('',(-1.,0.,0.));
#7304=DIRECTION('',(-1.,0.,0.));
#7305=DIRECTION('',(-1.,0.,0.));
#7306=DIRECTION('',(-1.,0.,0.));
#7307=DIRECTION('',(-1.,0.,0.));
#7308=DIRECTION('',(-1.,0.,0.));
#7309=DIRECTION('',(-1.,0.,0.));
#7310=DIRECTION('',(-1.,0.,0.));
#7311=DIRECTION('',(-1.,0.,0.));
#7312=DIRECTION('',(-1.,0.,0.));
#7313=DIRECTION('',(-1.,0.,0.));
#7314=DIRECTION('center_axis',(0.,0.,-1.));
#7315=DIRECTION('ref_axis',(0.,-1.,0.));
#7316=DIRECTION('',(0.,-1.,0.));
#7317=DIRECTION('',(-1.,0.,0.));
#7318=DIRECTION('',(0.,-1.,0.));
#7319=DIRECTION('',(-1.,0.,0.));
#7320=DIRECTION('',(-1.,0.,0.));
#7321=DIRECTION('',(-1.,0.,0.));
#7322=DIRECTION('',(-1.,0.,0.));
#7323=DIRECTION('center_axis',(0.,0.,1.));
#7324=DIRECTION('ref_axis',(0.,1.,0.));
#7325=DIRECTION('',(0.,1.,0.));
#7326=DIRECTION('',(-1.,0.,0.));
#7327=DIRECTION('',(0.,1.,0.));
#7328=DIRECTION('',(-1.,0.,0.));
#7329=DIRECTION('',(-1.,0.,0.));
#7330=DIRECTION('center_axis',(1.,0.,0.));
#7331=DIRECTION('ref_axis',(0.,0.,-1.));
#7332=DIRECTION('center_axis',(1.,0.,0.));
#7333=DIRECTION('ref_axis',(0.,0.,-1.));
#7334=DIRECTION('',(0.,0.,-1.));
#7335=DIRECTION('',(0.,1.,0.));
#7336=DIRECTION('',(0.,0.,-1.));
#7337=DIRECTION('',(0.,1.,0.));
#7338=DIRECTION('',(0.,1.,0.));
#7339=DIRECTION('',(0.,0.,-1.));
#7340=DIRECTION('',(0.,-1.,0.));
#7341=DIRECTION('',(0.,0.,1.));
#7342=DIRECTION('',(0.,1.,0.));
#7343=DIRECTION('',(0.,0.,-1.));
#7344=DIRECTION('',(0.,-1.,0.));
#7345=DIRECTION('',(0.,0.,1.));
#7346=DIRECTION('',(0.,0.,1.));
#7347=DIRECTION('',(0.,1.,0.));
#7348=DIRECTION('',(0.,0.,-1.));
#7349=DIRECTION('',(0.,-1.,0.));
#7350=DIRECTION('',(0.,0.,1.));
#7351=DIRECTION('',(0.,1.,0.));
#7352=DIRECTION('',(0.,0.,-1.));
#7353=DIRECTION('',(0.,-1.,0.));
#7354=DIRECTION('',(0.,1.,0.));
#7355=DIRECTION('',(0.,0.,-1.));
#7356=DIRECTION('',(0.,-1.,0.));
#7357=DIRECTION('',(0.,0.,1.));
#7358=DIRECTION('',(0.,-1.,0.));
#7359=DIRECTION('',(0.,0.,1.));
#7360=DIRECTION('',(0.,1.,0.));
#7361=DIRECTION('',(0.,0.,-1.));
#7362=DIRECTION('',(0.,1.,0.));
#7363=DIRECTION('',(0.,0.,-1.));
#7364=DIRECTION('',(0.,-1.,0.));
#7365=DIRECTION('',(0.,0.,1.));
#7366=DIRECTION('',(0.,0.,1.));
#7367=DIRECTION('',(0.,1.,0.));
#7368=DIRECTION('',(0.,0.,-1.));
#7369=DIRECTION('',(0.,-1.,0.));
#7370=DIRECTION('',(0.,0.,1.));
#7371=DIRECTION('',(0.,1.,0.));
#7372=DIRECTION('',(0.,0.,-1.));
#7373=DIRECTION('',(0.,-1.,0.));
#7374=DIRECTION('',(0.,0.,1.));
#7375=DIRECTION('',(0.,1.,0.));
#7376=DIRECTION('',(0.,0.,-1.));
#7377=DIRECTION('',(0.,-1.,0.));
#7378=DIRECTION('',(0.,1.,0.));
#7379=DIRECTION('',(0.,0.,-1.));
#7380=DIRECTION('',(0.,-1.,0.));
#7381=DIRECTION('',(0.,0.,1.));
#7382=DIRECTION('',(0.,-1.,0.));
#7383=DIRECTION('',(0.,0.,1.));
#7384=DIRECTION('',(0.,1.,0.));
#7385=DIRECTION('',(0.,0.,-1.));
#7386=DIRECTION('center_axis',(1.,0.,0.));
#7387=DIRECTION('ref_axis',(0.,0.,-1.));
#7388=DIRECTION('center_axis',(1.,0.,0.));
#7389=DIRECTION('ref_axis',(0.,0.,-1.));
#7390=DIRECTION('center_axis',(1.,0.,0.));
#7391=DIRECTION('ref_axis',(0.,0.,-1.));
#7392=DIRECTION('center_axis',(1.,0.,0.));
#7393=DIRECTION('ref_axis',(0.,0.,-1.));
#7394=DIRECTION('center_axis',(1.,0.,0.));
#7395=DIRECTION('ref_axis',(0.,0.,-1.));
#7396=DIRECTION('center_axis',(1.,0.,0.));
#7397=DIRECTION('ref_axis',(0.,0.,-1.));
#7398=DIRECTION('center_axis',(1.,0.,0.));
#7399=DIRECTION('ref_axis',(0.,0.,-1.));
#7400=DIRECTION('center_axis',(-1.,0.,0.));
#7401=DIRECTION('ref_axis',(0.,0.,1.));
#7402=DIRECTION('',(0.,0.,-1.));
#7403=DIRECTION('',(0.,1.,0.));
#7404=DIRECTION('',(0.,0.,1.));
#7405=DIRECTION('',(0.,1.,0.));
#7406=DIRECTION('center_axis',(0.,0.,-1.));
#7407=DIRECTION('ref_axis',(-1.,0.,0.));
#7408=DIRECTION('',(1.,0.,0.));
#7409=DIRECTION('',(-1.,0.,0.));
#7410=DIRECTION('',(0.,1.,0.));
#7411=DIRECTION('center_axis',(1.,0.,-3.64007549057429E-16));
#7412=DIRECTION('ref_axis',(-3.64007549057429E-16,0.,-1.));
#7413=DIRECTION('',(3.64007549057429E-16,0.,1.));
#7414=DIRECTION('',(-3.64007549057429E-16,0.,-1.));
#7415=DIRECTION('',(0.,1.,0.));
#7416=DIRECTION('center_axis',(0.,0.,1.));
#7417=DIRECTION('ref_axis',(1.,0.,0.));
#7418=DIRECTION('',(-1.,0.,0.));
#7419=DIRECTION('',(1.,0.,0.));
#7420=DIRECTION('center_axis',(0.,1.,0.));
#7421=DIRECTION('ref_axis',(0.,0.,1.));
#7422=DIRECTION('center_axis',(-1.,0.,3.64007549057428E-16));
#7423=DIRECTION('ref_axis',(3.64007549057428E-16,0.,1.));
#7424=DIRECTION('',(-3.64007549057428E-16,0.,-1.));
#7425=DIRECTION('',(0.,1.,0.));
#7426=DIRECTION('',(3.64007549057428E-16,0.,1.));
#7427=DIRECTION('',(0.,1.,0.));
#7428=DIRECTION('center_axis',(1.82003774528714E-16,0.,-1.));
#7429=DIRECTION('ref_axis',(-1.,0.,-1.82003774528714E-16));
#7430=DIRECTION('',(1.,0.,1.82003774528714E-16));
#7431=DIRECTION('',(-1.,0.,-1.82003774528714E-16));
#7432=DIRECTION('',(0.,1.,0.));
#7433=DIRECTION('center_axis',(1.,0.,-4.55009436321786E-17));
#7434=DIRECTION('ref_axis',(-4.55009436321786E-17,0.,-1.));
#7435=DIRECTION('',(4.55009436321786E-17,0.,1.));
#7436=DIRECTION('',(-4.55009436321786E-17,0.,-1.));
#7437=DIRECTION('',(0.,1.,0.));
#7438=DIRECTION('center_axis',(-1.36502830896536E-16,0.,1.));
#7439=DIRECTION('ref_axis',(1.,0.,1.36502830896536E-16));
#7440=DIRECTION('',(-1.,0.,-1.36502830896536E-16));
#7441=DIRECTION('',(1.,0.,1.36502830896536E-16));
#7442=DIRECTION('center_axis',(0.,1.,0.));
#7443=DIRECTION('ref_axis',(0.,0.,1.));
#7444=DIRECTION('center_axis',(1.,0.,0.));
#7445=DIRECTION('ref_axis',(0.,0.,1.));
#7446=DIRECTION('',(0.,0.,-1.));
#7447=DIRECTION('',(0.,-1.,0.));
#7448=DIRECTION('',(0.,0.,1.));
#7449=DIRECTION('',(0.,-1.,0.));
#7450=DIRECTION('center_axis',(0.,0.,-1.));
#7451=DIRECTION('ref_axis',(1.,0.,0.));
#7452=DIRECTION('',(-1.,0.,0.));
#7453=DIRECTION('',(1.,0.,0.));
#7454=DIRECTION('',(0.,-1.,0.));
#7455=DIRECTION('center_axis',(-1.,0.,0.));
#7456=DIRECTION('ref_axis',(0.,0.,-1.));
#7457=DIRECTION('',(0.,0.,1.));
#7458=DIRECTION('',(0.,0.,-1.));
#7459=DIRECTION('',(0.,-1.,0.));
#7460=DIRECTION('center_axis',(0.,0.,1.));
#7461=DIRECTION('ref_axis',(-1.,0.,0.));
#7462=DIRECTION('',(1.,0.,0.));
#7463=DIRECTION('',(-1.,0.,0.));
#7464=DIRECTION('center_axis',(0.,-1.,0.));
#7465=DIRECTION('ref_axis',(0.,0.,-1.));
#7466=DIRECTION('center_axis',(1.,0.,0.));
#7467=DIRECTION('ref_axis',(0.,0.,1.));
#7468=DIRECTION('',(0.,0.,-1.));
#7469=DIRECTION('',(0.,-1.,0.));
#7470=DIRECTION('',(0.,0.,1.));
#7471=DIRECTION('',(0.,-1.,0.));
#7472=DIRECTION('center_axis',(0.,0.,-1.));
#7473=DIRECTION('ref_axis',(1.,0.,0.));
#7474=DIRECTION('',(-1.,0.,0.));
#7475=DIRECTION('',(1.,0.,0.));
#7476=DIRECTION('',(0.,-1.,0.));
#7477=DIRECTION('center_axis',(-1.,0.,0.));
#7478=DIRECTION('ref_axis',(0.,0.,-1.));
#7479=DIRECTION('',(0.,0.,1.));
#7480=DIRECTION('',(0.,0.,-1.));
#7481=DIRECTION('',(0.,-1.,0.));
#7482=DIRECTION('center_axis',(0.,0.,1.));
#7483=DIRECTION('ref_axis',(-1.,0.,0.));
#7484=DIRECTION('',(1.,0.,0.));
#7485=DIRECTION('',(-1.,0.,0.));
#7486=DIRECTION('center_axis',(0.,-1.,0.));
#7487=DIRECTION('ref_axis',(0.,0.,-1.));
#7488=DIRECTION('center_axis',(0.,0.,1.));
#7489=DIRECTION('ref_axis',(0.,1.,0.));
#7490=DIRECTION('',(0.,-1.,0.));
#7491=DIRECTION('',(-1.,0.,0.));
#7492=DIRECTION('',(0.,1.,0.));
#7493=DIRECTION('',(-1.,0.,0.));
#7494=DIRECTION('center_axis',(-1.,0.,0.));
#7495=DIRECTION('ref_axis',(0.,0.,1.));
#7496=DIRECTION('',(0.,0.,-1.));
#7497=DIRECTION('',(0.,-1.,0.));
#7498=DIRECTION('',(0.,0.,1.));
#7499=DIRECTION('center_axis',(0.,0.,-1.));
#7500=DIRECTION('ref_axis',(0.,-1.,0.));
#7501=DIRECTION('',(0.,1.,0.));
#7502=DIRECTION('',(-1.,0.,0.));
#7503=DIRECTION('',(-1.,0.,0.));
#7504=DIRECTION('center_axis',(0.,1.,0.));
#7505=DIRECTION('ref_axis',(0.,0.,-1.));
#7506=DIRECTION('',(0.,0.,1.));
#7507=DIRECTION('',(-1.,0.,0.));
#7508=DIRECTION('center_axis',(0.,0.,1.));
#7509=DIRECTION('ref_axis',(0.,1.,0.));
#7510=DIRECTION('',(0.,-1.,0.));
#7511=DIRECTION('',(-1.,0.,0.));
#7512=DIRECTION('center_axis',(0.,-1.,0.));
#7513=DIRECTION('ref_axis',(0.,0.,1.));
#7514=DIRECTION('',(0.,0.,-1.));
#7515=DIRECTION('center_axis',(0.,0.,-1.));
#7516=DIRECTION('ref_axis',(0.,-1.,0.));
#7517=DIRECTION('',(0.,1.,0.));
#7518=DIRECTION('',(-1.,0.,0.));
#7519=DIRECTION('',(-1.,0.,0.));
#7520=DIRECTION('center_axis',(0.,1.,0.));
#7521=DIRECTION('ref_axis',(0.,0.,-1.));
#7522=DIRECTION('',(0.,0.,1.));
#7523=DIRECTION('',(-1.,0.,0.));
#7524=DIRECTION('center_axis',(0.,0.,1.));
#7525=DIRECTION('ref_axis',(0.,1.,0.));
#7526=DIRECTION('',(0.,-1.,0.));
#7527=DIRECTION('',(-1.,0.,0.));
#7528=DIRECTION('center_axis',(0.,-1.,0.));
#7529=DIRECTION('ref_axis',(0.,0.,1.));
#7530=DIRECTION('',(0.,0.,-1.));
#7531=DIRECTION('center_axis',(0.,1.,0.));
#7532=DIRECTION('ref_axis',(0.,0.,-1.));
#7533=DIRECTION('',(0.,0.,1.));
#7534=DIRECTION('',(-1.,0.,0.));
#7535=DIRECTION('',(-1.,0.,0.));
#7536=DIRECTION('center_axis',(0.,0.,1.));
#7537=DIRECTION('ref_axis',(0.,1.,0.));
#7538=DIRECTION('',(0.,-1.,0.));
#7539=DIRECTION('',(-1.,0.,0.));
#7540=DIRECTION('center_axis',(0.,-1.,0.));
#7541=DIRECTION('ref_axis',(0.,0.,1.));
#7542=DIRECTION('',(0.,0.,-1.));
#7543=DIRECTION('',(-1.,0.,0.));
#7544=DIRECTION('center_axis',(0.,0.,-1.));
#7545=DIRECTION('ref_axis',(0.,-1.,0.));
#7546=DIRECTION('',(0.,1.,0.));
#7547=DIRECTION('center_axis',(0.,1.,0.));
#7548=DIRECTION('ref_axis',(0.,0.,-1.));
#7549=DIRECTION('',(0.,0.,1.));
#7550=DIRECTION('',(-1.,0.,0.));
#7551=DIRECTION('',(-1.,0.,0.));
#7552=DIRECTION('center_axis',(0.,0.,1.));
#7553=DIRECTION('ref_axis',(0.,1.,0.));
#7554=DIRECTION('',(0.,-1.,0.));
#7555=DIRECTION('',(-1.,0.,0.));
#7556=DIRECTION('center_axis',(0.,-1.,0.));
#7557=DIRECTION('ref_axis',(0.,0.,1.));
#7558=DIRECTION('',(0.,0.,-1.));
#7559=DIRECTION('',(-1.,0.,0.));
#7560=DIRECTION('center_axis',(0.,0.,-1.));
#7561=DIRECTION('ref_axis',(0.,-1.,0.));
#7562=DIRECTION('',(0.,1.,0.));
#7563=DIRECTION('center_axis',(0.,0.,-1.));
#7564=DIRECTION('ref_axis',(0.,-1.,0.));
#7565=DIRECTION('',(0.,1.,0.));
#7566=DIRECTION('',(-1.,0.,0.));
#7567=DIRECTION('',(-1.,0.,0.));
#7568=DIRECTION('center_axis',(0.,1.,0.));
#7569=DIRECTION('ref_axis',(0.,0.,-1.));
#7570=DIRECTION('',(0.,0.,1.));
#7571=DIRECTION('',(-1.,0.,0.));
#7572=DIRECTION('center_axis',(0.,0.,1.));
#7573=DIRECTION('ref_axis',(0.,1.,0.));
#7574=DIRECTION('',(0.,-1.,0.));
#7575=DIRECTION('',(-1.,0.,0.));
#7576=DIRECTION('center_axis',(0.,-1.,0.));
#7577=DIRECTION('ref_axis',(0.,0.,1.));
#7578=DIRECTION('',(0.,0.,-1.));
#7579=DIRECTION('center_axis',(0.,0.,1.));
#7580=DIRECTION('ref_axis',(0.,1.,0.));
#7581=DIRECTION('',(0.,-1.,0.));
#7582=DIRECTION('',(-1.,0.,0.));
#7583=DIRECTION('',(-1.,0.,0.));
#7584=DIRECTION('center_axis',(0.,-1.,0.));
#7585=DIRECTION('ref_axis',(0.,0.,1.));
#7586=DIRECTION('',(0.,0.,-1.));
#7587=DIRECTION('',(-1.,0.,0.));
#7588=DIRECTION('center_axis',(0.,0.,-1.));
#7589=DIRECTION('ref_axis',(0.,-1.,0.));
#7590=DIRECTION('',(0.,1.,0.));
#7591=DIRECTION('',(-1.,0.,0.));
#7592=DIRECTION('center_axis',(0.,1.,0.));
#7593=DIRECTION('ref_axis',(0.,0.,-1.));
#7594=DIRECTION('',(0.,0.,1.));
#7595=DIRECTION('center_axis',(0.,0.,-1.));
#7596=DIRECTION('ref_axis',(0.,-1.,0.));
#7597=DIRECTION('',(0.,1.,0.));
#7598=DIRECTION('',(-1.,0.,0.));
#7599=DIRECTION('',(-1.,0.,0.));
#7600=DIRECTION('center_axis',(0.,1.,0.));
#7601=DIRECTION('ref_axis',(0.,0.,-1.));
#7602=DIRECTION('',(0.,0.,1.));
#7603=DIRECTION('',(-1.,0.,0.));
#7604=DIRECTION('center_axis',(0.,0.,1.));
#7605=DIRECTION('ref_axis',(0.,1.,0.));
#7606=DIRECTION('',(0.,-1.,0.));
#7607=DIRECTION('',(-1.,0.,0.));
#7608=DIRECTION('center_axis',(0.,-1.,0.));
#7609=DIRECTION('ref_axis',(0.,0.,1.));
#7610=DIRECTION('',(0.,0.,-1.));
#7611=DIRECTION('center_axis',(0.,1.,0.));
#7612=DIRECTION('ref_axis',(0.,0.,-1.));
#7613=DIRECTION('',(0.,0.,1.));
#7614=DIRECTION('',(-1.,0.,0.));
#7615=DIRECTION('',(-1.,0.,0.));
#7616=DIRECTION('center_axis',(0.,0.,1.));
#7617=DIRECTION('ref_axis',(0.,1.,0.));
#7618=DIRECTION('',(0.,-1.,0.));
#7619=DIRECTION('',(-1.,0.,0.));
#7620=DIRECTION('center_axis',(0.,-1.,0.));
#7621=DIRECTION('ref_axis',(0.,0.,1.));
#7622=DIRECTION('',(0.,0.,-1.));
#7623=DIRECTION('',(-1.,0.,0.));
#7624=DIRECTION('center_axis',(0.,0.,-1.));
#7625=DIRECTION('ref_axis',(0.,-1.,0.));
#7626=DIRECTION('',(0.,1.,0.));
#7627=DIRECTION('center_axis',(0.,1.,0.));
#7628=DIRECTION('ref_axis',(0.,0.,-1.));
#7629=DIRECTION('',(0.,0.,1.));
#7630=DIRECTION('',(-1.,0.,0.));
#7631=DIRECTION('',(-1.,0.,0.));
#7632=DIRECTION('center_axis',(0.,0.,1.));
#7633=DIRECTION('ref_axis',(0.,1.,0.));
#7634=DIRECTION('',(0.,-1.,0.));
#7635=DIRECTION('',(-1.,0.,0.));
#7636=DIRECTION('center_axis',(0.,-1.,0.));
#7637=DIRECTION('ref_axis',(0.,0.,1.));
#7638=DIRECTION('',(0.,0.,-1.));
#7639=DIRECTION('',(-1.,0.,0.));
#7640=DIRECTION('center_axis',(0.,0.,-1.));
#7641=DIRECTION('ref_axis',(0.,-1.,0.));
#7642=DIRECTION('',(0.,1.,0.));
#7643=DIRECTION('center_axis',(0.,1.,0.));
#7644=DIRECTION('ref_axis',(0.,0.,-1.));
#7645=DIRECTION('',(0.,0.,1.));
#7646=DIRECTION('',(-1.,0.,0.));
#7647=DIRECTION('',(-1.,0.,0.));
#7648=DIRECTION('center_axis',(0.,0.,1.));
#7649=DIRECTION('ref_axis',(0.,1.,0.));
#7650=DIRECTION('',(0.,-1.,0.));
#7651=DIRECTION('',(-1.,0.,0.));
#7652=DIRECTION('center_axis',(0.,-1.,0.));
#7653=DIRECTION('ref_axis',(0.,0.,1.));
#7654=DIRECTION('',(0.,0.,-1.));
#7655=DIRECTION('',(-1.,0.,0.));
#7656=DIRECTION('center_axis',(0.,0.,-1.));
#7657=DIRECTION('ref_axis',(0.,-1.,0.));
#7658=DIRECTION('',(0.,1.,0.));
#7659=DIRECTION('center_axis',(0.,0.,-1.));
#7660=DIRECTION('ref_axis',(0.,-1.,0.));
#7661=DIRECTION('',(0.,1.,0.));
#7662=DIRECTION('',(-1.,0.,0.));
#7663=DIRECTION('',(-1.,0.,0.));
#7664=DIRECTION('center_axis',(0.,1.,0.));
#7665=DIRECTION('ref_axis',(0.,0.,-1.));
#7666=DIRECTION('',(0.,0.,1.));
#7667=DIRECTION('',(-1.,0.,0.));
#7668=DIRECTION('center_axis',(0.,0.,1.));
#7669=DIRECTION('ref_axis',(0.,1.,0.));
#7670=DIRECTION('',(0.,-1.,0.));
#7671=DIRECTION('',(-1.,0.,0.));
#7672=DIRECTION('center_axis',(0.,-1.,0.));
#7673=DIRECTION('ref_axis',(0.,0.,1.));
#7674=DIRECTION('',(0.,0.,-1.));
#7675=DIRECTION('center_axis',(0.,0.,1.));
#7676=DIRECTION('ref_axis',(0.,1.,0.));
#7677=DIRECTION('',(0.,-1.,0.));
#7678=DIRECTION('',(-1.,0.,0.));
#7679=DIRECTION('',(-1.,0.,0.));
#7680=DIRECTION('center_axis',(0.,-1.,0.));
#7681=DIRECTION('ref_axis',(0.,0.,1.));
#7682=DIRECTION('',(0.,0.,-1.));
#7683=DIRECTION('',(-1.,0.,0.));
#7684=DIRECTION('center_axis',(0.,0.,-1.));
#7685=DIRECTION('ref_axis',(0.,-1.,0.));
#7686=DIRECTION('',(0.,1.,0.));
#7687=DIRECTION('',(-1.,0.,0.));
#7688=DIRECTION('center_axis',(0.,1.,0.));
#7689=DIRECTION('ref_axis',(0.,0.,-1.));
#7690=DIRECTION('',(0.,0.,1.));
#7691=DIRECTION('center_axis',(1.,0.,0.));
#7692=DIRECTION('ref_axis',(0.,0.,-1.));
#7693=DIRECTION('center_axis',(0.,0.,1.));
#7694=DIRECTION('ref_axis',(1.,0.,0.));
#7695=DIRECTION('',(1.,0.,0.));
#7696=DIRECTION('',(1.,0.,0.));
#7697=DIRECTION('',(0.,1.,0.));
#7698=DIRECTION('center_axis',(-1.,0.,0.));
#7699=DIRECTION('ref_axis',(0.,0.,1.));
#7700=DIRECTION('',(0.,0.,1.));
#7701=DIRECTION('',(0.,0.,1.));
#7702=DIRECTION('center_axis',(0.,0.,-1.));
#7703=DIRECTION('ref_axis',(-1.,0.,0.));
#7704=DIRECTION('',(-1.,0.,0.));
#7705=DIRECTION('',(-1.,0.,0.));
#7706=DIRECTION('center_axis',(0.,1.,0.));
#7707=DIRECTION('ref_axis',(0.,0.,1.));
#7708=DIRECTION('center_axis',(0.,1.,0.));
#7709=DIRECTION('ref_axis',(0.,0.,1.));
#7710=DIRECTION('center_axis',(0.,1.,0.));
#7711=DIRECTION('ref_axis',(1.,0.,0.));
#7712=DIRECTION('center_axis',(0.,1.,0.));
#7713=DIRECTION('ref_axis',(1.,0.,0.));
#7714=CARTESIAN_POINT('',(0.,0.,0.));
#7715=CARTESIAN_POINT('Ctrl Pts',(0.,29.1102107283652,-42.4902755369823));
#7716=CARTESIAN_POINT('Ctrl Pts',(-2.,29.1102107283652,-42.4902755369823));
#7717=CARTESIAN_POINT('Ctrl Pts',(0.,29.1102107283652,-42.629659655753));
#7718=CARTESIAN_POINT('Ctrl Pts',(-2.,29.1102107283652,-42.629659655753));
#7719=CARTESIAN_POINT('Ctrl Pts',(0.,29.0551053790837,-42.8954619287575));
#7720=CARTESIAN_POINT('Ctrl Pts',(-2.,29.0551053790837,-42.8954619287575));
#7721=CARTESIAN_POINT('Ctrl Pts',(0.,28.9708266095945,-43.0024311361862));
#7722=CARTESIAN_POINT('Ctrl Pts',(-2.,28.9708266095945,-43.0024311361862));
#7723=CARTESIAN_POINT('',(0.,28.9708266095945,-43.0024311361862));
#7724=CARTESIAN_POINT('',(0.,29.1102107283652,-42.4902755369823));
#7725=CARTESIAN_POINT('Ctrl Pts',(0.,28.9708266095945,-43.0024311361862));
#7726=CARTESIAN_POINT('Ctrl Pts',(0.,29.0551053790837,-42.8954619287575));
#7727=CARTESIAN_POINT('Ctrl Pts',(0.,29.1102107283652,-42.629659655753));
#7728=CARTESIAN_POINT('Ctrl Pts',(0.,29.1102107283652,-42.4902755369823));
#7729=CARTESIAN_POINT('',(-2.,28.9708266095945,-43.0024311361862));
#7730=CARTESIAN_POINT('',(0.,28.9708266095945,-43.0024311361862));
#7731=CARTESIAN_POINT('',(-2.,29.1102107283652,-42.4902755369823));
#7732=CARTESIAN_POINT('Ctrl Pts',(-2.,28.9708266095945,-43.0024311361862));
#7733=CARTESIAN_POINT('Ctrl Pts',(-2.,29.0551053790837,-42.8954619287575));
#7734=CARTESIAN_POINT('Ctrl Pts',(-2.,29.1102107283652,-42.629659655753));
#7735=CARTESIAN_POINT('Ctrl Pts',(-2.,29.1102107283652,-42.4902755369823));
#7736=CARTESIAN_POINT('',(0.,29.1102107283652,-42.4902755369823));
#7737=CARTESIAN_POINT('Ctrl Pts',(0.,28.8897893312395,-41.777147487458));
#7738=CARTESIAN_POINT('Ctrl Pts',(-2.,28.8897893312395,-41.777147487458));
#7739=CARTESIAN_POINT('Ctrl Pts',(0.,28.9967585386681,-41.9489465175707));
#7740=CARTESIAN_POINT('Ctrl Pts',(-2.,28.9967585386681,-41.9489465175707));
#7741=CARTESIAN_POINT('Ctrl Pts',(0.,29.1102107283652,-42.3022690511986));
#7742=CARTESIAN_POINT('Ctrl Pts',(-2.,29.1102107283652,-42.3022690511986));
#7743=CARTESIAN_POINT('Ctrl Pts',(0.,29.1102107283652,-42.4902755369823));
#7744=CARTESIAN_POINT('Ctrl Pts',(-2.,29.1102107283652,-42.4902755369823));
#7745=CARTESIAN_POINT('',(0.,28.8897893312395,-41.777147487458));
#7746=CARTESIAN_POINT('Ctrl Pts',(0.,29.1102107283652,-42.4902755369823));
#7747=CARTESIAN_POINT('Ctrl Pts',(0.,29.1102107283652,-42.3022690511986));
#7748=CARTESIAN_POINT('Ctrl Pts',(0.,28.9967585386681,-41.9489465175707));
#7749=CARTESIAN_POINT('Ctrl Pts',(0.,28.8897893312395,-41.777147487458));
#7750=CARTESIAN_POINT('',(-2.,28.8897893312395,-41.777147487458));
#7751=CARTESIAN_POINT('Ctrl Pts',(-2.,29.1102107283652,-42.4902755369823));
#7752=CARTESIAN_POINT('Ctrl Pts',(-2.,29.1102107283652,-42.3022690511986));
#7753=CARTESIAN_POINT('Ctrl Pts',(-2.,28.9967585386681,-41.9489465175707));
#7754=CARTESIAN_POINT('Ctrl Pts',(-2.,28.8897893312395,-41.777147487458));
#7755=CARTESIAN_POINT('',(0.,28.8897893312395,-41.777147487458));
#7756=CARTESIAN_POINT('Ctrl Pts',(0.,28.6369530227717,-41.7674230140554));
#7757=CARTESIAN_POINT('Ctrl Pts',(-2.,28.6369530227717,-41.7674230140554));
#7758=CARTESIAN_POINT('Ctrl Pts',(0.,28.721231792261,-41.7674230140554));
#7759=CARTESIAN_POINT('Ctrl Pts',(-2.,28.721231792261,-41.7674230140554));
#7760=CARTESIAN_POINT('Ctrl Pts',(0.,28.8314424908238,-41.7739059963238));
#7761=CARTESIAN_POINT('Ctrl Pts',(-2.,28.8314424908238,-41.7739059963238));
#7762=CARTESIAN_POINT('Ctrl Pts',(0.,28.8897893312395,-41.777147487458));
#7763=CARTESIAN_POINT('Ctrl Pts',(-2.,28.8897893312395,-41.777147487458));
#7764=CARTESIAN_POINT('',(0.,28.6369530227717,-41.7674230140554));
#7765=CARTESIAN_POINT('Ctrl Pts',(0.,28.8897893312395,-41.777147487458));
#7766=CARTESIAN_POINT('Ctrl Pts',(0.,28.8314424908238,-41.7739059963238));
#7767=CARTESIAN_POINT('Ctrl Pts',(0.,28.721231792261,-41.7674230140554));
#7768=CARTESIAN_POINT('Ctrl Pts',(0.,28.6369530227717,-41.7674230140554));
#7769=CARTESIAN_POINT('',(-2.,28.6369530227717,-41.7674230140554));
#7770=CARTESIAN_POINT('Ctrl Pts',(-2.,28.8897893312395,-41.777147487458));
#7771=CARTESIAN_POINT('Ctrl Pts',(-2.,28.8314424908238,-41.7739059963238));
#7772=CARTESIAN_POINT('Ctrl Pts',(-2.,28.721231792261,-41.7674230140554));
#7773=CARTESIAN_POINT('Ctrl Pts',(-2.,28.6369530227717,-41.7674230140554));
#7774=CARTESIAN_POINT('',(0.,28.6369530227717,-41.7674230140554));
#7775=CARTESIAN_POINT('Ctrl Pts',(0.,27.5802269130221,-42.0526742338651));
#7776=CARTESIAN_POINT('Ctrl Pts',(-2.,27.5802269130221,-42.0526742338651));
#7777=CARTESIAN_POINT('Ctrl Pts',(0.,27.7131280495243,-41.9294975707655));
#7778=CARTESIAN_POINT('Ctrl Pts',(-2.,27.7131280495243,-41.9294975707655));
#7779=CARTESIAN_POINT('Ctrl Pts',(0.,28.222042157594,-41.7674230140554));
#7780=CARTESIAN_POINT('Ctrl Pts',(-2.,28.222042157594,-41.7674230140554));
#7781=CARTESIAN_POINT('Ctrl Pts',(0.,28.6369530227717,-41.7674230140554));
#7782=CARTESIAN_POINT('Ctrl Pts',(-2.,28.6369530227717,-41.7674230140554));
#7783=CARTESIAN_POINT('',(0.,27.5802269130221,-42.0526742338651));
#7784=CARTESIAN_POINT('Ctrl Pts',(0.,28.6369530227717,-41.7674230140554));
#7785=CARTESIAN_POINT('Ctrl Pts',(0.,28.222042157594,-41.7674230140554));
#7786=CARTESIAN_POINT('Ctrl Pts',(0.,27.7131280495243,-41.9294975707655));
#7787=CARTESIAN_POINT('Ctrl Pts',(0.,27.5802269130221,-42.0526742338651));
#7788=CARTESIAN_POINT('',(-2.,27.5802269130221,-42.0526742338651));
#7789=CARTESIAN_POINT('Ctrl Pts',(-2.,28.6369530227717,-41.7674230140554));
#7790=CARTESIAN_POINT('Ctrl Pts',(-2.,28.222042157594,-41.7674230140554));
#7791=CARTESIAN_POINT('Ctrl Pts',(-2.,27.7131280495243,-41.9294975707655));
#7792=CARTESIAN_POINT('Ctrl Pts',(-2.,27.5802269130221,-42.0526742338651));
#7793=CARTESIAN_POINT('',(0.,27.5802269130221,-42.0526742338651));
#7794=CARTESIAN_POINT('Ctrl Pts',(0.,27.353322533628,-42.5518638685322));
#7795=CARTESIAN_POINT('Ctrl Pts',(-2.,27.353322533628,-42.5518638685322));
#7796=CARTESIAN_POINT('Ctrl Pts',(0.,27.353322533628,-42.4124797497615));
#7797=CARTESIAN_POINT('Ctrl Pts',(-2.,27.353322533628,-42.4124797497615));
#7798=CARTESIAN_POINT('Ctrl Pts',(0.,27.4538087587882,-42.1661264235622));
#7799=CARTESIAN_POINT('Ctrl Pts',(-2.,27.4538087587882,-42.1661264235622));
#7800=CARTESIAN_POINT('Ctrl Pts',(0.,27.5802269130221,-42.0526742338651));
#7801=CARTESIAN_POINT('Ctrl Pts',(-2.,27.5802269130221,-42.0526742338651));
#7802=CARTESIAN_POINT('',(0.,27.353322533628,-42.5518638685321));
#7803=CARTESIAN_POINT('Ctrl Pts',(0.,27.5802269130221,-42.0526742338651));
#7804=CARTESIAN_POINT('Ctrl Pts',(0.,27.4538087587882,-42.1661264235622));
#7805=CARTESIAN_POINT('Ctrl Pts',(0.,27.353322533628,-42.4124797497615));
#7806=CARTESIAN_POINT('Ctrl Pts',(0.,27.353322533628,-42.5518638685322));
#7807=CARTESIAN_POINT('',(-2.,27.353322533628,-42.5518638685321));
#7808=CARTESIAN_POINT('Ctrl Pts',(-2.,27.5802269130221,-42.0526742338651));
#7809=CARTESIAN_POINT('Ctrl Pts',(-2.,27.4538087587882,-42.1661264235622));
#7810=CARTESIAN_POINT('Ctrl Pts',(-2.,27.353322533628,-42.4124797497615));
#7811=CARTESIAN_POINT('Ctrl Pts',(-2.,27.353322533628,-42.5518638685322));
#7812=CARTESIAN_POINT('',(0.,27.353322533628,-42.5518638685321));
#7813=CARTESIAN_POINT('Ctrl Pts',(0.,28.2739060157412,-43.2747163914591));
#7814=CARTESIAN_POINT('Ctrl Pts',(-2.,28.2739060157412,-43.2747163914591));
#7815=CARTESIAN_POINT('Ctrl Pts',(0.,27.8136142746846,-43.2747163914591));
#7816=CARTESIAN_POINT('Ctrl Pts',(-2.,27.8136142746846,-43.2747163914591));
#7817=CARTESIAN_POINT('Ctrl Pts',(0.,27.353322533628,-42.8760129819523));
#7818=CARTESIAN_POINT('Ctrl Pts',(-2.,27.353322533628,-42.8760129819523));
#7819=CARTESIAN_POINT('Ctrl Pts',(0.,27.353322533628,-42.5518638685322));
#7820=CARTESIAN_POINT('Ctrl Pts',(-2.,27.353322533628,-42.5518638685322));
#7821=CARTESIAN_POINT('',(0.,28.2739060157412,-43.2747163914591));
#7822=CARTESIAN_POINT('Ctrl Pts',(0.,27.353322533628,-42.5518638685322));
#7823=CARTESIAN_POINT('Ctrl Pts',(0.,27.353322533628,-42.8760129819523));
#7824=CARTESIAN_POINT('Ctrl Pts',(0.,27.8136142746846,-43.2747163914591));
#7825=CARTESIAN_POINT('Ctrl Pts',(0.,28.2739060157412,-43.2747163914591));
#7826=CARTESIAN_POINT('',(-2.,28.2739060157412,-43.2747163914591));
#7827=CARTESIAN_POINT('Ctrl Pts',(-2.,27.353322533628,-42.5518638685322));
#7828=CARTESIAN_POINT('Ctrl Pts',(-2.,27.353322533628,-42.8760129819523));
#7829=CARTESIAN_POINT('Ctrl Pts',(-2.,27.8136142746846,-43.2747163914591));
#7830=CARTESIAN_POINT('Ctrl Pts',(-2.,28.2739060157412,-43.2747163914591));
#7831=CARTESIAN_POINT('',(0.,28.2739060157412,-43.2747163914591));
#7832=CARTESIAN_POINT('Ctrl Pts',(0.,28.9708266095945,-43.0024311361862));
#7833=CARTESIAN_POINT('Ctrl Pts',(-2.,28.9708266095945,-43.0024311361862));
#7834=CARTESIAN_POINT('Ctrl Pts',(0.,28.8541329287632,-43.145056746091));
#7835=CARTESIAN_POINT('Ctrl Pts',(-2.,28.8541329287632,-43.145056746091));
#7836=CARTESIAN_POINT('Ctrl Pts',(0.,28.5202593419405,-43.2747163914591));
#7837=CARTESIAN_POINT('Ctrl Pts',(-2.,28.5202593419405,-43.2747163914591));
#7838=CARTESIAN_POINT('Ctrl Pts',(0.,28.2739060157412,-43.2747163914591));
#7839=CARTESIAN_POINT('Ctrl Pts',(-2.,28.2739060157412,-43.2747163914591));
#7840=CARTESIAN_POINT('Ctrl Pts',(0.,28.2739060157412,-43.2747163914591));
#7841=CARTESIAN_POINT('Ctrl Pts',(0.,28.5202593419405,-43.2747163914591));
#7842=CARTESIAN_POINT('Ctrl Pts',(0.,28.8541329287632,-43.145056746091));
#7843=CARTESIAN_POINT('Ctrl Pts',(0.,28.9708266095945,-43.0024311361862));
#7844=CARTESIAN_POINT('Ctrl Pts',(-2.,28.2739060157412,-43.2747163914591));
#7845=CARTESIAN_POINT('Ctrl Pts',(-2.,28.5202593419405,-43.2747163914591));
#7846=CARTESIAN_POINT('Ctrl Pts',(-2.,28.8541329287632,-43.145056746091));
#7847=CARTESIAN_POINT('Ctrl Pts',(-2.,28.9708266095945,-43.0024311361862));
#7848=CARTESIAN_POINT('Ctrl Pts',(0.,29.3176661609541,-43.3849270900219));
#7849=CARTESIAN_POINT('Ctrl Pts',(-2.,29.3176661609541,-43.3849270900219));
#7850=CARTESIAN_POINT('Ctrl Pts',(0.,29.1523501131098,-43.6053484871476));
#7851=CARTESIAN_POINT('Ctrl Pts',(-2.,29.1523501131098,-43.6053484871476));
#7852=CARTESIAN_POINT('Ctrl Pts',(0.,28.6401945139059,-43.8192869020049));
#7853=CARTESIAN_POINT('Ctrl Pts',(-2.,28.6401945139059,-43.8192869020049));
#7854=CARTESIAN_POINT('Ctrl Pts',(0.,28.2965964536806,-43.8192869020049));
#7855=CARTESIAN_POINT('Ctrl Pts',(-2.,28.2965964536806,-43.8192869020049));
#7856=CARTESIAN_POINT('',(0.,29.3176661609541,-43.3849270900219));
#7857=CARTESIAN_POINT('',(0.,28.2965964536806,-43.8192869020049));
#7858=CARTESIAN_POINT('Ctrl Pts',(0.,29.3176661609541,-43.3849270900219));
#7859=CARTESIAN_POINT('Ctrl Pts',(0.,29.1523501131098,-43.6053484871476));
#7860=CARTESIAN_POINT('Ctrl Pts',(0.,28.6401945139059,-43.8192869020049));
#7861=CARTESIAN_POINT('Ctrl Pts',(0.,28.2965964536806,-43.8192869020049));
#7862=CARTESIAN_POINT('',(-2.,29.3176661609541,-43.3849270900219));
#7863=CARTESIAN_POINT('',(0.,29.3176661609541,-43.3849270900219));
#7864=CARTESIAN_POINT('',(-2.,28.2965964536806,-43.8192869020049));
#7865=CARTESIAN_POINT('Ctrl Pts',(-2.,29.3176661609541,-43.3849270900219));
#7866=CARTESIAN_POINT('Ctrl Pts',(-2.,29.1523501131098,-43.6053484871476));
#7867=CARTESIAN_POINT('Ctrl Pts',(-2.,28.6401945139059,-43.8192869020049));
#7868=CARTESIAN_POINT('Ctrl Pts',(-2.,28.2965964536806,-43.8192869020049));
#7869=CARTESIAN_POINT('',(0.,28.2965964536806,-43.8192869020049));
#7870=CARTESIAN_POINT('Ctrl Pts',(0.,29.5542950137508,-42.6102107089478));
#7871=CARTESIAN_POINT('Ctrl Pts',(-2.,29.5542950137508,-42.6102107089478));
#7872=CARTESIAN_POINT('Ctrl Pts',(0.,29.5542950137508,-42.8435980706103));
#7873=CARTESIAN_POINT('Ctrl Pts',(-2.,29.5542950137508,-42.8435980706103));
#7874=CARTESIAN_POINT('Ctrl Pts',(0.,29.4602917708589,-43.193679113104));
#7875=CARTESIAN_POINT('Ctrl Pts',(-2.,29.4602917708589,-43.193679113104));
#7876=CARTESIAN_POINT('Ctrl Pts',(0.,29.3176661609541,-43.3849270900219));
#7877=CARTESIAN_POINT('Ctrl Pts',(-2.,29.3176661609541,-43.3849270900219));
#7878=CARTESIAN_POINT('',(0.,29.5542950137508,-42.6102107089478));
#7879=CARTESIAN_POINT('Ctrl Pts',(0.,29.5542950137508,-42.6102107089478));
#7880=CARTESIAN_POINT('Ctrl Pts',(0.,29.5542950137508,-42.8435980706103));
#7881=CARTESIAN_POINT('Ctrl Pts',(0.,29.4602917708589,-43.193679113104));
#7882=CARTESIAN_POINT('Ctrl Pts',(0.,29.3176661609541,-43.3849270900219));
#7883=CARTESIAN_POINT('',(-2.,29.5542950137508,-42.6102107089478));
#7884=CARTESIAN_POINT('',(0.,29.5542950137508,-42.6102107089478));
#7885=CARTESIAN_POINT('Ctrl Pts',(-2.,29.5542950137508,-42.6102107089478));
#7886=CARTESIAN_POINT('Ctrl Pts',(-2.,29.5542950137508,-42.8435980706103));
#7887=CARTESIAN_POINT('Ctrl Pts',(-2.,29.4602917708589,-43.193679113104));
#7888=CARTESIAN_POINT('Ctrl Pts',(-2.,29.3176661609541,-43.3849270900219));
#7889=CARTESIAN_POINT('Ctrl Pts',(0.,29.2755267762094,-41.777147487458));
#7890=CARTESIAN_POINT('Ctrl Pts',(-2.,29.2755267762094,-41.777147487458));
#7891=CARTESIAN_POINT('Ctrl Pts',(0.,29.4084279127117,-41.9683954643759));
#7892=CARTESIAN_POINT('Ctrl Pts',(-2.,29.4084279127117,-41.9683954643759));
#7893=CARTESIAN_POINT('Ctrl Pts',(0.,29.5542950137508,-42.3703403650169));
#7894=CARTESIAN_POINT('Ctrl Pts',(-2.,29.5542950137508,-42.3703403650169));
#7895=CARTESIAN_POINT('Ctrl Pts',(0.,29.5542950137508,-42.6102107089478));
#7896=CARTESIAN_POINT('Ctrl Pts',(-2.,29.5542950137508,-42.6102107089478));
#7897=CARTESIAN_POINT('',(0.,29.2755267762094,-41.777147487458));
#7898=CARTESIAN_POINT('Ctrl Pts',(0.,29.2755267762094,-41.777147487458));
#7899=CARTESIAN_POINT('Ctrl Pts',(0.,29.4084279127117,-41.9683954643759));
#7900=CARTESIAN_POINT('Ctrl Pts',(0.,29.5542950137508,-42.3703403650169));
#7901=CARTESIAN_POINT('Ctrl Pts',(0.,29.5542950137508,-42.6102107089478));
#7902=CARTESIAN_POINT('',(-2.,29.2755267762094,-41.777147487458));
#7903=CARTESIAN_POINT('',(0.,29.2755267762094,-41.777147487458));
#7904=CARTESIAN_POINT('Ctrl Pts',(-2.,29.2755267762094,-41.777147487458));
#7905=CARTESIAN_POINT('Ctrl Pts',(-2.,29.4084279127117,-41.9683954643759));
#7906=CARTESIAN_POINT('Ctrl Pts',(-2.,29.5542950137508,-42.3703403650169));
#7907=CARTESIAN_POINT('Ctrl Pts',(-2.,29.5542950137508,-42.6102107089478));
#7908=CARTESIAN_POINT('Ctrl Pts',(0.,30.6110211235005,-42.9473257869047));
#7909=CARTESIAN_POINT('Ctrl Pts',(-2.,30.6110211235005,-42.9473257869047));
#7910=CARTESIAN_POINT('Ctrl Pts',(0.,30.6110211235005,-42.4481361522377));
#7911=CARTESIAN_POINT('Ctrl Pts',(-2.,30.6110211235005,-42.4481361522377));
#7912=CARTESIAN_POINT('Ctrl Pts',(0.,29.9367909675865,-41.8354943278736));
#7913=CARTESIAN_POINT('Ctrl Pts',(-2.,29.9367909675865,-41.8354943278736));
#7914=CARTESIAN_POINT('Ctrl Pts',(0.,29.2755267762094,-41.777147487458));
#7915=CARTESIAN_POINT('Ctrl Pts',(-2.,29.2755267762094,-41.777147487458));
#7916=CARTESIAN_POINT('',(0.,30.6110211235005,-42.9473257869047));
#7917=CARTESIAN_POINT('Ctrl Pts',(0.,30.6110211235005,-42.9473257869047));
#7918=CARTESIAN_POINT('Ctrl Pts',(0.,30.6110211235005,-42.4481361522377));
#7919=CARTESIAN_POINT('Ctrl Pts',(0.,29.9367909675865,-41.8354943278736));
#7920=CARTESIAN_POINT('Ctrl Pts',(0.,29.2755267762094,-41.777147487458));
#7921=CARTESIAN_POINT('',(-2.,30.6110211235005,-42.9473257869047));
#7922=CARTESIAN_POINT('',(0.,30.6110211235005,-42.9473257869047));
#7923=CARTESIAN_POINT('Ctrl Pts',(-2.,30.6110211235005,-42.9473257869047));
#7924=CARTESIAN_POINT('Ctrl Pts',(-2.,30.6110211235005,-42.4481361522377));
#7925=CARTESIAN_POINT('Ctrl Pts',(-2.,29.9367909675865,-41.8354943278736));
#7926=CARTESIAN_POINT('Ctrl Pts',(-2.,29.2755267762094,-41.777147487458));
#7927=CARTESIAN_POINT('Ctrl Pts',(0.,30.5040519160718,-43.449756912706));
#7928=CARTESIAN_POINT('Ctrl Pts',(-2.,30.5040519160718,-43.449756912706));
#7929=CARTESIAN_POINT('Ctrl Pts',(0.,30.5429498096822,-43.3752026166193));
#7930=CARTESIAN_POINT('Ctrl Pts',(-2.,30.5429498096822,-43.3752026166193));
#7931=CARTESIAN_POINT('Ctrl Pts',(0.,30.6110211235005,-43.1029173613464));
#7932=CARTESIAN_POINT('Ctrl Pts',(-2.,30.6110211235005,-43.1029173613464));
#7933=CARTESIAN_POINT('Ctrl Pts',(0.,30.6110211235005,-42.9473257869047));
#7934=CARTESIAN_POINT('Ctrl Pts',(-2.,30.6110211235005,-42.9473257869047));
#7935=CARTESIAN_POINT('',(0.,30.5040519160718,-43.449756912706));
#7936=CARTESIAN_POINT('Ctrl Pts',(0.,30.5040519160718,-43.449756912706));
#7937=CARTESIAN_POINT('Ctrl Pts',(0.,30.5429498096822,-43.3752026166193));
#7938=CARTESIAN_POINT('Ctrl Pts',(0.,30.6110211235005,-43.1029173613464));
#7939=CARTESIAN_POINT('Ctrl Pts',(0.,30.6110211235005,-42.9473257869047));
#7940=CARTESIAN_POINT('',(-2.,30.5040519160718,-43.449756912706));
#7941=CARTESIAN_POINT('',(0.,30.5040519160718,-43.449756912706));
#7942=CARTESIAN_POINT('Ctrl Pts',(-2.,30.5040519160718,-43.449756912706));
#7943=CARTESIAN_POINT('Ctrl Pts',(-2.,30.5429498096822,-43.3752026166193));
#7944=CARTESIAN_POINT('Ctrl Pts',(-2.,30.6110211235005,-43.1029173613464));
#7945=CARTESIAN_POINT('Ctrl Pts',(-2.,30.6110211235005,-42.9473257869047));
#7946=CARTESIAN_POINT('Origin',(0.,30.5040519160718,-43.4724473506454));
#7947=CARTESIAN_POINT('',(0.,30.5040519160718,-43.4724473506454));
#7948=CARTESIAN_POINT('',(0.,30.5040519160718,-21.7362236753227));
#7949=CARTESIAN_POINT('',(-2.,30.5040519160718,-43.4724473506454));
#7950=CARTESIAN_POINT('',(0.,30.5040519160718,-43.4724473506454));
#7951=CARTESIAN_POINT('',(-2.,30.5040519160718,-43.4724473506454));
#7952=CARTESIAN_POINT('Origin',(0.,31.0194490064098,-43.4724473506454));
#7953=CARTESIAN_POINT('',(0.,31.0194490064098,-43.4724473506454));
#7954=CARTESIAN_POINT('',(0.,15.5097245032049,-43.4724473506454));
#7955=CARTESIAN_POINT('',(-2.,31.0194490064098,-43.4724473506454));
#7956=CARTESIAN_POINT('',(0.,31.0194490064098,-43.4724473506454));
#7957=CARTESIAN_POINT('',(-2.,31.0194490064098,-43.4724473506454));
#7958=CARTESIAN_POINT('Ctrl Pts',(0.,31.0745543556913,-43.0186385918572));
#7959=CARTESIAN_POINT('Ctrl Pts',(-2.,31.0745543556913,-43.0186385918572));
#7960=CARTESIAN_POINT('Ctrl Pts',(0.,31.0745543556913,-43.1515397283594));
#7961=CARTESIAN_POINT('Ctrl Pts',(-2.,31.0745543556913,-43.1515397283594));
#7962=CARTESIAN_POINT('Ctrl Pts',(0.,31.0486224266177,-43.3849270900219));
#7963=CARTESIAN_POINT('Ctrl Pts',(-2.,31.0486224266177,-43.3849270900219));
#7964=CARTESIAN_POINT('Ctrl Pts',(0.,31.0194490064098,-43.4724473506454));
#7965=CARTESIAN_POINT('Ctrl Pts',(-2.,31.0194490064098,-43.4724473506454));
#7966=CARTESIAN_POINT('',(0.,31.0745543556913,-43.0186385918572));
#7967=CARTESIAN_POINT('Ctrl Pts',(0.,31.0745543556913,-43.0186385918572));
#7968=CARTESIAN_POINT('Ctrl Pts',(0.,31.0745543556913,-43.1515397283594));
#7969=CARTESIAN_POINT('Ctrl Pts',(0.,31.0486224266177,-43.3849270900219));
#7970=CARTESIAN_POINT('Ctrl Pts',(0.,31.0194490064098,-43.4724473506454));
#7971=CARTESIAN_POINT('',(-2.,31.0745543556913,-43.0186385918572));
#7972=CARTESIAN_POINT('',(0.,31.0745543556913,-43.0186385918572));
#7973=CARTESIAN_POINT('Ctrl Pts',(-2.,31.0745543556913,-43.0186385918572));
#7974=CARTESIAN_POINT('Ctrl Pts',(-2.,31.0745543556913,-43.1515397283594));
#7975=CARTESIAN_POINT('Ctrl Pts',(-2.,31.0486224266177,-43.3849270900219));
#7976=CARTESIAN_POINT('Ctrl Pts',(-2.,31.0194490064098,-43.4724473506454));
#7977=CARTESIAN_POINT('Ctrl Pts',(0.,30.4294976199852,-41.6636952977609));
#7978=CARTESIAN_POINT('Ctrl Pts',(-2.,30.4294976199852,-41.6636952977609));
#7979=CARTESIAN_POINT('Ctrl Pts',(0.,30.7341977866001,-41.8808752037524));
#7980=CARTESIAN_POINT('Ctrl Pts',(-2.,30.7341977866001,-41.8808752037524));
#7981=CARTESIAN_POINT('Ctrl Pts',(0.,31.0745543556913,-42.5680713242032));
#7982=CARTESIAN_POINT('Ctrl Pts',(-2.,31.0745543556913,-42.5680713242032));
#7983=CARTESIAN_POINT('Ctrl Pts',(0.,31.0745543556913,-43.0186385918572));
#7984=CARTESIAN_POINT('Ctrl Pts',(-2.,31.0745543556913,-43.0186385918572));
#7985=CARTESIAN_POINT('',(0.,30.4294976199852,-41.6636952977609));
#7986=CARTESIAN_POINT('Ctrl Pts',(0.,30.4294976199852,-41.6636952977609));
#7987=CARTESIAN_POINT('Ctrl Pts',(0.,30.7341977866001,-41.8808752037524));
#7988=CARTESIAN_POINT('Ctrl Pts',(0.,31.0745543556913,-42.5680713242032));
#7989=CARTESIAN_POINT('Ctrl Pts',(0.,31.0745543556913,-43.0186385918572));
#7990=CARTESIAN_POINT('',(-2.,30.4294976199852,-41.6636952977609));
#7991=CARTESIAN_POINT('',(0.,30.4294976199852,-41.6636952977609));
#7992=CARTESIAN_POINT('Ctrl Pts',(-2.,30.4294976199852,-41.6636952977609));
#7993=CARTESIAN_POINT('Ctrl Pts',(-2.,30.7341977866001,-41.8808752037524));
#7994=CARTESIAN_POINT('Ctrl Pts',(-2.,31.0745543556913,-42.5680713242032));
#7995=CARTESIAN_POINT('Ctrl Pts',(-2.,31.0745543556913,-43.0186385918572));
#7996=CARTESIAN_POINT('Ctrl Pts',(0.,28.7568881947372,-41.2260939946437));
#7997=CARTESIAN_POINT('Ctrl Pts',(-2.,28.7568881947372,-41.2260939946437));
#7998=CARTESIAN_POINT('Ctrl Pts',(0.,29.2787682673436,-41.2260939946437));
#7999=CARTESIAN_POINT('Ctrl Pts',(-2.,29.2787682673436,-41.2260939946437));
#8000=CARTESIAN_POINT('Ctrl Pts',(0.,30.1183144711018,-41.440032409501));
#8001=CARTESIAN_POINT('Ctrl Pts',(-2.,30.1183144711018,-41.440032409501));
#8002=CARTESIAN_POINT('Ctrl Pts',(0.,30.4294976199852,-41.6636952977609));
#8003=CARTESIAN_POINT('Ctrl Pts',(-2.,30.4294976199852,-41.6636952977609));
#8004=CARTESIAN_POINT('',(0.,28.7568881947372,-41.2260939946437));
#8005=CARTESIAN_POINT('Ctrl Pts',(0.,28.7568881947372,-41.2260939946437));
#8006=CARTESIAN_POINT('Ctrl Pts',(0.,29.2787682673436,-41.2260939946437));
#8007=CARTESIAN_POINT('Ctrl Pts',(0.,30.1183144711018,-41.440032409501));
#8008=CARTESIAN_POINT('Ctrl Pts',(0.,30.4294976199852,-41.6636952977609));
#8009=CARTESIAN_POINT('',(-2.,28.7568881947372,-41.2260939946437));
#8010=CARTESIAN_POINT('',(0.,28.7568881947372,-41.2260939946437));
#8011=CARTESIAN_POINT('Ctrl Pts',(-2.,28.7568881947372,-41.2260939946437));
#8012=CARTESIAN_POINT('Ctrl Pts',(-2.,29.2787682673436,-41.2260939946437));
#8013=CARTESIAN_POINT('Ctrl Pts',(-2.,30.1183144711018,-41.440032409501));
#8014=CARTESIAN_POINT('Ctrl Pts',(-2.,30.4294976199852,-41.6636952977609));
#8015=CARTESIAN_POINT('Ctrl Pts',(0.,27.2787682375413,-41.6669367888951));
#8016=CARTESIAN_POINT('Ctrl Pts',(-2.,27.2787682375413,-41.6669367888951));
#8017=CARTESIAN_POINT('Ctrl Pts',(0.,27.4959481435328,-41.4594813563062));
#8018=CARTESIAN_POINT('Ctrl Pts',(-2.,27.4959481435328,-41.4594813563062));
#8019=CARTESIAN_POINT('Ctrl Pts',(0.,28.2252836487282,-41.2260939946437));
#8020=CARTESIAN_POINT('Ctrl Pts',(-2.,28.2252836487282,-41.2260939946437));
#8021=CARTESIAN_POINT('Ctrl Pts',(0.,28.7568881947372,-41.2260939946437));
#8022=CARTESIAN_POINT('Ctrl Pts',(-2.,28.7568881947372,-41.2260939946437));
#8023=CARTESIAN_POINT('',(0.,27.2787682375413,-41.6669367888951));
#8024=CARTESIAN_POINT('Ctrl Pts',(0.,27.2787682375413,-41.6669367888951));
#8025=CARTESIAN_POINT('Ctrl Pts',(0.,27.4959481435328,-41.4594813563062));
#8026=CARTESIAN_POINT('Ctrl Pts',(0.,28.2252836487282,-41.2260939946437));
#8027=CARTESIAN_POINT('Ctrl Pts',(0.,28.7568881947372,-41.2260939946437));
#8028=CARTESIAN_POINT('',(-2.,27.2787682375413,-41.6669367888951));
#8029=CARTESIAN_POINT('',(0.,27.2787682375413,-41.6669367888951));
#8030=CARTESIAN_POINT('Ctrl Pts',(-2.,27.2787682375413,-41.6669367888951));
#8031=CARTESIAN_POINT('Ctrl Pts',(-2.,27.4959481435328,-41.4594813563062));
#8032=CARTESIAN_POINT('Ctrl Pts',(-2.,28.2252836487282,-41.2260939946437));
#8033=CARTESIAN_POINT('Ctrl Pts',(-2.,28.7568881947372,-41.2260939946437));
#8034=CARTESIAN_POINT('Ctrl Pts',(0.,26.9157212305107,-42.5486223773979));
#8035=CARTESIAN_POINT('Ctrl Pts',(-2.,26.9157212305107,-42.5486223773979));
#8036=CARTESIAN_POINT('Ctrl Pts',(0.,26.9157212305107,-42.2795786132592));
#8037=CARTESIAN_POINT('Ctrl Pts',(-2.,26.9157212305107,-42.2795786132592));
#8038=CARTESIAN_POINT('Ctrl Pts',(0.,27.097244734026,-41.8354943278736));
#8039=CARTESIAN_POINT('Ctrl Pts',(-2.,27.097244734026,-41.8354943278736));
#8040=CARTESIAN_POINT('Ctrl Pts',(0.,27.2787682375413,-41.6669367888951));
#8041=CARTESIAN_POINT('Ctrl Pts',(-2.,27.2787682375413,-41.6669367888951));
#8042=CARTESIAN_POINT('',(0.,26.9157212305107,-42.5486223773979));
#8043=CARTESIAN_POINT('Ctrl Pts',(0.,26.9157212305107,-42.5486223773979));
#8044=CARTESIAN_POINT('Ctrl Pts',(0.,26.9157212305107,-42.2795786132592));
#8045=CARTESIAN_POINT('Ctrl Pts',(0.,27.097244734026,-41.8354943278736));
#8046=CARTESIAN_POINT('Ctrl Pts',(0.,27.2787682375413,-41.6669367888951));
#8047=CARTESIAN_POINT('',(-2.,26.9157212305107,-42.5486223773979));
#8048=CARTESIAN_POINT('',(0.,26.9157212305107,-42.5486223773979));
#8049=CARTESIAN_POINT('Ctrl Pts',(-2.,26.9157212305107,-42.5486223773979));
#8050=CARTESIAN_POINT('Ctrl Pts',(-2.,26.9157212305107,-42.2795786132592));
#8051=CARTESIAN_POINT('Ctrl Pts',(-2.,27.097244734026,-41.8354943278736));
#8052=CARTESIAN_POINT('Ctrl Pts',(-2.,27.2787682375413,-41.6669367888951));
#8053=CARTESIAN_POINT('Ctrl Pts',(0.,27.2917342020781,-43.4432739304376));
#8054=CARTESIAN_POINT('Ctrl Pts',(-2.,27.2917342020781,-43.4432739304376));
#8055=CARTESIAN_POINT('Ctrl Pts',(0.,27.1069692074286,-43.2649919180565));
#8056=CARTESIAN_POINT('Ctrl Pts',(-2.,27.1069692074286,-43.2649919180565));
#8057=CARTESIAN_POINT('Ctrl Pts',(0.,26.9157212305107,-42.8176661415367));
#8058=CARTESIAN_POINT('Ctrl Pts',(-2.,26.9157212305107,-42.8176661415367));
#8059=CARTESIAN_POINT('Ctrl Pts',(0.,26.9157212305107,-42.5486223773979));
#8060=CARTESIAN_POINT('Ctrl Pts',(-2.,26.9157212305107,-42.5486223773979));
#8061=CARTESIAN_POINT('',(0.,27.2917342020781,-43.4432739304376));
#8062=CARTESIAN_POINT('Ctrl Pts',(0.,27.2917342020781,-43.4432739304376));
#8063=CARTESIAN_POINT('Ctrl Pts',(0.,27.1069692074286,-43.2649919180565));
#8064=CARTESIAN_POINT('Ctrl Pts',(0.,26.9157212305107,-42.8176661415367));
#8065=CARTESIAN_POINT('Ctrl Pts',(0.,26.9157212305107,-42.5486223773979));
#8066=CARTESIAN_POINT('',(-2.,27.2917342020781,-43.4432739304376));
#8067=CARTESIAN_POINT('',(0.,27.2917342020781,-43.4432739304376));
#8068=CARTESIAN_POINT('Ctrl Pts',(-2.,27.2917342020781,-43.4432739304376));
#8069=CARTESIAN_POINT('Ctrl Pts',(-2.,27.1069692074286,-43.2649919180565));
#8070=CARTESIAN_POINT('Ctrl Pts',(-2.,26.9157212305107,-42.8176661415367));
#8071=CARTESIAN_POINT('Ctrl Pts',(-2.,26.9157212305107,-42.5486223773979));
#8072=CARTESIAN_POINT('Ctrl Pts',(0.,28.2965964536806,-43.8192869020049));
#8073=CARTESIAN_POINT('Ctrl Pts',(-2.,28.2965964536806,-43.8192869020049));
#8074=CARTESIAN_POINT('Ctrl Pts',(0.,27.9886547959314,-43.8192869020049));
#8075=CARTESIAN_POINT('Ctrl Pts',(-2.,27.9886547959314,-43.8192869020049));
#8076=CARTESIAN_POINT('Ctrl Pts',(0.,27.466774723325,-43.6150729605502));
#8077=CARTESIAN_POINT('Ctrl Pts',(-2.,27.466774723325,-43.6150729605502));
#8078=CARTESIAN_POINT('Ctrl Pts',(0.,27.2917342020781,-43.4432739304376));
#8079=CARTESIAN_POINT('Ctrl Pts',(-2.,27.2917342020781,-43.4432739304376));
#8080=CARTESIAN_POINT('Ctrl Pts',(0.,28.2965964536806,-43.8192869020049));
#8081=CARTESIAN_POINT('Ctrl Pts',(0.,27.9886547959314,-43.8192869020049));
#8082=CARTESIAN_POINT('Ctrl Pts',(0.,27.466774723325,-43.6150729605502));
#8083=CARTESIAN_POINT('Ctrl Pts',(0.,27.2917342020781,-43.4432739304376));
#8084=CARTESIAN_POINT('Ctrl Pts',(-2.,28.2965964536806,-43.8192869020049));
#8085=CARTESIAN_POINT('Ctrl Pts',(-2.,27.9886547959314,-43.8192869020049));
#8086=CARTESIAN_POINT('Ctrl Pts',(-2.,27.466774723325,-43.6150729605502));
#8087=CARTESIAN_POINT('Ctrl Pts',(-2.,27.2917342020781,-43.4432739304376));
#8088=CARTESIAN_POINT('Origin',(-2.,29.2074673730928,-42.4698934820017));
#8089=CARTESIAN_POINT('Origin',(0.,27.4635332321908,-68.704214011396));
#8090=CARTESIAN_POINT('',(0.,27.4635332321908,-68.704214011396));
#8091=CARTESIAN_POINT('',(0.,27.,-68.704214011396));
#8092=CARTESIAN_POINT('',(0.,13.7317666160954,-68.704214011396));
#8093=CARTESIAN_POINT('',(-2.,27.4635332321908,-68.704214011396));
#8094=CARTESIAN_POINT('',(0.,27.4635332321908,-68.704214011396));
#8095=CARTESIAN_POINT('',(-2.,27.,-68.704214011396));
#8096=CARTESIAN_POINT('',(-2.,27.4635332321908,-68.704214011396));
#8097=CARTESIAN_POINT('',(0.,27.,-68.704214011396));
#8098=CARTESIAN_POINT('Origin',(0.,27.4635332321908,-66.7398703840699));
#8099=CARTESIAN_POINT('',(0.,27.4635332321908,-66.7398703840699));
#8100=CARTESIAN_POINT('',(0.,27.4635332321908,-33.3699351920349));
#8101=CARTESIAN_POINT('',(-2.,27.4635332321908,-66.7398703840699));
#8102=CARTESIAN_POINT('',(0.,27.4635332321908,-66.7398703840699));
#8103=CARTESIAN_POINT('',(-2.,27.4635332321908,-66.7398703840699));
#8104=CARTESIAN_POINT('Ctrl Pts',(0.,28.5008103951353,-67.7965964938195));
#8105=CARTESIAN_POINT('Ctrl Pts',(-2.,28.5008103951353,-67.7965964938195));
#8106=CARTESIAN_POINT('Ctrl Pts',(0.,28.2252836487282,-67.5437601853518));
#8107=CARTESIAN_POINT('Ctrl Pts',(-2.,28.2252836487282,-67.5437601853518));
#8108=CARTESIAN_POINT('Ctrl Pts',(0.,27.6353322623035,-66.9246353787193));
#8109=CARTESIAN_POINT('Ctrl Pts',(-2.,27.6353322623035,-66.9246353787193));
#8110=CARTESIAN_POINT('Ctrl Pts',(0.,27.4635332321908,-66.7398703840699));
#8111=CARTESIAN_POINT('Ctrl Pts',(-2.,27.4635332321908,-66.7398703840699));
#8112=CARTESIAN_POINT('',(0.,28.5008103951353,-67.7965964938195));
#8113=CARTESIAN_POINT('Ctrl Pts',(0.,28.5008103951353,-67.7965964938195));
#8114=CARTESIAN_POINT('Ctrl Pts',(0.,28.2252836487282,-67.5437601853518));
#8115=CARTESIAN_POINT('Ctrl Pts',(0.,27.6353322623035,-66.9246353787193));
#8116=CARTESIAN_POINT('Ctrl Pts',(0.,27.4635332321908,-66.7398703840699));
#8117=CARTESIAN_POINT('',(-2.,28.5008103951353,-67.7965964938195));
#8118=CARTESIAN_POINT('',(0.,28.5008103951353,-67.7965964938195));
#8119=CARTESIAN_POINT('Ctrl Pts',(-2.,28.5008103951353,-67.7965964938195));
#8120=CARTESIAN_POINT('Ctrl Pts',(-2.,28.2252836487282,-67.5437601853518));
#8121=CARTESIAN_POINT('Ctrl Pts',(-2.,27.6353322623035,-66.9246353787193));
#8122=CARTESIAN_POINT('Ctrl Pts',(-2.,27.4635332321908,-66.7398703840699));
#8123=CARTESIAN_POINT('Ctrl Pts',(0.,29.1847650244518,-68.3314425309628));
#8124=CARTESIAN_POINT('Ctrl Pts',(-2.,29.1847650244518,-68.3314425309628));
#8125=CARTESIAN_POINT('Ctrl Pts',(0.,29.0097245032049,-68.2341977969368));
#8126=CARTESIAN_POINT('Ctrl Pts',(-2.,29.0097245032049,-68.2341977969368));
#8127=CARTESIAN_POINT('Ctrl Pts',(0.,28.6661264429796,-67.9521880682612));
#8128=CARTESIAN_POINT('Ctrl Pts',(-2.,28.6661264429796,-67.9521880682612));
#8129=CARTESIAN_POINT('Ctrl Pts',(0.,28.5008103951353,-67.7965964938195));
#8130=CARTESIAN_POINT('Ctrl Pts',(-2.,28.5008103951353,-67.7965964938195));
#8131=CARTESIAN_POINT('',(0.,29.1847650244518,-68.3314425309628));
#8132=CARTESIAN_POINT('Ctrl Pts',(0.,29.1847650244518,-68.3314425309628));
#8133=CARTESIAN_POINT('Ctrl Pts',(0.,29.0097245032049,-68.2341977969368));
#8134=CARTESIAN_POINT('Ctrl Pts',(0.,28.6661264429796,-67.9521880682612));
#8135=CARTESIAN_POINT('Ctrl Pts',(0.,28.5008103951353,-67.7965964938195));
#8136=CARTESIAN_POINT('',(-2.,29.1847650244518,-68.3314425309628));
#8137=CARTESIAN_POINT('',(0.,29.1847650244518,-68.3314425309628));
#8138=CARTESIAN_POINT('Ctrl Pts',(-2.,29.1847650244518,-68.3314425309628));
#8139=CARTESIAN_POINT('Ctrl Pts',(-2.,29.0097245032049,-68.2341977969368));
#8140=CARTESIAN_POINT('Ctrl Pts',(-2.,28.6661264429796,-67.9521880682612));
#8141=CARTESIAN_POINT('Ctrl Pts',(-2.,28.5008103951353,-67.7965964938195));
#8142=CARTESIAN_POINT('Ctrl Pts',(0.,29.9854133345996,-68.5388979635517));
#8143=CARTESIAN_POINT('Ctrl Pts',(-2.,29.9854133345996,-68.5388979635517));
#8144=CARTESIAN_POINT('Ctrl Pts',(0.,29.7487844818029,-68.5388979635517));
#8145=CARTESIAN_POINT('Ctrl Pts',(-2.,29.7487844818029,-68.5388979635517));
#8146=CARTESIAN_POINT('Ctrl Pts',(0.,29.3533225634303,-68.4286872649888));
#8147=CARTESIAN_POINT('Ctrl Pts',(-2.,29.3533225634303,-68.4286872649888));
#8148=CARTESIAN_POINT('Ctrl Pts',(0.,29.1847650244518,-68.3314425309628));
#8149=CARTESIAN_POINT('Ctrl Pts',(-2.,29.1847650244518,-68.3314425309628));
#8150=CARTESIAN_POINT('',(0.,29.9854133345996,-68.5388979635517));
#8151=CARTESIAN_POINT('Ctrl Pts',(0.,29.9854133345996,-68.5388979635517));
#8152=CARTESIAN_POINT('Ctrl Pts',(0.,29.7487844818029,-68.5388979635517));
#8153=CARTESIAN_POINT('Ctrl Pts',(0.,29.3533225634303,-68.4286872649888));
#8154=CARTESIAN_POINT('Ctrl Pts',(0.,29.1847650244518,-68.3314425309628));
#8155=CARTESIAN_POINT('',(-2.,29.9854133345996,-68.5388979635517));
#8156=CARTESIAN_POINT('',(0.,29.9854133345996,-68.5388979635517));
#8157=CARTESIAN_POINT('Ctrl Pts',(-2.,29.9854133345996,-68.5388979635517));
#8158=CARTESIAN_POINT('Ctrl Pts',(-2.,29.7487844818029,-68.5388979635517));
#8159=CARTESIAN_POINT('Ctrl Pts',(-2.,29.3533225634303,-68.4286872649888));
#8160=CARTESIAN_POINT('Ctrl Pts',(-2.,29.1847650244518,-68.3314425309628));
#8161=CARTESIAN_POINT('Ctrl Pts',(0.,31.0842788290939,-67.3460292261655));
#8162=CARTESIAN_POINT('Ctrl Pts',(-2.,31.0842788290939,-67.3460292261655));
#8163=CARTESIAN_POINT('Ctrl Pts',(0.,31.0842788290939,-67.9068071923824));
#8164=CARTESIAN_POINT('Ctrl Pts',(-2.,31.0842788290939,-67.9068071923824));
#8165=CARTESIAN_POINT('Ctrl Pts',(0.,30.491085951535,-68.5388979635517));
#8166=CARTESIAN_POINT('Ctrl Pts',(-2.,30.491085951535,-68.5388979635517));
#8167=CARTESIAN_POINT('Ctrl Pts',(0.,29.9854133345996,-68.5388979635517));
#8168=CARTESIAN_POINT('Ctrl Pts',(-2.,29.9854133345996,-68.5388979635517));
#8169=CARTESIAN_POINT('',(0.,31.0842788290939,-67.3460292261655));
#8170=CARTESIAN_POINT('Ctrl Pts',(0.,31.0842788290939,-67.3460292261655));
#8171=CARTESIAN_POINT('Ctrl Pts',(0.,31.0842788290939,-67.9068071923824));
#8172=CARTESIAN_POINT('Ctrl Pts',(0.,30.491085951535,-68.5388979635517));
#8173=CARTESIAN_POINT('Ctrl Pts',(0.,29.9854133345996,-68.5388979635517));
#8174=CARTESIAN_POINT('',(-2.,31.0842788290939,-67.3460292261655));
#8175=CARTESIAN_POINT('',(0.,31.0842788290939,-67.3460292261655));
#8176=CARTESIAN_POINT('Ctrl Pts',(-2.,31.0842788290939,-67.3460292261655));
#8177=CARTESIAN_POINT('Ctrl Pts',(-2.,31.0842788290939,-67.9068071923824));
#8178=CARTESIAN_POINT('Ctrl Pts',(-2.,30.491085951535,-68.5388979635517));
#8179=CARTESIAN_POINT('Ctrl Pts',(-2.,29.9854133345996,-68.5388979635517));
#8180=CARTESIAN_POINT('Ctrl Pts',(0.,30.844408485163,-66.3217180277579));
#8181=CARTESIAN_POINT('Ctrl Pts',(-2.,30.844408485163,-66.3217180277579));
#8182=CARTESIAN_POINT('Ctrl Pts',(0.,30.925445763518,-66.4870340756022));
#8183=CARTESIAN_POINT('Ctrl Pts',(-2.,30.925445763518,-66.4870340756022));
#8184=CARTESIAN_POINT('Ctrl Pts',(0.,31.0842788290939,-67.080226953161));
#8185=CARTESIAN_POINT('Ctrl Pts',(-2.,31.0842788290939,-67.080226953161));
#8186=CARTESIAN_POINT('Ctrl Pts',(0.,31.0842788290939,-67.3460292261655));
#8187=CARTESIAN_POINT('Ctrl Pts',(-2.,31.0842788290939,-67.3460292261655));
#8188=CARTESIAN_POINT('',(0.,30.844408485163,-66.3217180277579));
#8189=CARTESIAN_POINT('Ctrl Pts',(0.,30.844408485163,-66.3217180277579));
#8190=CARTESIAN_POINT('Ctrl Pts',(0.,30.925445763518,-66.4870340756022));
#8191=CARTESIAN_POINT('Ctrl Pts',(0.,31.0842788290939,-67.080226953161));
#8192=CARTESIAN_POINT('Ctrl Pts',(0.,31.0842788290939,-67.3460292261655));
#8193=CARTESIAN_POINT('',(-2.,30.844408485163,-66.3217180277579));
#8194=CARTESIAN_POINT('',(0.,30.844408485163,-66.3217180277579));
#8195=CARTESIAN_POINT('Ctrl Pts',(-2.,30.844408485163,-66.3217180277579));
#8196=CARTESIAN_POINT('Ctrl Pts',(-2.,30.925445763518,-66.4870340756022));
#8197=CARTESIAN_POINT('Ctrl Pts',(-2.,31.0842788290939,-67.080226953161));
#8198=CARTESIAN_POINT('Ctrl Pts',(-2.,31.0842788290939,-67.3460292261655));
#8199=CARTESIAN_POINT('Origin',(0.,30.2739060455435,-66.3217180277579));
#8200=CARTESIAN_POINT('',(0.,30.2739060455435,-66.3217180277579));
#8201=CARTESIAN_POINT('',(0.,15.1369530227717,-66.3217180277579));
#8202=CARTESIAN_POINT('',(-2.,30.2739060455435,-66.3217180277579));
#8203=CARTESIAN_POINT('',(0.,30.2739060455435,-66.3217180277579));
#8204=CARTESIAN_POINT('',(-2.,30.2739060455435,-66.3217180277579));
#8205=CARTESIAN_POINT('Origin',(0.,30.2739060455435,-66.3508914479657));
#8206=CARTESIAN_POINT('',(0.,30.2739060455435,-66.3508914479657));
#8207=CARTESIAN_POINT('',(0.,30.2739060455435,-33.1754457239828));
#8208=CARTESIAN_POINT('',(-2.,30.2739060455435,-66.3508914479657));
#8209=CARTESIAN_POINT('',(0.,30.2739060455435,-66.3508914479657));
#8210=CARTESIAN_POINT('',(-2.,30.2739060455435,-66.3508914479657));
#8211=CARTESIAN_POINT('Ctrl Pts',(0.,30.4943274426692,-66.7398703840699));
#8212=CARTESIAN_POINT('Ctrl Pts',(-2.,30.4943274426692,-66.7398703840699));
#8213=CARTESIAN_POINT('Ctrl Pts',(0.,30.4489465667904,-66.6264181943728));
#8214=CARTESIAN_POINT('Ctrl Pts',(-2.,30.4489465667904,-66.6264181943728));
#8215=CARTESIAN_POINT('Ctrl Pts',(0.,30.3192869214223,-66.4157212706497));
#8216=CARTESIAN_POINT('Ctrl Pts',(-2.,30.3192869214223,-66.4157212706497));
#8217=CARTESIAN_POINT('Ctrl Pts',(0.,30.2739060455435,-66.3508914479657));
#8218=CARTESIAN_POINT('Ctrl Pts',(-2.,30.2739060455435,-66.3508914479657));
#8219=CARTESIAN_POINT('',(0.,30.4943274426692,-66.7398703840699));
#8220=CARTESIAN_POINT('Ctrl Pts',(0.,30.4943274426692,-66.7398703840699));
#8221=CARTESIAN_POINT('Ctrl Pts',(0.,30.4489465667904,-66.6264181943728));
#8222=CARTESIAN_POINT('Ctrl Pts',(0.,30.3192869214223,-66.4157212706497));
#8223=CARTESIAN_POINT('Ctrl Pts',(0.,30.2739060455435,-66.3508914479657));
#8224=CARTESIAN_POINT('',(-2.,30.4943274426692,-66.7398703840699));
#8225=CARTESIAN_POINT('',(0.,30.4943274426692,-66.7398703840699));
#8226=CARTESIAN_POINT('Ctrl Pts',(-2.,30.4943274426692,-66.7398703840699));
#8227=CARTESIAN_POINT('Ctrl Pts',(-2.,30.4489465667904,-66.6264181943728));
#8228=CARTESIAN_POINT('Ctrl Pts',(-2.,30.3192869214223,-66.4157212706497));
#8229=CARTESIAN_POINT('Ctrl Pts',(-2.,30.2739060455435,-66.3508914479657));
#8230=CARTESIAN_POINT('Ctrl Pts',(0.,30.6207455969031,-67.3071313325551));
#8231=CARTESIAN_POINT('Ctrl Pts',(-2.,30.6207455969031,-67.3071313325551));
#8232=CARTESIAN_POINT('Ctrl Pts',(0.,30.6207455969031,-67.1645057226503));
#8233=CARTESIAN_POINT('Ctrl Pts',(-2.,30.6207455969031,-67.1645057226503));
#8234=CARTESIAN_POINT('Ctrl Pts',(0.,30.5494327919506,-66.8727715205721));
#8235=CARTESIAN_POINT('Ctrl Pts',(-2.,30.5494327919506,-66.8727715205721));
#8236=CARTESIAN_POINT('Ctrl Pts',(0.,30.4943274426692,-66.7398703840699));
#8237=CARTESIAN_POINT('Ctrl Pts',(-2.,30.4943274426692,-66.7398703840699));
#8238=CARTESIAN_POINT('',(0.,30.6207455969031,-67.3071313325551));
#8239=CARTESIAN_POINT('Ctrl Pts',(0.,30.6207455969031,-67.3071313325551));
#8240=CARTESIAN_POINT('Ctrl Pts',(0.,30.6207455969031,-67.1645057226503));
#8241=CARTESIAN_POINT('Ctrl Pts',(0.,30.5494327919506,-66.8727715205721));
#8242=CARTESIAN_POINT('Ctrl Pts',(0.,30.4943274426692,-66.7398703840699));
#8243=CARTESIAN_POINT('',(-2.,30.6207455969031,-67.3071313325551));
#8244=CARTESIAN_POINT('',(0.,30.6207455969031,-67.3071313325551));
#8245=CARTESIAN_POINT('Ctrl Pts',(-2.,30.6207455969031,-67.3071313325551));
#8246=CARTESIAN_POINT('Ctrl Pts',(-2.,30.6207455969031,-67.1645057226503));
#8247=CARTESIAN_POINT('Ctrl Pts',(-2.,30.5494327919506,-66.8727715205721));
#8248=CARTESIAN_POINT('Ctrl Pts',(-2.,30.4943274426692,-66.7398703840699));
#8249=CARTESIAN_POINT('Ctrl Pts',(0.,30.458671040193,-67.7965964938195));
#8250=CARTESIAN_POINT('Ctrl Pts',(-2.,30.458671040193,-67.7965964938195));
#8251=CARTESIAN_POINT('Ctrl Pts',(0.,30.539708318548,-67.7025932509277));
#8252=CARTESIAN_POINT('Ctrl Pts',(-2.,30.539708318548,-67.7025932509277));
#8253=CARTESIAN_POINT('Ctrl Pts',(0.,30.6207455969031,-67.4562399247284));
#8254=CARTESIAN_POINT('Ctrl Pts',(-2.,30.6207455969031,-67.4562399247284));
#8255=CARTESIAN_POINT('Ctrl Pts',(0.,30.6207455969031,-67.3071313325551));
#8256=CARTESIAN_POINT('Ctrl Pts',(-2.,30.6207455969031,-67.3071313325551));
#8257=CARTESIAN_POINT('',(0.,30.458671040193,-67.7965964938196));
#8258=CARTESIAN_POINT('Ctrl Pts',(0.,30.458671040193,-67.7965964938195));
#8259=CARTESIAN_POINT('Ctrl Pts',(0.,30.539708318548,-67.7025932509277));
#8260=CARTESIAN_POINT('Ctrl Pts',(0.,30.6207455969031,-67.4562399247284));
#8261=CARTESIAN_POINT('Ctrl Pts',(0.,30.6207455969031,-67.3071313325551));
#8262=CARTESIAN_POINT('',(-2.,30.458671040193,-67.7965964938196));
#8263=CARTESIAN_POINT('',(0.,30.458671040193,-67.7965964938196));
#8264=CARTESIAN_POINT('Ctrl Pts',(-2.,30.458671040193,-67.7965964938195));
#8265=CARTESIAN_POINT('Ctrl Pts',(-2.,30.539708318548,-67.7025932509277));
#8266=CARTESIAN_POINT('Ctrl Pts',(-2.,30.6207455969031,-67.4562399247284));
#8267=CARTESIAN_POINT('Ctrl Pts',(-2.,30.6207455969031,-67.3071313325551));
#8268=CARTESIAN_POINT('Ctrl Pts',(0.,29.9562399143918,-67.9943274530058));
#8269=CARTESIAN_POINT('Ctrl Pts',(-2.,29.9562399143918,-67.9943274530058));
#8270=CARTESIAN_POINT('Ctrl Pts',(0.,30.1247974533702,-67.9943274530058));
#8271=CARTESIAN_POINT('Ctrl Pts',(-2.,30.1247974533702,-67.9943274530058));
#8272=CARTESIAN_POINT('Ctrl Pts',(0.,30.3776337618379,-67.8905997367114));
#8273=CARTESIAN_POINT('Ctrl Pts',(-2.,30.3776337618379,-67.8905997367114));
#8274=CARTESIAN_POINT('Ctrl Pts',(0.,30.458671040193,-67.7965964938195));
#8275=CARTESIAN_POINT('Ctrl Pts',(-2.,30.458671040193,-67.7965964938195));
#8276=CARTESIAN_POINT('',(0.,29.9562399143917,-67.9943274530058));
#8277=CARTESIAN_POINT('Ctrl Pts',(0.,29.9562399143918,-67.9943274530058));
#8278=CARTESIAN_POINT('Ctrl Pts',(0.,30.1247974533702,-67.9943274530058));
#8279=CARTESIAN_POINT('Ctrl Pts',(0.,30.3776337618379,-67.8905997367114));
#8280=CARTESIAN_POINT('Ctrl Pts',(0.,30.458671040193,-67.7965964938195));
#8281=CARTESIAN_POINT('',(-2.,29.9562399143917,-67.9943274530058));
#8282=CARTESIAN_POINT('',(0.,29.9562399143917,-67.9943274530058));
#8283=CARTESIAN_POINT('Ctrl Pts',(-2.,29.9562399143918,-67.9943274530058));
#8284=CARTESIAN_POINT('Ctrl Pts',(-2.,30.1247974533702,-67.9943274530058));
#8285=CARTESIAN_POINT('Ctrl Pts',(-2.,30.3776337618379,-67.8905997367114));
#8286=CARTESIAN_POINT('Ctrl Pts',(-2.,30.458671040193,-67.7965964938195));
#8287=CARTESIAN_POINT('Ctrl Pts',(0.,28.5299838153431,-67.2034036162607));
#8288=CARTESIAN_POINT('Ctrl Pts',(-2.,28.5299838153431,-67.2034036162607));
#8289=CARTESIAN_POINT('Ctrl Pts',(0.,29.0324149411443,-67.6604538661831));
#8290=CARTESIAN_POINT('Ctrl Pts',(-2.,29.0324149411443,-67.6604538661831));
#8291=CARTESIAN_POINT('Ctrl Pts',(0.,29.6353322921058,-67.9943274530058));
#8292=CARTESIAN_POINT('Ctrl Pts',(-2.,29.6353322921058,-67.9943274530058));
#8293=CARTESIAN_POINT('Ctrl Pts',(0.,29.9562399143918,-67.9943274530058));
#8294=CARTESIAN_POINT('Ctrl Pts',(-2.,29.9562399143918,-67.9943274530058));
#8295=CARTESIAN_POINT('',(0.,28.5299838153431,-67.2034036162607));
#8296=CARTESIAN_POINT('Ctrl Pts',(0.,28.5299838153431,-67.2034036162607));
#8297=CARTESIAN_POINT('Ctrl Pts',(0.,29.0324149411443,-67.6604538661831));
#8298=CARTESIAN_POINT('Ctrl Pts',(0.,29.6353322921058,-67.9943274530058));
#8299=CARTESIAN_POINT('Ctrl Pts',(0.,29.9562399143918,-67.9943274530058));
#8300=CARTESIAN_POINT('',(-2.,28.5299838153431,-67.2034036162607));
#8301=CARTESIAN_POINT('',(0.,28.5299838153431,-67.2034036162607));
#8302=CARTESIAN_POINT('Ctrl Pts',(-2.,28.5299838153431,-67.2034036162607));
#8303=CARTESIAN_POINT('Ctrl Pts',(-2.,29.0324149411443,-67.6604538661831));
#8304=CARTESIAN_POINT('Ctrl Pts',(-2.,29.6353322921058,-67.9943274530058));
#8305=CARTESIAN_POINT('Ctrl Pts',(-2.,29.9562399143918,-67.9943274530058));
#8306=CARTESIAN_POINT('Ctrl Pts',(0.,27.5672609484852,-66.2374392582686));
#8307=CARTESIAN_POINT('Ctrl Pts',(-2.,27.5672609484852,-66.2374392582686));
#8308=CARTESIAN_POINT('Ctrl Pts',(0.,27.8168557658188,-66.5032415312732));
#8309=CARTESIAN_POINT('Ctrl Pts',(-2.,27.8168557658188,-66.5032415312732));
#8310=CARTESIAN_POINT('Ctrl Pts',(0.,28.2803889980096,-66.9764992368666));
#8311=CARTESIAN_POINT('Ctrl Pts',(-2.,28.2803889980096,-66.9764992368666));
#8312=CARTESIAN_POINT('Ctrl Pts',(0.,28.5299838153431,-67.2034036162607));
#8313=CARTESIAN_POINT('Ctrl Pts',(-2.,28.5299838153431,-67.2034036162607));
#8314=CARTESIAN_POINT('',(0.,27.5672609484852,-66.2374392582686));
#8315=CARTESIAN_POINT('Ctrl Pts',(0.,27.5672609484852,-66.2374392582686));
#8316=CARTESIAN_POINT('Ctrl Pts',(0.,27.8168557658188,-66.5032415312732));
#8317=CARTESIAN_POINT('Ctrl Pts',(0.,28.2803889980096,-66.9764992368666));
#8318=CARTESIAN_POINT('Ctrl Pts',(0.,28.5299838153431,-67.2034036162607));
#8319=CARTESIAN_POINT('',(-2.,27.5672609484852,-66.2374392582686));
#8320=CARTESIAN_POINT('',(0.,27.5672609484852,-66.2374392582686));
#8321=CARTESIAN_POINT('Ctrl Pts',(-2.,27.5672609484852,-66.2374392582686));
#8322=CARTESIAN_POINT('Ctrl Pts',(-2.,27.8168557658188,-66.5032415312732));
#8323=CARTESIAN_POINT('Ctrl Pts',(-2.,28.2803889980096,-66.9764992368666));
#8324=CARTESIAN_POINT('Ctrl Pts',(-2.,28.5299838153431,-67.2034036162607));
#8325=CARTESIAN_POINT('Origin',(0.,27.,-66.2374392582686));
#8326=CARTESIAN_POINT('',(0.,27.,-66.2374392582686));
#8327=CARTESIAN_POINT('',(0.,13.5,-66.2374392582686));
#8328=CARTESIAN_POINT('',(-2.,27.,-66.2374392582686));
#8329=CARTESIAN_POINT('',(0.,27.,-66.2374392582686));
#8330=CARTESIAN_POINT('',(-2.,27.,-66.2374392582686));
#8331=CARTESIAN_POINT('Origin',(0.,27.,-68.704214011396));
#8332=CARTESIAN_POINT('',(0.,27.,-34.352107005698));
#8333=CARTESIAN_POINT('',(-2.,27.,-68.704214011396));
#8334=CARTESIAN_POINT('Origin',(-2.,28.7102632013334,-67.4765237624236));
#8335=CARTESIAN_POINT('Ctrl Pts',(0.,30.6239870880373,-64.0008103459639));
#8336=CARTESIAN_POINT('Ctrl Pts',(-2.,30.6239870880373,-64.0008103459639));
#8337=CARTESIAN_POINT('Ctrl Pts',(0.,30.6239870880373,-64.2795785835052));
#8338=CARTESIAN_POINT('Ctrl Pts',(-2.,30.6239870880373,-64.2795785835052));
#8339=CARTESIAN_POINT('Ctrl Pts',(0.,30.4165316554484,-64.726904360025));
#8340=CARTESIAN_POINT('Ctrl Pts',(-2.,30.4165316554484,-64.726904360025));
#8341=CARTESIAN_POINT('Ctrl Pts',(0.,30.2090762228595,-64.8857374256009));
#8342=CARTESIAN_POINT('Ctrl Pts',(-2.,30.2090762228595,-64.8857374256009));
#8343=CARTESIAN_POINT('',(0.,30.2090762228595,-64.8857374256009));
#8344=CARTESIAN_POINT('',(0.,30.6239870880373,-64.0008103459639));
#8345=CARTESIAN_POINT('Ctrl Pts',(0.,30.2090762228595,-64.8857374256009));
#8346=CARTESIAN_POINT('Ctrl Pts',(0.,30.4165316554484,-64.726904360025));
#8347=CARTESIAN_POINT('Ctrl Pts',(0.,30.6239870880373,-64.2795785835052));
#8348=CARTESIAN_POINT('Ctrl Pts',(0.,30.6239870880373,-64.0008103459639));
#8349=CARTESIAN_POINT('',(-2.,30.2090762228595,-64.8857374256009));
#8350=CARTESIAN_POINT('',(0.,30.2090762228595,-64.8857374256009));
#8351=CARTESIAN_POINT('',(-2.,30.6239870880373,-64.0008103459639));
#8352=CARTESIAN_POINT('Ctrl Pts',(-2.,30.2090762228595,-64.8857374256009));
#8353=CARTESIAN_POINT('Ctrl Pts',(-2.,30.4165316554484,-64.726904360025));
#8354=CARTESIAN_POINT('Ctrl Pts',(-2.,30.6239870880373,-64.2795785835052));
#8355=CARTESIAN_POINT('Ctrl Pts',(-2.,30.6239870880373,-64.0008103459639));
#8356=CARTESIAN_POINT('',(0.,30.6239870880373,-64.0008103459639));
#8357=CARTESIAN_POINT('Ctrl Pts',(0.,30.2090762228595,-63.1126417751927));
#8358=CARTESIAN_POINT('Ctrl Pts',(-2.,30.2090762228595,-63.1126417751927));
#8359=CARTESIAN_POINT('Ctrl Pts',(0.,30.4230146377168,-63.2779578230369));
#8360=CARTESIAN_POINT('Ctrl Pts',(-2.,30.4230146377168,-63.2779578230369));
#8361=CARTESIAN_POINT('Ctrl Pts',(0.,30.6239870880373,-63.71231763502));
#8362=CARTESIAN_POINT('Ctrl Pts',(-2.,30.6239870880373,-63.71231763502));
#8363=CARTESIAN_POINT('Ctrl Pts',(0.,30.6239870880373,-64.0008103459639));
#8364=CARTESIAN_POINT('Ctrl Pts',(-2.,30.6239870880373,-64.0008103459639));
#8365=CARTESIAN_POINT('',(0.,30.2090762228595,-63.1126417751927));
#8366=CARTESIAN_POINT('Ctrl Pts',(0.,30.6239870880373,-64.0008103459639));
#8367=CARTESIAN_POINT('Ctrl Pts',(0.,30.6239870880373,-63.71231763502));
#8368=CARTESIAN_POINT('Ctrl Pts',(0.,30.4230146377168,-63.2779578230369));
#8369=CARTESIAN_POINT('Ctrl Pts',(0.,30.2090762228595,-63.1126417751927));
#8370=CARTESIAN_POINT('',(-2.,30.2090762228595,-63.1126417751927));
#8371=CARTESIAN_POINT('Ctrl Pts',(-2.,30.6239870880373,-64.0008103459639));
#8372=CARTESIAN_POINT('Ctrl Pts',(-2.,30.6239870880373,-63.71231763502));
#8373=CARTESIAN_POINT('Ctrl Pts',(-2.,30.4230146377168,-63.2779578230369));
#8374=CARTESIAN_POINT('Ctrl Pts',(-2.,30.2090762228595,-63.1126417751927));
#8375=CARTESIAN_POINT('',(0.,30.2090762228595,-63.1126417751927));
#8376=CARTESIAN_POINT('Ctrl Pts',(0.,28.9967585386681,-62.7852511706383));
#8377=CARTESIAN_POINT('Ctrl Pts',(-2.,28.9967585386681,-62.7852511706383));
#8378=CARTESIAN_POINT('Ctrl Pts',(0.,29.3857374747723,-62.7852511706383));
#8379=CARTESIAN_POINT('Ctrl Pts',(-2.,29.3857374747723,-62.7852511706383));
#8380=CARTESIAN_POINT('Ctrl Pts',(0.,30.0048622814048,-62.9538087096168));
#8381=CARTESIAN_POINT('Ctrl Pts',(-2.,30.0048622814048,-62.9538087096168));
#8382=CARTESIAN_POINT('Ctrl Pts',(0.,30.2090762228595,-63.1126417751927));
#8383=CARTESIAN_POINT('Ctrl Pts',(-2.,30.2090762228595,-63.1126417751927));
#8384=CARTESIAN_POINT('',(0.,28.9967585386681,-62.7852511706383));
#8385=CARTESIAN_POINT('Ctrl Pts',(0.,30.2090762228595,-63.1126417751927));
#8386=CARTESIAN_POINT('Ctrl Pts',(0.,30.0048622814048,-62.9538087096168));
#8387=CARTESIAN_POINT('Ctrl Pts',(0.,29.3857374747723,-62.7852511706383));
#8388=CARTESIAN_POINT('Ctrl Pts',(0.,28.9967585386681,-62.7852511706383));
#8389=CARTESIAN_POINT('',(-2.,28.9967585386681,-62.7852511706383));
#8390=CARTESIAN_POINT('Ctrl Pts',(-2.,30.2090762228595,-63.1126417751927));
#8391=CARTESIAN_POINT('Ctrl Pts',(-2.,30.0048622814048,-62.9538087096168));
#8392=CARTESIAN_POINT('Ctrl Pts',(-2.,29.3857374747723,-62.7852511706383));
#8393=CARTESIAN_POINT('Ctrl Pts',(-2.,28.9967585386681,-62.7852511706383));
#8394=CARTESIAN_POINT('',(0.,28.9967585386681,-62.7852511706383));
#8395=CARTESIAN_POINT('Ctrl Pts',(0.,27.369529989299,-64.0008103459639));
#8396=CARTESIAN_POINT('Ctrl Pts',(-2.,27.369529989299,-64.0008103459639));
#8397=CARTESIAN_POINT('Ctrl Pts',(0.,27.369529989299,-63.4465153620154));
#8398=CARTESIAN_POINT('Ctrl Pts',(-2.,27.369529989299,-63.4465153620154));
#8399=CARTESIAN_POINT('Ctrl Pts',(0.,28.2090761930571,-62.7852511706383));
#8400=CARTESIAN_POINT('Ctrl Pts',(-2.,28.2090761930571,-62.7852511706383));
#8401=CARTESIAN_POINT('Ctrl Pts',(0.,28.9967585386681,-62.7852511706383));
#8402=CARTESIAN_POINT('Ctrl Pts',(-2.,28.9967585386681,-62.7852511706383));
#8403=CARTESIAN_POINT('',(0.,27.369529989299,-64.0008103459639));
#8404=CARTESIAN_POINT('Ctrl Pts',(0.,28.9967585386681,-62.7852511706383));
#8405=CARTESIAN_POINT('Ctrl Pts',(0.,28.2090761930571,-62.7852511706383));
#8406=CARTESIAN_POINT('Ctrl Pts',(0.,27.369529989299,-63.4465153620154));
#8407=CARTESIAN_POINT('Ctrl Pts',(0.,27.369529989299,-64.0008103459639));
#8408=CARTESIAN_POINT('',(-2.,27.369529989299,-64.0008103459639));
#8409=CARTESIAN_POINT('Ctrl Pts',(-2.,28.9967585386681,-62.7852511706383));
#8410=CARTESIAN_POINT('Ctrl Pts',(-2.,28.2090761930571,-62.7852511706383));
#8411=CARTESIAN_POINT('Ctrl Pts',(-2.,27.369529989299,-63.4465153620154));
#8412=CARTESIAN_POINT('Ctrl Pts',(-2.,27.369529989299,-64.0008103459639));
#8413=CARTESIAN_POINT('',(0.,27.369529989299,-64.0008103459639));
#8414=CARTESIAN_POINT('Ctrl Pts',(0.,28.9967585386681,-65.2131280301552));
#8415=CARTESIAN_POINT('Ctrl Pts',(-2.,28.9967585386681,-65.2131280301552));
#8416=CARTESIAN_POINT('Ctrl Pts',(0.,28.2090761930571,-65.2131280301552));
#8417=CARTESIAN_POINT('Ctrl Pts',(-2.,28.2090761930571,-65.2131280301552));
#8418=CARTESIAN_POINT('Ctrl Pts',(0.,27.369529989299,-64.5551053299123));
#8419=CARTESIAN_POINT('Ctrl Pts',(-2.,27.369529989299,-64.5551053299123));
#8420=CARTESIAN_POINT('Ctrl Pts',(0.,27.369529989299,-64.0008103459639));
#8421=CARTESIAN_POINT('Ctrl Pts',(-2.,27.369529989299,-64.0008103459639));
#8422=CARTESIAN_POINT('',(0.,28.9967585386681,-65.2131280301552));
#8423=CARTESIAN_POINT('Ctrl Pts',(0.,27.369529989299,-64.0008103459639));
#8424=CARTESIAN_POINT('Ctrl Pts',(0.,27.369529989299,-64.5551053299123));
#8425=CARTESIAN_POINT('Ctrl Pts',(0.,28.2090761930571,-65.2131280301552));
#8426=CARTESIAN_POINT('Ctrl Pts',(0.,28.9967585386681,-65.2131280301552));
#8427=CARTESIAN_POINT('',(-2.,28.9967585386681,-65.2131280301552));
#8428=CARTESIAN_POINT('Ctrl Pts',(-2.,27.369529989299,-64.0008103459639));
#8429=CARTESIAN_POINT('Ctrl Pts',(-2.,27.369529989299,-64.5551053299123));
#8430=CARTESIAN_POINT('Ctrl Pts',(-2.,28.2090761930571,-65.2131280301552));
#8431=CARTESIAN_POINT('Ctrl Pts',(-2.,28.9967585386681,-65.2131280301552));
#8432=CARTESIAN_POINT('',(0.,28.9967585386681,-65.2131280301552));
#8433=CARTESIAN_POINT('Ctrl Pts',(0.,30.2090762228595,-64.8857374256009));
#8434=CARTESIAN_POINT('Ctrl Pts',(-2.,30.2090762228595,-64.8857374256009));
#8435=CARTESIAN_POINT('Ctrl Pts',(0.,30.008103772539,-65.0413290000426));
#8436=CARTESIAN_POINT('Ctrl Pts',(-2.,30.008103772539,-65.0413290000426));
#8437=CARTESIAN_POINT('Ctrl Pts',(0.,29.3954619481749,-65.2131280301552));
#8438=CARTESIAN_POINT('Ctrl Pts',(-2.,29.3954619481749,-65.2131280301552));
#8439=CARTESIAN_POINT('Ctrl Pts',(0.,28.9967585386681,-65.2131280301552));
#8440=CARTESIAN_POINT('Ctrl Pts',(-2.,28.9967585386681,-65.2131280301552));
#8441=CARTESIAN_POINT('Ctrl Pts',(0.,28.9967585386681,-65.2131280301552));
#8442=CARTESIAN_POINT('Ctrl Pts',(0.,29.3954619481749,-65.2131280301552));
#8443=CARTESIAN_POINT('Ctrl Pts',(0.,30.008103772539,-65.0413290000426));
#8444=CARTESIAN_POINT('Ctrl Pts',(0.,30.2090762228595,-64.8857374256009));
#8445=CARTESIAN_POINT('Ctrl Pts',(-2.,28.9967585386681,-65.2131280301552));
#8446=CARTESIAN_POINT('Ctrl Pts',(-2.,29.3954619481749,-65.2131280301552));
#8447=CARTESIAN_POINT('Ctrl Pts',(-2.,30.008103772539,-65.0413290000426));
#8448=CARTESIAN_POINT('Ctrl Pts',(-2.,30.2090762228595,-64.8857374256009));
#8449=CARTESIAN_POINT('Origin',(0.,26.5040518564672,-65.7803889786405));
#8450=CARTESIAN_POINT('',(0.,26.5040518564672,-65.7803889786405));
#8451=CARTESIAN_POINT('',(0.,26.0210696774711,-65.7803889786405));
#8452=CARTESIAN_POINT('',(0.,13.2520259282336,-65.7803889786405));
#8453=CARTESIAN_POINT('',(-2.,26.5040518564672,-65.7803889786405));
#8454=CARTESIAN_POINT('',(0.,26.5040518564672,-65.7803889786405));
#8455=CARTESIAN_POINT('',(-2.,26.0210696774711,-65.7803889786405));
#8456=CARTESIAN_POINT('',(-2.,26.5040518564672,-65.7803889786405));
#8457=CARTESIAN_POINT('',(0.,26.0210696774711,-65.7803889786405));
#8458=CARTESIAN_POINT('Origin',(0.,26.5040518564672,-65.7090761736881));
#8459=CARTESIAN_POINT('',(0.,26.5040518564672,-65.7090761736881));
#8460=CARTESIAN_POINT('',(0.,26.5040518564672,-32.854538086844));
#8461=CARTESIAN_POINT('',(-2.,26.5040518564672,-65.7090761736881));
#8462=CARTESIAN_POINT('',(0.,26.5040518564672,-65.7090761736881));
#8463=CARTESIAN_POINT('',(-2.,26.5040518564672,-65.7090761736881));
#8464=CARTESIAN_POINT('Ctrl Pts',(0.,26.4100486135753,-65.2455429414972));
#8465=CARTESIAN_POINT('Ctrl Pts',(-2.,26.4100486135753,-65.2455429414972));
#8466=CARTESIAN_POINT('Ctrl Pts',(0.,26.4100486135753,-65.3525121489259));
#8467=CARTESIAN_POINT('Ctrl Pts',(-2.,26.4100486135753,-65.3525121489259));
#8468=CARTESIAN_POINT('Ctrl Pts',(0.,26.4781199273935,-65.644246351004));
#8469=CARTESIAN_POINT('Ctrl Pts',(-2.,26.4781199273935,-65.644246351004));
#8470=CARTESIAN_POINT('Ctrl Pts',(0.,26.5040518564672,-65.7090761736881));
#8471=CARTESIAN_POINT('Ctrl Pts',(-2.,26.5040518564672,-65.7090761736881));
#8472=CARTESIAN_POINT('',(0.,26.4100486135753,-65.2455429414973));
#8473=CARTESIAN_POINT('Ctrl Pts',(0.,26.4100486135753,-65.2455429414972));
#8474=CARTESIAN_POINT('Ctrl Pts',(0.,26.4100486135753,-65.3525121489259));
#8475=CARTESIAN_POINT('Ctrl Pts',(0.,26.4781199273935,-65.644246351004));
#8476=CARTESIAN_POINT('Ctrl Pts',(0.,26.5040518564672,-65.7090761736881));
#8477=CARTESIAN_POINT('',(-2.,26.4100486135753,-65.2455429414973));
#8478=CARTESIAN_POINT('',(0.,26.4100486135753,-65.2455429414973));
#8479=CARTESIAN_POINT('Ctrl Pts',(-2.,26.4100486135753,-65.2455429414972));
#8480=CARTESIAN_POINT('Ctrl Pts',(-2.,26.4100486135753,-65.3525121489259));
#8481=CARTESIAN_POINT('Ctrl Pts',(-2.,26.4781199273935,-65.644246351004));
#8482=CARTESIAN_POINT('Ctrl Pts',(-2.,26.5040518564672,-65.7090761736881));
#8483=CARTESIAN_POINT('Ctrl Pts',(0.,26.5721231702854,-64.7852512004407));
#8484=CARTESIAN_POINT('Ctrl Pts',(-2.,26.5721231702854,-64.7852512004407));
#8485=CARTESIAN_POINT('Ctrl Pts',(0.,26.4878444007962,-64.8598054965273));
#8486=CARTESIAN_POINT('Ctrl Pts',(-2.,26.4878444007962,-64.8598054965273));
#8487=CARTESIAN_POINT('Ctrl Pts',(0.,26.4100486135753,-65.064019437982));
#8488=CARTESIAN_POINT('Ctrl Pts',(-2.,26.4100486135753,-65.064019437982));
#8489=CARTESIAN_POINT('Ctrl Pts',(0.,26.4100486135753,-65.2455429414972));
#8490=CARTESIAN_POINT('Ctrl Pts',(-2.,26.4100486135753,-65.2455429414972));
#8491=CARTESIAN_POINT('',(0.,26.5721231702854,-64.7852512004407));
#8492=CARTESIAN_POINT('Ctrl Pts',(0.,26.5721231702854,-64.7852512004407));
#8493=CARTESIAN_POINT('Ctrl Pts',(0.,26.4878444007962,-64.8598054965273));
#8494=CARTESIAN_POINT('Ctrl Pts',(0.,26.4100486135753,-65.064019437982));
#8495=CARTESIAN_POINT('Ctrl Pts',(0.,26.4100486135753,-65.2455429414972));
#8496=CARTESIAN_POINT('',(-2.,26.5721231702854,-64.7852512004407));
#8497=CARTESIAN_POINT('',(0.,26.5721231702854,-64.7852512004407));
#8498=CARTESIAN_POINT('Ctrl Pts',(-2.,26.5721231702854,-64.7852512004407));
#8499=CARTESIAN_POINT('Ctrl Pts',(-2.,26.4878444007962,-64.8598054965273));
#8500=CARTESIAN_POINT('Ctrl Pts',(-2.,26.4100486135753,-65.064019437982));
#8501=CARTESIAN_POINT('Ctrl Pts',(-2.,26.4100486135753,-65.2455429414972));
#8502=CARTESIAN_POINT('Ctrl Pts',(0.,27.0291734202078,-64.6329011171332));
#8503=CARTESIAN_POINT('Ctrl Pts',(-2.,27.0291734202078,-64.6329011171332));
#8504=CARTESIAN_POINT('Ctrl Pts',(0.,26.8800648280345,-64.64586708167));
#8505=CARTESIAN_POINT('Ctrl Pts',(-2.,26.8800648280345,-64.64586708167));
#8506=CARTESIAN_POINT('Ctrl Pts',(0.,26.6401944841036,-64.7236628688908));
#8507=CARTESIAN_POINT('Ctrl Pts',(-2.,26.6401944841036,-64.7236628688908));
#8508=CARTESIAN_POINT('Ctrl Pts',(0.,26.5721231702854,-64.7852512004407));
#8509=CARTESIAN_POINT('Ctrl Pts',(-2.,26.5721231702854,-64.7852512004407));
#8510=CARTESIAN_POINT('',(0.,27.0291734202078,-64.6329011171332));
#8511=CARTESIAN_POINT('Ctrl Pts',(0.,27.0291734202078,-64.6329011171332));
#8512=CARTESIAN_POINT('Ctrl Pts',(0.,26.8800648280345,-64.64586708167));
#8513=CARTESIAN_POINT('Ctrl Pts',(0.,26.6401944841036,-64.7236628688908));
#8514=CARTESIAN_POINT('Ctrl Pts',(0.,26.5721231702854,-64.7852512004407));
#8515=CARTESIAN_POINT('',(-2.,27.0291734202078,-64.6329011171332));
#8516=CARTESIAN_POINT('',(0.,27.0291734202078,-64.6329011171332));
#8517=CARTESIAN_POINT('Ctrl Pts',(-2.,27.0291734202078,-64.6329011171332));
#8518=CARTESIAN_POINT('Ctrl Pts',(-2.,26.8800648280345,-64.64586708167));
#8519=CARTESIAN_POINT('Ctrl Pts',(-2.,26.6401944841036,-64.7236628688908));
#8520=CARTESIAN_POINT('Ctrl Pts',(-2.,26.5721231702854,-64.7852512004407));
#8521=CARTESIAN_POINT('Ctrl Pts',(0.,28.9967585386681,-65.7674230141037));
#8522=CARTESIAN_POINT('Ctrl Pts',(-2.,28.9967585386681,-65.7674230141037));
#8523=CARTESIAN_POINT('Ctrl Pts',(0.,28.2188006664597,-65.7674230141037));
#8524=CARTESIAN_POINT('Ctrl Pts',(-2.,28.2188006664597,-65.7674230141037));
#8525=CARTESIAN_POINT('Ctrl Pts',(0.,27.2074554325889,-65.161264172008));
#8526=CARTESIAN_POINT('Ctrl Pts',(-2.,27.2074554325889,-65.161264172008));
#8527=CARTESIAN_POINT('Ctrl Pts',(0.,27.0291734202078,-64.6329011171332));
#8528=CARTESIAN_POINT('Ctrl Pts',(-2.,27.0291734202078,-64.6329011171332));
#8529=CARTESIAN_POINT('',(0.,28.9967585386681,-65.7674230141037));
#8530=CARTESIAN_POINT('Ctrl Pts',(0.,28.9967585386681,-65.7674230141037));
#8531=CARTESIAN_POINT('Ctrl Pts',(0.,28.2188006664597,-65.7674230141037));
#8532=CARTESIAN_POINT('Ctrl Pts',(0.,27.2074554325889,-65.161264172008));
#8533=CARTESIAN_POINT('Ctrl Pts',(0.,27.0291734202078,-64.6329011171332));
#8534=CARTESIAN_POINT('',(-2.,28.9967585386681,-65.7674230141037));
#8535=CARTESIAN_POINT('',(0.,28.9967585386681,-65.7674230141037));
#8536=CARTESIAN_POINT('Ctrl Pts',(-2.,28.9967585386681,-65.7674230141037));
#8537=CARTESIAN_POINT('Ctrl Pts',(-2.,28.2188006664597,-65.7674230141037));
#8538=CARTESIAN_POINT('Ctrl Pts',(-2.,27.2074554325889,-65.161264172008));
#8539=CARTESIAN_POINT('Ctrl Pts',(-2.,27.0291734202078,-64.6329011171332));
#8540=CARTESIAN_POINT('Ctrl Pts',(0.,30.539708318548,-65.2876823262419));
#8541=CARTESIAN_POINT('Ctrl Pts',(-2.,30.539708318548,-65.2876823262419));
#8542=CARTESIAN_POINT('Ctrl Pts',(0.,30.2771475366777,-65.514586705636));
#8543=CARTESIAN_POINT('Ctrl Pts',(-2.,30.2771475366777,-65.514586705636));
#8544=CARTESIAN_POINT('Ctrl Pts',(0.,29.4959481733351,-65.7674230141037));
#8545=CARTESIAN_POINT('Ctrl Pts',(-2.,29.4959481733351,-65.7674230141037));
#8546=CARTESIAN_POINT('Ctrl Pts',(0.,28.9967585386681,-65.7674230141037));
#8547=CARTESIAN_POINT('Ctrl Pts',(-2.,28.9967585386681,-65.7674230141037));
#8548=CARTESIAN_POINT('',(0.,30.539708318548,-65.2876823262419));
#8549=CARTESIAN_POINT('Ctrl Pts',(0.,30.539708318548,-65.2876823262419));
#8550=CARTESIAN_POINT('Ctrl Pts',(0.,30.2771475366777,-65.514586705636));
#8551=CARTESIAN_POINT('Ctrl Pts',(0.,29.4959481733351,-65.7674230141037));
#8552=CARTESIAN_POINT('Ctrl Pts',(0.,28.9967585386681,-65.7674230141037));
#8553=CARTESIAN_POINT('',(-2.,30.539708318548,-65.2876823262419));
#8554=CARTESIAN_POINT('',(0.,30.539708318548,-65.2876823262419));
#8555=CARTESIAN_POINT('Ctrl Pts',(-2.,30.539708318548,-65.2876823262419));
#8556=CARTESIAN_POINT('Ctrl Pts',(-2.,30.2771475366777,-65.514586705636));
#8557=CARTESIAN_POINT('Ctrl Pts',(-2.,29.4959481733351,-65.7674230141037));
#8558=CARTESIAN_POINT('Ctrl Pts',(-2.,28.9967585386681,-65.7674230141037));
#8559=CARTESIAN_POINT('Ctrl Pts',(0.,31.0842788290939,-63.9975688548297));
#8560=CARTESIAN_POINT('Ctrl Pts',(-2.,31.0842788290939,-63.9975688548297));
#8561=CARTESIAN_POINT('Ctrl Pts',(0.,31.0842788290939,-64.4059967377391));
#8562=CARTESIAN_POINT('Ctrl Pts',(-2.,31.0842788290939,-64.4059967377391));
#8563=CARTESIAN_POINT('Ctrl Pts',(0.,30.7990276092841,-65.0607779468478));
#8564=CARTESIAN_POINT('Ctrl Pts',(-2.,30.7990276092841,-65.0607779468478));
#8565=CARTESIAN_POINT('Ctrl Pts',(0.,30.539708318548,-65.2876823262419));
#8566=CARTESIAN_POINT('Ctrl Pts',(-2.,30.539708318548,-65.2876823262419));
#8567=CARTESIAN_POINT('',(0.,31.0842788290939,-63.9975688548297));
#8568=CARTESIAN_POINT('Ctrl Pts',(0.,31.0842788290939,-63.9975688548297));
#8569=CARTESIAN_POINT('Ctrl Pts',(0.,31.0842788290939,-64.4059967377391));
#8570=CARTESIAN_POINT('Ctrl Pts',(0.,30.7990276092841,-65.0607779468478));
#8571=CARTESIAN_POINT('Ctrl Pts',(0.,30.539708318548,-65.2876823262419));
#8572=CARTESIAN_POINT('',(-2.,31.0842788290939,-63.9975688548297));
#8573=CARTESIAN_POINT('',(0.,31.0842788290939,-63.9975688548297));
#8574=CARTESIAN_POINT('Ctrl Pts',(-2.,31.0842788290939,-63.9975688548297));
#8575=CARTESIAN_POINT('Ctrl Pts',(-2.,31.0842788290939,-64.4059967377391));
#8576=CARTESIAN_POINT('Ctrl Pts',(-2.,30.7990276092841,-65.0607779468478));
#8577=CARTESIAN_POINT('Ctrl Pts',(-2.,30.539708318548,-65.2876823262419));
#8578=CARTESIAN_POINT('Ctrl Pts',(0.,30.539708318548,-62.7106968745517));
#8579=CARTESIAN_POINT('Ctrl Pts',(-2.,30.539708318548,-62.7106968745517));
#8580=CARTESIAN_POINT('Ctrl Pts',(0.,30.8087520826867,-62.9440842362142));
#8581=CARTESIAN_POINT('Ctrl Pts',(-2.,30.8087520826867,-62.9440842362142));
#8582=CARTESIAN_POINT('Ctrl Pts',(0.,31.0842788290939,-63.5956239541887));
#8583=CARTESIAN_POINT('Ctrl Pts',(-2.,31.0842788290939,-63.5956239541887));
#8584=CARTESIAN_POINT('Ctrl Pts',(0.,31.0842788290939,-63.9975688548297));
#8585=CARTESIAN_POINT('Ctrl Pts',(-2.,31.0842788290939,-63.9975688548297));
#8586=CARTESIAN_POINT('',(0.,30.539708318548,-62.7106968745517));
#8587=CARTESIAN_POINT('Ctrl Pts',(0.,30.539708318548,-62.7106968745517));
#8588=CARTESIAN_POINT('Ctrl Pts',(0.,30.8087520826867,-62.9440842362142));
#8589=CARTESIAN_POINT('Ctrl Pts',(0.,31.0842788290939,-63.5956239541887));
#8590=CARTESIAN_POINT('Ctrl Pts',(0.,31.0842788290939,-63.9975688548297));
#8591=CARTESIAN_POINT('',(-2.,30.539708318548,-62.7106968745517));
#8592=CARTESIAN_POINT('',(0.,30.539708318548,-62.7106968745517));
#8593=CARTESIAN_POINT('Ctrl Pts',(-2.,30.539708318548,-62.7106968745517));
#8594=CARTESIAN_POINT('Ctrl Pts',(-2.,30.8087520826867,-62.9440842362142));
#8595=CARTESIAN_POINT('Ctrl Pts',(-2.,31.0842788290939,-63.5956239541887));
#8596=CARTESIAN_POINT('Ctrl Pts',(-2.,31.0842788290939,-63.9975688548297));
#8597=CARTESIAN_POINT('Ctrl Pts',(0.,28.9967585386681,-62.2309561866899));
#8598=CARTESIAN_POINT('Ctrl Pts',(-2.,28.9967585386681,-62.2309561866899));
#8599=CARTESIAN_POINT('Ctrl Pts',(0.,29.5024311556035,-62.2309561866899));
#8600=CARTESIAN_POINT('Ctrl Pts',(-2.,29.5024311556035,-62.2309561866899));
#8601=CARTESIAN_POINT('Ctrl Pts',(0.,30.2674230632751,-62.4805510040234));
#8602=CARTESIAN_POINT('Ctrl Pts',(-2.,30.2674230632751,-62.4805510040234));
#8603=CARTESIAN_POINT('Ctrl Pts',(0.,30.539708318548,-62.7106968745517));
#8604=CARTESIAN_POINT('Ctrl Pts',(-2.,30.539708318548,-62.7106968745517));
#8605=CARTESIAN_POINT('',(0.,28.9967585386681,-62.2309561866899));
#8606=CARTESIAN_POINT('Ctrl Pts',(0.,28.9967585386681,-62.2309561866899));
#8607=CARTESIAN_POINT('Ctrl Pts',(0.,29.5024311556035,-62.2309561866899));
#8608=CARTESIAN_POINT('Ctrl Pts',(0.,30.2674230632751,-62.4805510040234));
#8609=CARTESIAN_POINT('Ctrl Pts',(0.,30.539708318548,-62.7106968745517));
#8610=CARTESIAN_POINT('',(-2.,28.9967585386681,-62.2309561866899));
#8611=CARTESIAN_POINT('',(0.,28.9967585386681,-62.2309561866899));
#8612=CARTESIAN_POINT('Ctrl Pts',(-2.,28.9967585386681,-62.2309561866899));
#8613=CARTESIAN_POINT('Ctrl Pts',(-2.,29.5024311556035,-62.2309561866899));
#8614=CARTESIAN_POINT('Ctrl Pts',(-2.,30.2674230632751,-62.4805510040234));
#8615=CARTESIAN_POINT('Ctrl Pts',(-2.,30.539708318548,-62.7106968745517));
#8616=CARTESIAN_POINT('Ctrl Pts',(0.,27.4602917410566,-62.7074553834175));
#8617=CARTESIAN_POINT('Ctrl Pts',(-2.,27.4602917410566,-62.7074553834175));
#8618=CARTESIAN_POINT('Ctrl Pts',(0.,27.7260940140611,-62.4773095128892));
#8619=CARTESIAN_POINT('Ctrl Pts',(-2.,27.7260940140611,-62.4773095128892));
#8620=CARTESIAN_POINT('Ctrl Pts',(0.,28.5040518862695,-62.2309561866899));
#8621=CARTESIAN_POINT('Ctrl Pts',(-2.,28.5040518862695,-62.2309561866899));
#8622=CARTESIAN_POINT('Ctrl Pts',(0.,28.9967585386681,-62.2309561866899));
#8623=CARTESIAN_POINT('Ctrl Pts',(-2.,28.9967585386681,-62.2309561866899));
#8624=CARTESIAN_POINT('',(0.,27.4602917410566,-62.7074553834175));
#8625=CARTESIAN_POINT('Ctrl Pts',(0.,27.4602917410566,-62.7074553834175));
#8626=CARTESIAN_POINT('Ctrl Pts',(0.,27.7260940140611,-62.4773095128892));
#8627=CARTESIAN_POINT('Ctrl Pts',(0.,28.5040518862695,-62.2309561866899));
#8628=CARTESIAN_POINT('Ctrl Pts',(0.,28.9967585386681,-62.2309561866899));
#8629=CARTESIAN_POINT('',(-2.,27.4602917410566,-62.7074553834175));
#8630=CARTESIAN_POINT('',(0.,27.4602917410566,-62.7074553834175));
#8631=CARTESIAN_POINT('Ctrl Pts',(-2.,27.4602917410566,-62.7074553834175));
#8632=CARTESIAN_POINT('Ctrl Pts',(-2.,27.7260940140611,-62.4773095128892));
#8633=CARTESIAN_POINT('Ctrl Pts',(-2.,28.5040518862695,-62.2309561866899));
#8634=CARTESIAN_POINT('Ctrl Pts',(-2.,28.9967585386681,-62.2309561866899));
#8635=CARTESIAN_POINT('Ctrl Pts',(0.,26.9157212305107,-63.9975688548297));
#8636=CARTESIAN_POINT('Ctrl Pts',(-2.,26.9157212305107,-63.9975688548297));
#8637=CARTESIAN_POINT('Ctrl Pts',(0.,26.9157212305107,-63.5923824630545));
#8638=CARTESIAN_POINT('Ctrl Pts',(-2.,26.9157212305107,-63.5923824630545));
#8639=CARTESIAN_POINT('Ctrl Pts',(0.,27.1912479769179,-62.94084274508));
#8640=CARTESIAN_POINT('Ctrl Pts',(-2.,27.1912479769179,-62.94084274508));
#8641=CARTESIAN_POINT('Ctrl Pts',(0.,27.4602917410566,-62.7074553834175));
#8642=CARTESIAN_POINT('Ctrl Pts',(-2.,27.4602917410566,-62.7074553834175));
#8643=CARTESIAN_POINT('',(0.,26.9157212305107,-63.9975688548297));
#8644=CARTESIAN_POINT('Ctrl Pts',(0.,26.9157212305107,-63.9975688548297));
#8645=CARTESIAN_POINT('Ctrl Pts',(0.,26.9157212305107,-63.5923824630545));
#8646=CARTESIAN_POINT('Ctrl Pts',(0.,27.1912479769179,-62.94084274508));
#8647=CARTESIAN_POINT('Ctrl Pts',(0.,27.4602917410566,-62.7074553834175));
#8648=CARTESIAN_POINT('',(-2.,26.9157212305107,-63.9975688548297));
#8649=CARTESIAN_POINT('',(0.,26.9157212305107,-63.9975688548297));
#8650=CARTESIAN_POINT('Ctrl Pts',(-2.,26.9157212305107,-63.9975688548297));
#8651=CARTESIAN_POINT('Ctrl Pts',(-2.,26.9157212305107,-63.5923824630545));
#8652=CARTESIAN_POINT('Ctrl Pts',(-2.,27.1912479769179,-62.94084274508));
#8653=CARTESIAN_POINT('Ctrl Pts',(-2.,27.4602917410566,-62.7074553834175));
#8654=CARTESIAN_POINT('Origin',(0.,26.9157212305107,-64.1207455179293));
#8655=CARTESIAN_POINT('',(0.,26.9157212305107,-64.1207455179293));
#8656=CARTESIAN_POINT('',(0.,26.9157212305107,-32.0603727589647));
#8657=CARTESIAN_POINT('',(-2.,26.9157212305107,-64.1207455179293));
#8658=CARTESIAN_POINT('',(0.,26.9157212305107,-64.1207455179293));
#8659=CARTESIAN_POINT('Ctrl Pts',(-2.,26.9157212305107,-64.1207455179293));
#8660=CARTESIAN_POINT('Ctrl Pts',(-2.,26.9157212305107,-64.0850891154531));
#8661=CARTESIAN_POINT('Ctrl Pts',(-2.,26.9157212305107,-64.0235007839033));
#8662=CARTESIAN_POINT('Ctrl Pts',(-2.,26.9157212305107,-63.9975688548297));
#8663=CARTESIAN_POINT('Ctrl Pts',(0.,25.9465153813845,-65.1580226808738));
#8664=CARTESIAN_POINT('Ctrl Pts',(-2.,25.9465153813845,-65.1580226808738));
#8665=CARTESIAN_POINT('Ctrl Pts',(0.,25.9465153813845,-64.7074554132198));
#8666=CARTESIAN_POINT('Ctrl Pts',(-2.,25.9465153813845,-64.7074554132198));
#8667=CARTESIAN_POINT('Ctrl Pts',(0.,26.4489465071857,-64.1466774470029));
#8668=CARTESIAN_POINT('Ctrl Pts',(-2.,26.4489465071857,-64.1466774470029));
#8669=CARTESIAN_POINT('Ctrl Pts',(0.,26.9157212305107,-64.1207455179293));
#8670=CARTESIAN_POINT('Ctrl Pts',(-2.,26.9157212305107,-64.1207455179293));
#8671=CARTESIAN_POINT('',(0.,25.9465153813845,-65.1580226808738));
#8672=CARTESIAN_POINT('Ctrl Pts',(0.,25.9465153813845,-65.1580226808738));
#8673=CARTESIAN_POINT('Ctrl Pts',(0.,25.9465153813845,-64.7074554132198));
#8674=CARTESIAN_POINT('Ctrl Pts',(0.,26.4489465071857,-64.1466774470029));
#8675=CARTESIAN_POINT('Ctrl Pts',(0.,26.9157212305107,-64.1207455179293));
#8676=CARTESIAN_POINT('',(-2.,25.9465153813845,-65.1580226808738));
#8677=CARTESIAN_POINT('',(0.,25.9465153813845,-65.1580226808738));
#8678=CARTESIAN_POINT('Ctrl Pts',(-2.,25.9465153813845,-65.1580226808738));
#8679=CARTESIAN_POINT('Ctrl Pts',(-2.,25.9465153813845,-64.7074554132198));
#8680=CARTESIAN_POINT('Ctrl Pts',(-2.,26.4489465071857,-64.1466774470029));
#8681=CARTESIAN_POINT('Ctrl Pts',(-2.,26.9157212305107,-64.1207455179293));
#8682=CARTESIAN_POINT('Ctrl Pts',(0.,26.0210696774711,-65.7803889786405));
#8683=CARTESIAN_POINT('Ctrl Pts',(-2.,26.0210696774711,-65.7803889786405));
#8684=CARTESIAN_POINT('Ctrl Pts',(0.,25.9854132749949,-65.6345218776014));
#8685=CARTESIAN_POINT('Ctrl Pts',(-2.,25.9854132749949,-65.6345218776014));
#8686=CARTESIAN_POINT('Ctrl Pts',(0.,25.9465153813845,-65.3168557464497));
#8687=CARTESIAN_POINT('Ctrl Pts',(-2.,25.9465153813845,-65.3168557464497));
#8688=CARTESIAN_POINT('Ctrl Pts',(0.,25.9465153813845,-65.1580226808738));
#8689=CARTESIAN_POINT('Ctrl Pts',(-2.,25.9465153813845,-65.1580226808738));
#8690=CARTESIAN_POINT('Ctrl Pts',(0.,26.0210696774711,-65.7803889786405));
#8691=CARTESIAN_POINT('Ctrl Pts',(0.,25.9854132749949,-65.6345218776014));
#8692=CARTESIAN_POINT('Ctrl Pts',(0.,25.9465153813845,-65.3168557464497));
#8693=CARTESIAN_POINT('Ctrl Pts',(0.,25.9465153813845,-65.1580226808738));
#8694=CARTESIAN_POINT('Ctrl Pts',(-2.,26.0210696774711,-65.7803889786405));
#8695=CARTESIAN_POINT('Ctrl Pts',(-2.,25.9854132749949,-65.6345218776014));
#8696=CARTESIAN_POINT('Ctrl Pts',(-2.,25.9465153813845,-65.3168557464497));
#8697=CARTESIAN_POINT('Ctrl Pts',(-2.,25.9465153813845,-65.1580226808738));
#8698=CARTESIAN_POINT('Origin',(-2.,28.340341836347,-64.2673837721686));
#8699=CARTESIAN_POINT('Origin',(0.,47.0000000596046,-43.8030794463339));
#8700=CARTESIAN_POINT('',(0.,47.0000000596046,-43.8030794463339));
#8701=CARTESIAN_POINT('',(0.,46.4003241997774,-43.8030794463339));
#8702=CARTESIAN_POINT('',(0.,23.5000000298023,-43.8030794463339));
#8703=CARTESIAN_POINT('',(-2.,47.0000000596046,-43.8030794463339));
#8704=CARTESIAN_POINT('',(0.,47.0000000596046,-43.8030794463339));
#8705=CARTESIAN_POINT('',(-2.,46.4003241997774,-43.8030794463339));
#8706=CARTESIAN_POINT('',(-2.,47.0000000596046,-43.8030794463339));
#8707=CARTESIAN_POINT('',(0.,46.4003241997774,-43.8030794463339));
#8708=CARTESIAN_POINT('Origin',(0.,47.0000000596046,-41.2649918882542));
#8709=CARTESIAN_POINT('',(0.,47.0000000596046,-41.2649918882542));
#8710=CARTESIAN_POINT('',(0.,47.0000000596046,-20.6324959441271));
#8711=CARTESIAN_POINT('',(-2.,47.0000000596046,-41.2649918882542));
#8712=CARTESIAN_POINT('',(0.,47.0000000596046,-41.2649918882542));
#8713=CARTESIAN_POINT('',(-2.,47.0000000596046,-41.2649918882542));
#8714=CARTESIAN_POINT('Origin',(0.,46.5299838451454,-41.2649918882542));
#8715=CARTESIAN_POINT('',(0.,46.5299838451454,-41.2649918882542));
#8716=CARTESIAN_POINT('',(0.,23.2649919225727,-41.2649918882542));
#8717=CARTESIAN_POINT('',(-2.,46.5299838451454,-41.2649918882542));
#8718=CARTESIAN_POINT('',(0.,46.5299838451454,-41.2649918882542));
#8719=CARTESIAN_POINT('',(-2.,46.5299838451454,-41.2649918882542));
#8720=CARTESIAN_POINT('Origin',(0.,46.5299838451454,-43.3298217407405));
#8721=CARTESIAN_POINT('',(0.,46.5299838451454,-43.3298217407405));
#8722=CARTESIAN_POINT('',(0.,46.5299838451454,-21.6649108703703));
#8723=CARTESIAN_POINT('',(-2.,46.5299838451454,-43.3298217407405));
#8724=CARTESIAN_POINT('',(0.,46.5299838451454,-43.3298217407405));
#8725=CARTESIAN_POINT('',(-2.,46.5299838451454,-43.3298217407405));
#8726=CARTESIAN_POINT('Origin',(0.,43.,-41.5016207410509));
#8727=CARTESIAN_POINT('',(0.,43.,-41.5016207410509));
#8728=CARTESIAN_POINT('',(0.,17.5731822005102,-28.332910696136));
#8729=CARTESIAN_POINT('',(-2.,43.,-41.5016207410509));
#8730=CARTESIAN_POINT('',(0.,43.,-41.5016207410509));
#8731=CARTESIAN_POINT('',(-2.,43.,-41.5016207410509));
#8732=CARTESIAN_POINT('Origin',(0.,43.,-42.0721231806703));
#8733=CARTESIAN_POINT('',(0.,43.,-42.0721231806703));
#8734=CARTESIAN_POINT('',(0.,43.,-21.0360615903352));
#8735=CARTESIAN_POINT('',(-2.,43.,-42.0721231806703));
#8736=CARTESIAN_POINT('',(0.,43.,-42.0721231806703));
#8737=CARTESIAN_POINT('',(-2.,43.,-42.0721231806703));
#8738=CARTESIAN_POINT('Origin',(0.,46.4003241997774,-43.8030794463339));
#8739=CARTESIAN_POINT('',(0.,19.1203353754654,-29.9160307979234));
#8740=CARTESIAN_POINT('',(-2.,46.4003241997774,-43.8030794463339));
#8741=CARTESIAN_POINT('Origin',(-2.,45.4891822996931,-42.5567786557713));
#8742=CARTESIAN_POINT('Origin',(0.,27.4635332321908,-20.7576985704551));
#8743=CARTESIAN_POINT('',(0.,27.4635332321908,-20.7576985704551));
#8744=CARTESIAN_POINT('',(0.,27.,-20.7576985704551));
#8745=CARTESIAN_POINT('',(0.,13.7317666160954,-20.7576985704551));
#8746=CARTESIAN_POINT('',(-2.,27.4635332321908,-20.7576985704551));
#8747=CARTESIAN_POINT('',(0.,27.4635332321908,-20.7576985704551));
#8748=CARTESIAN_POINT('',(-2.,27.,-20.7576985704551));
#8749=CARTESIAN_POINT('',(-2.,27.4635332321908,-20.7576985704551));
#8750=CARTESIAN_POINT('',(0.,27.,-20.7576985704551));
#8751=CARTESIAN_POINT('Origin',(0.,27.4635332321908,-18.793354943129));
#8752=CARTESIAN_POINT('',(0.,27.4635332321908,-18.793354943129));
#8753=CARTESIAN_POINT('',(0.,27.4635332321908,-9.3966774715645));
#8754=CARTESIAN_POINT('',(-2.,27.4635332321908,-18.793354943129));
#8755=CARTESIAN_POINT('',(0.,27.4635332321908,-18.793354943129));
#8756=CARTESIAN_POINT('',(-2.,27.4635332321908,-18.793354943129));
#8757=CARTESIAN_POINT('Ctrl Pts',(0.,28.5008103951353,-19.8500810528787));
#8758=CARTESIAN_POINT('Ctrl Pts',(-2.,28.5008103951353,-19.8500810528787));
#8759=CARTESIAN_POINT('Ctrl Pts',(0.,28.2252836487282,-19.597244744411));
#8760=CARTESIAN_POINT('Ctrl Pts',(-2.,28.2252836487282,-19.597244744411));
#8761=CARTESIAN_POINT('Ctrl Pts',(0.,27.6353322623035,-18.9781199377785));
#8762=CARTESIAN_POINT('Ctrl Pts',(-2.,27.6353322623035,-18.9781199377785));
#8763=CARTESIAN_POINT('Ctrl Pts',(0.,27.4635332321908,-18.793354943129));
#8764=CARTESIAN_POINT('Ctrl Pts',(-2.,27.4635332321908,-18.793354943129));
#8765=CARTESIAN_POINT('',(0.,28.5008103951353,-19.8500810528787));
#8766=CARTESIAN_POINT('Ctrl Pts',(0.,28.5008103951353,-19.8500810528787));
#8767=CARTESIAN_POINT('Ctrl Pts',(0.,28.2252836487282,-19.597244744411));
#8768=CARTESIAN_POINT('Ctrl Pts',(0.,27.6353322623035,-18.9781199377785));
#8769=CARTESIAN_POINT('Ctrl Pts',(0.,27.4635332321908,-18.793354943129));
#8770=CARTESIAN_POINT('',(-2.,28.5008103951353,-19.8500810528787));
#8771=CARTESIAN_POINT('',(0.,28.5008103951353,-19.8500810528787));
#8772=CARTESIAN_POINT('Ctrl Pts',(-2.,28.5008103951353,-19.8500810528787));
#8773=CARTESIAN_POINT('Ctrl Pts',(-2.,28.2252836487282,-19.597244744411));
#8774=CARTESIAN_POINT('Ctrl Pts',(-2.,27.6353322623035,-18.9781199377785));
#8775=CARTESIAN_POINT('Ctrl Pts',(-2.,27.4635332321908,-18.793354943129));
#8776=CARTESIAN_POINT('Ctrl Pts',(0.,29.1847650244518,-20.3849270900219));
#8777=CARTESIAN_POINT('Ctrl Pts',(-2.,29.1847650244518,-20.3849270900219));
#8778=CARTESIAN_POINT('Ctrl Pts',(0.,29.0097245032049,-20.2876823559959));
#8779=CARTESIAN_POINT('Ctrl Pts',(-2.,29.0097245032049,-20.2876823559959));
#8780=CARTESIAN_POINT('Ctrl Pts',(0.,28.6661264429796,-20.0056726273204));
#8781=CARTESIAN_POINT('Ctrl Pts',(-2.,28.6661264429796,-20.0056726273204));
#8782=CARTESIAN_POINT('Ctrl Pts',(0.,28.5008103951353,-19.8500810528787));
#8783=CARTESIAN_POINT('Ctrl Pts',(-2.,28.5008103951353,-19.8500810528787));
#8784=CARTESIAN_POINT('',(0.,29.1847650244518,-20.3849270900219));
#8785=CARTESIAN_POINT('Ctrl Pts',(0.,29.1847650244518,-20.3849270900219));
#8786=CARTESIAN_POINT('Ctrl Pts',(0.,29.0097245032049,-20.2876823559959));
#8787=CARTESIAN_POINT('Ctrl Pts',(0.,28.6661264429796,-20.0056726273204));
#8788=CARTESIAN_POINT('Ctrl Pts',(0.,28.5008103951353,-19.8500810528787));
#8789=CARTESIAN_POINT('',(-2.,29.1847650244518,-20.3849270900219));
#8790=CARTESIAN_POINT('',(0.,29.1847650244518,-20.3849270900219));
#8791=CARTESIAN_POINT('Ctrl Pts',(-2.,29.1847650244518,-20.3849270900219));
#8792=CARTESIAN_POINT('Ctrl Pts',(-2.,29.0097245032049,-20.2876823559959));
#8793=CARTESIAN_POINT('Ctrl Pts',(-2.,28.6661264429796,-20.0056726273204));
#8794=CARTESIAN_POINT('Ctrl Pts',(-2.,28.5008103951353,-19.8500810528787));
#8795=CARTESIAN_POINT('Ctrl Pts',(0.,29.9854133345996,-20.5923825226108));
#8796=CARTESIAN_POINT('Ctrl Pts',(-2.,29.9854133345996,-20.5923825226108));
#8797=CARTESIAN_POINT('Ctrl Pts',(0.,29.7487844818029,-20.5923825226108));
#8798=CARTESIAN_POINT('Ctrl Pts',(-2.,29.7487844818029,-20.5923825226108));
#8799=CARTESIAN_POINT('Ctrl Pts',(0.,29.3533225634303,-20.482171824048));
#8800=CARTESIAN_POINT('Ctrl Pts',(-2.,29.3533225634303,-20.482171824048));
#8801=CARTESIAN_POINT('Ctrl Pts',(0.,29.1847650244518,-20.3849270900219));
#8802=CARTESIAN_POINT('Ctrl Pts',(-2.,29.1847650244518,-20.3849270900219));
#8803=CARTESIAN_POINT('',(0.,29.9854133345996,-20.5923825226108));
#8804=CARTESIAN_POINT('Ctrl Pts',(0.,29.9854133345996,-20.5923825226108));
#8805=CARTESIAN_POINT('Ctrl Pts',(0.,29.7487844818029,-20.5923825226108));
#8806=CARTESIAN_POINT('Ctrl Pts',(0.,29.3533225634303,-20.482171824048));
#8807=CARTESIAN_POINT('Ctrl Pts',(0.,29.1847650244518,-20.3849270900219));
#8808=CARTESIAN_POINT('',(-2.,29.9854133345996,-20.5923825226108));
#8809=CARTESIAN_POINT('',(0.,29.9854133345996,-20.5923825226108));
#8810=CARTESIAN_POINT('Ctrl Pts',(-2.,29.9854133345996,-20.5923825226108));
#8811=CARTESIAN_POINT('Ctrl Pts',(-2.,29.7487844818029,-20.5923825226108));
#8812=CARTESIAN_POINT('Ctrl Pts',(-2.,29.3533225634303,-20.482171824048));
#8813=CARTESIAN_POINT('Ctrl Pts',(-2.,29.1847650244518,-20.3849270900219));
#8814=CARTESIAN_POINT('Ctrl Pts',(0.,31.0842788290939,-19.3995137852247));
#8815=CARTESIAN_POINT('Ctrl Pts',(-2.,31.0842788290939,-19.3995137852247));
#8816=CARTESIAN_POINT('Ctrl Pts',(0.,31.0842788290939,-19.9602917514415));
#8817=CARTESIAN_POINT('Ctrl Pts',(-2.,31.0842788290939,-19.9602917514415));
#8818=CARTESIAN_POINT('Ctrl Pts',(0.,30.491085951535,-20.5923825226108));
#8819=CARTESIAN_POINT('Ctrl Pts',(-2.,30.491085951535,-20.5923825226108));
#8820=CARTESIAN_POINT('Ctrl Pts',(0.,29.9854133345996,-20.5923825226108));
#8821=CARTESIAN_POINT('Ctrl Pts',(-2.,29.9854133345996,-20.5923825226108));
#8822=CARTESIAN_POINT('',(0.,31.0842788290939,-19.3995137852247));
#8823=CARTESIAN_POINT('Ctrl Pts',(0.,31.0842788290939,-19.3995137852247));
#8824=CARTESIAN_POINT('Ctrl Pts',(0.,31.0842788290939,-19.9602917514415));
#8825=CARTESIAN_POINT('Ctrl Pts',(0.,30.491085951535,-20.5923825226108));
#8826=CARTESIAN_POINT('Ctrl Pts',(0.,29.9854133345996,-20.5923825226108));
#8827=CARTESIAN_POINT('',(-2.,31.0842788290939,-19.3995137852247));
#8828=CARTESIAN_POINT('',(0.,31.0842788290939,-19.3995137852247));
#8829=CARTESIAN_POINT('Ctrl Pts',(-2.,31.0842788290939,-19.3995137852247));
#8830=CARTESIAN_POINT('Ctrl Pts',(-2.,31.0842788290939,-19.9602917514415));
#8831=CARTESIAN_POINT('Ctrl Pts',(-2.,30.491085951535,-20.5923825226108));
#8832=CARTESIAN_POINT('Ctrl Pts',(-2.,29.9854133345996,-20.5923825226108));
#8833=CARTESIAN_POINT('Ctrl Pts',(0.,30.844408485163,-18.375202586817));
#8834=CARTESIAN_POINT('Ctrl Pts',(-2.,30.844408485163,-18.375202586817));
#8835=CARTESIAN_POINT('Ctrl Pts',(0.,30.925445763518,-18.5405186346613));
#8836=CARTESIAN_POINT('Ctrl Pts',(-2.,30.925445763518,-18.5405186346613));
#8837=CARTESIAN_POINT('Ctrl Pts',(0.,31.0842788290939,-19.1337115122202));
#8838=CARTESIAN_POINT('Ctrl Pts',(-2.,31.0842788290939,-19.1337115122202));
#8839=CARTESIAN_POINT('Ctrl Pts',(0.,31.0842788290939,-19.3995137852247));
#8840=CARTESIAN_POINT('Ctrl Pts',(-2.,31.0842788290939,-19.3995137852247));
#8841=CARTESIAN_POINT('',(0.,30.844408485163,-18.375202586817));
#8842=CARTESIAN_POINT('Ctrl Pts',(0.,30.844408485163,-18.375202586817));
#8843=CARTESIAN_POINT('Ctrl Pts',(0.,30.925445763518,-18.5405186346613));
#8844=CARTESIAN_POINT('Ctrl Pts',(0.,31.0842788290939,-19.1337115122202));
#8845=CARTESIAN_POINT('Ctrl Pts',(0.,31.0842788290939,-19.3995137852247));
#8846=CARTESIAN_POINT('',(-2.,30.844408485163,-18.375202586817));
#8847=CARTESIAN_POINT('',(0.,30.844408485163,-18.375202586817));
#8848=CARTESIAN_POINT('Ctrl Pts',(-2.,30.844408485163,-18.375202586817));
#8849=CARTESIAN_POINT('Ctrl Pts',(-2.,30.925445763518,-18.5405186346613));
#8850=CARTESIAN_POINT('Ctrl Pts',(-2.,31.0842788290939,-19.1337115122202));
#8851=CARTESIAN_POINT('Ctrl Pts',(-2.,31.0842788290939,-19.3995137852247));
#8852=CARTESIAN_POINT('Origin',(0.,30.2739060455435,-18.375202586817));
#8853=CARTESIAN_POINT('',(0.,30.2739060455435,-18.375202586817));
#8854=CARTESIAN_POINT('',(0.,15.1369530227717,-18.375202586817));
#8855=CARTESIAN_POINT('',(-2.,30.2739060455435,-18.375202586817));
#8856=CARTESIAN_POINT('',(0.,30.2739060455435,-18.375202586817));
#8857=CARTESIAN_POINT('',(-2.,30.2739060455435,-18.375202586817));
#8858=CARTESIAN_POINT('Origin',(0.,30.2739060455435,-18.4043760070248));
#8859=CARTESIAN_POINT('',(0.,30.2739060455435,-18.4043760070248));
#8860=CARTESIAN_POINT('',(0.,30.2739060455435,-9.20218800351241));
#8861=CARTESIAN_POINT('',(-2.,30.2739060455435,-18.4043760070248));
#8862=CARTESIAN_POINT('',(0.,30.2739060455435,-18.4043760070248));
#8863=CARTESIAN_POINT('',(-2.,30.2739060455435,-18.4043760070248));
#8864=CARTESIAN_POINT('Ctrl Pts',(0.,30.4943274426692,-18.793354943129));
#8865=CARTESIAN_POINT('Ctrl Pts',(-2.,30.4943274426692,-18.793354943129));
#8866=CARTESIAN_POINT('Ctrl Pts',(0.,30.4489465667904,-18.6799027534319));
#8867=CARTESIAN_POINT('Ctrl Pts',(-2.,30.4489465667904,-18.6799027534319));
#8868=CARTESIAN_POINT('Ctrl Pts',(0.,30.3192869214223,-18.4692058297089));
#8869=CARTESIAN_POINT('Ctrl Pts',(-2.,30.3192869214223,-18.4692058297089));
#8870=CARTESIAN_POINT('Ctrl Pts',(0.,30.2739060455435,-18.4043760070248));
#8871=CARTESIAN_POINT('Ctrl Pts',(-2.,30.2739060455435,-18.4043760070248));
#8872=CARTESIAN_POINT('',(0.,30.4943274426692,-18.793354943129));
#8873=CARTESIAN_POINT('Ctrl Pts',(0.,30.4943274426692,-18.793354943129));
#8874=CARTESIAN_POINT('Ctrl Pts',(0.,30.4489465667904,-18.6799027534319));
#8875=CARTESIAN_POINT('Ctrl Pts',(0.,30.3192869214223,-18.4692058297089));
#8876=CARTESIAN_POINT('Ctrl Pts',(0.,30.2739060455435,-18.4043760070248));
#8877=CARTESIAN_POINT('',(-2.,30.4943274426692,-18.793354943129));
#8878=CARTESIAN_POINT('',(0.,30.4943274426692,-18.793354943129));
#8879=CARTESIAN_POINT('Ctrl Pts',(-2.,30.4943274426692,-18.793354943129));
#8880=CARTESIAN_POINT('Ctrl Pts',(-2.,30.4489465667904,-18.6799027534319));
#8881=CARTESIAN_POINT('Ctrl Pts',(-2.,30.3192869214223,-18.4692058297089));
#8882=CARTESIAN_POINT('Ctrl Pts',(-2.,30.2739060455435,-18.4043760070248));
#8883=CARTESIAN_POINT('Ctrl Pts',(0.,30.6207455969031,-19.3606158916143));
#8884=CARTESIAN_POINT('Ctrl Pts',(-2.,30.6207455969031,-19.3606158916143));
#8885=CARTESIAN_POINT('Ctrl Pts',(0.,30.6207455969031,-19.2179902817094));
#8886=CARTESIAN_POINT('Ctrl Pts',(-2.,30.6207455969031,-19.2179902817094));
#8887=CARTESIAN_POINT('Ctrl Pts',(0.,30.5494327919506,-18.9262560796313));
#8888=CARTESIAN_POINT('Ctrl Pts',(-2.,30.5494327919506,-18.9262560796313));
#8889=CARTESIAN_POINT('Ctrl Pts',(0.,30.4943274426692,-18.793354943129));
#8890=CARTESIAN_POINT('Ctrl Pts',(-2.,30.4943274426692,-18.793354943129));
#8891=CARTESIAN_POINT('',(0.,30.6207455969031,-19.3606158916143));
#8892=CARTESIAN_POINT('Ctrl Pts',(0.,30.6207455969031,-19.3606158916143));
#8893=CARTESIAN_POINT('Ctrl Pts',(0.,30.6207455969031,-19.2179902817094));
#8894=CARTESIAN_POINT('Ctrl Pts',(0.,30.5494327919506,-18.9262560796313));
#8895=CARTESIAN_POINT('Ctrl Pts',(0.,30.4943274426692,-18.793354943129));
#8896=CARTESIAN_POINT('',(-2.,30.6207455969031,-19.3606158916143));
#8897=CARTESIAN_POINT('',(0.,30.6207455969031,-19.3606158916143));
#8898=CARTESIAN_POINT('Ctrl Pts',(-2.,30.6207455969031,-19.3606158916143));
#8899=CARTESIAN_POINT('Ctrl Pts',(-2.,30.6207455969031,-19.2179902817094));
#8900=CARTESIAN_POINT('Ctrl Pts',(-2.,30.5494327919506,-18.9262560796313));
#8901=CARTESIAN_POINT('Ctrl Pts',(-2.,30.4943274426692,-18.793354943129));
#8902=CARTESIAN_POINT('Ctrl Pts',(0.,30.458671040193,-19.8500810528787));
#8903=CARTESIAN_POINT('Ctrl Pts',(-2.,30.458671040193,-19.8500810528787));
#8904=CARTESIAN_POINT('Ctrl Pts',(0.,30.539708318548,-19.7560778099868));
#8905=CARTESIAN_POINT('Ctrl Pts',(-2.,30.539708318548,-19.7560778099868));
#8906=CARTESIAN_POINT('Ctrl Pts',(0.,30.6207455969031,-19.5097244837875));
#8907=CARTESIAN_POINT('Ctrl Pts',(-2.,30.6207455969031,-19.5097244837875));
#8908=CARTESIAN_POINT('Ctrl Pts',(0.,30.6207455969031,-19.3606158916143));
#8909=CARTESIAN_POINT('Ctrl Pts',(-2.,30.6207455969031,-19.3606158916143));
#8910=CARTESIAN_POINT('',(0.,30.458671040193,-19.8500810528787));
#8911=CARTESIAN_POINT('Ctrl Pts',(0.,30.458671040193,-19.8500810528787));
#8912=CARTESIAN_POINT('Ctrl Pts',(0.,30.539708318548,-19.7560778099868));
#8913=CARTESIAN_POINT('Ctrl Pts',(0.,30.6207455969031,-19.5097244837875));
#8914=CARTESIAN_POINT('Ctrl Pts',(0.,30.6207455969031,-19.3606158916143));
#8915=CARTESIAN_POINT('',(-2.,30.458671040193,-19.8500810528787));
#8916=CARTESIAN_POINT('',(0.,30.458671040193,-19.8500810528787));
#8917=CARTESIAN_POINT('Ctrl Pts',(-2.,30.458671040193,-19.8500810528787));
#8918=CARTESIAN_POINT('Ctrl Pts',(-2.,30.539708318548,-19.7560778099868));
#8919=CARTESIAN_POINT('Ctrl Pts',(-2.,30.6207455969031,-19.5097244837875));
#8920=CARTESIAN_POINT('Ctrl Pts',(-2.,30.6207455969031,-19.3606158916143));
#8921=CARTESIAN_POINT('Ctrl Pts',(0.,29.9562399143918,-20.047812012065));
#8922=CARTESIAN_POINT('Ctrl Pts',(-2.,29.9562399143918,-20.047812012065));
#8923=CARTESIAN_POINT('Ctrl Pts',(0.,30.1247974533702,-20.047812012065));
#8924=CARTESIAN_POINT('Ctrl Pts',(-2.,30.1247974533702,-20.047812012065));
#8925=CARTESIAN_POINT('Ctrl Pts',(0.,30.3776337618379,-19.9440842957705));
#8926=CARTESIAN_POINT('Ctrl Pts',(-2.,30.3776337618379,-19.9440842957705));
#8927=CARTESIAN_POINT('Ctrl Pts',(0.,30.458671040193,-19.8500810528787));
#8928=CARTESIAN_POINT('Ctrl Pts',(-2.,30.458671040193,-19.8500810528787));
#8929=CARTESIAN_POINT('',(0.,29.9562399143917,-20.047812012065));
#8930=CARTESIAN_POINT('Ctrl Pts',(0.,29.9562399143918,-20.047812012065));
#8931=CARTESIAN_POINT('Ctrl Pts',(0.,30.1247974533702,-20.047812012065));
#8932=CARTESIAN_POINT('Ctrl Pts',(0.,30.3776337618379,-19.9440842957705));
#8933=CARTESIAN_POINT('Ctrl Pts',(0.,30.458671040193,-19.8500810528787));
#8934=CARTESIAN_POINT('',(-2.,29.9562399143917,-20.047812012065));
#8935=CARTESIAN_POINT('',(0.,29.9562399143917,-20.047812012065));
#8936=CARTESIAN_POINT('Ctrl Pts',(-2.,29.9562399143918,-20.047812012065));
#8937=CARTESIAN_POINT('Ctrl Pts',(-2.,30.1247974533702,-20.047812012065));
#8938=CARTESIAN_POINT('Ctrl Pts',(-2.,30.3776337618379,-19.9440842957705));
#8939=CARTESIAN_POINT('Ctrl Pts',(-2.,30.458671040193,-19.8500810528787));
#8940=CARTESIAN_POINT('Ctrl Pts',(0.,28.5299838153431,-19.2568881753198));
#8941=CARTESIAN_POINT('Ctrl Pts',(-2.,28.5299838153431,-19.2568881753198));
#8942=CARTESIAN_POINT('Ctrl Pts',(0.,29.0324149411443,-19.7139384252422));
#8943=CARTESIAN_POINT('Ctrl Pts',(-2.,29.0324149411443,-19.7139384252422));
#8944=CARTESIAN_POINT('Ctrl Pts',(0.,29.6353322921058,-20.047812012065));
#8945=CARTESIAN_POINT('Ctrl Pts',(-2.,29.6353322921058,-20.047812012065));
#8946=CARTESIAN_POINT('Ctrl Pts',(0.,29.9562399143918,-20.047812012065));
#8947=CARTESIAN_POINT('Ctrl Pts',(-2.,29.9562399143918,-20.047812012065));
#8948=CARTESIAN_POINT('',(0.,28.5299838153431,-19.2568881753198));
#8949=CARTESIAN_POINT('Ctrl Pts',(0.,28.5299838153431,-19.2568881753198));
#8950=CARTESIAN_POINT('Ctrl Pts',(0.,29.0324149411443,-19.7139384252422));
#8951=CARTESIAN_POINT('Ctrl Pts',(0.,29.6353322921058,-20.047812012065));
#8952=CARTESIAN_POINT('Ctrl Pts',(0.,29.9562399143918,-20.047812012065));
#8953=CARTESIAN_POINT('',(-2.,28.5299838153431,-19.2568881753198));
#8954=CARTESIAN_POINT('',(0.,28.5299838153431,-19.2568881753198));
#8955=CARTESIAN_POINT('Ctrl Pts',(-2.,28.5299838153431,-19.2568881753198));
#8956=CARTESIAN_POINT('Ctrl Pts',(-2.,29.0324149411443,-19.7139384252422));
#8957=CARTESIAN_POINT('Ctrl Pts',(-2.,29.6353322921058,-20.047812012065));
#8958=CARTESIAN_POINT('Ctrl Pts',(-2.,29.9562399143918,-20.047812012065));
#8959=CARTESIAN_POINT('Ctrl Pts',(0.,27.5672609484852,-18.2909238173278));
#8960=CARTESIAN_POINT('Ctrl Pts',(-2.,27.5672609484852,-18.2909238173278));
#8961=CARTESIAN_POINT('Ctrl Pts',(0.,27.8168557658188,-18.5567260903323));
#8962=CARTESIAN_POINT('Ctrl Pts',(-2.,27.8168557658188,-18.5567260903323));
#8963=CARTESIAN_POINT('Ctrl Pts',(0.,28.2803889980096,-19.0299837959257));
#8964=CARTESIAN_POINT('Ctrl Pts',(-2.,28.2803889980096,-19.0299837959257));
#8965=CARTESIAN_POINT('Ctrl Pts',(0.,28.5299838153431,-19.2568881753198));
#8966=CARTESIAN_POINT('Ctrl Pts',(-2.,28.5299838153431,-19.2568881753198));
#8967=CARTESIAN_POINT('',(0.,27.5672609484852,-18.2909238173278));
#8968=CARTESIAN_POINT('Ctrl Pts',(0.,27.5672609484852,-18.2909238173278));
#8969=CARTESIAN_POINT('Ctrl Pts',(0.,27.8168557658188,-18.5567260903323));
#8970=CARTESIAN_POINT('Ctrl Pts',(0.,28.2803889980096,-19.0299837959257));
#8971=CARTESIAN_POINT('Ctrl Pts',(0.,28.5299838153431,-19.2568881753198));
#8972=CARTESIAN_POINT('',(-2.,27.5672609484852,-18.2909238173278));
#8973=CARTESIAN_POINT('',(0.,27.5672609484852,-18.2909238173278));
#8974=CARTESIAN_POINT('Ctrl Pts',(-2.,27.5672609484852,-18.2909238173278));
#8975=CARTESIAN_POINT('Ctrl Pts',(-2.,27.8168557658188,-18.5567260903323));
#8976=CARTESIAN_POINT('Ctrl Pts',(-2.,28.2803889980096,-19.0299837959257));
#8977=CARTESIAN_POINT('Ctrl Pts',(-2.,28.5299838153431,-19.2568881753198));
#8978=CARTESIAN_POINT('Origin',(0.,27.,-18.2909238173278));
#8979=CARTESIAN_POINT('',(0.,27.,-18.2909238173278));
#8980=CARTESIAN_POINT('',(0.,13.5,-18.2909238173278));
#8981=CARTESIAN_POINT('',(-2.,27.,-18.2909238173278));
#8982=CARTESIAN_POINT('',(0.,27.,-18.2909238173278));
#8983=CARTESIAN_POINT('',(-2.,27.,-18.2909238173278));
#8984=CARTESIAN_POINT('Origin',(0.,27.,-20.7576985704551));
#8985=CARTESIAN_POINT('',(0.,27.,-10.3788492852276));
#8986=CARTESIAN_POINT('',(-2.,27.,-20.7576985704551));
#8987=CARTESIAN_POINT('Origin',(-2.,28.7102632013334,-19.5300083214827));
#8988=CARTESIAN_POINT('Ctrl Pts',(0.,30.539708318548,-7.75850880194329));
#8989=CARTESIAN_POINT('Ctrl Pts',(-2.,30.539708318548,-7.75850880194329));
#8990=CARTESIAN_POINT('Ctrl Pts',(0.,30.539708318548,-7.97893019906899));
#8991=CARTESIAN_POINT('Ctrl Pts',(-2.,30.539708318548,-7.97893019906899));
#8992=CARTESIAN_POINT('Ctrl Pts',(0.,30.4781199869982,-8.28038887454973));
#8993=CARTESIAN_POINT('Ctrl Pts',(-2.,30.4781199869982,-8.28038887454973));
#8994=CARTESIAN_POINT('Ctrl Pts',(0.,30.4035656909116,-8.39384106424678));
#8995=CARTESIAN_POINT('Ctrl Pts',(-2.,30.4035656909116,-8.39384106424678));
#8996=CARTESIAN_POINT('',(0.,30.4035656909116,-8.39384106424678));
#8997=CARTESIAN_POINT('',(0.,30.539708318548,-7.75850880194329));
#8998=CARTESIAN_POINT('Ctrl Pts',(0.,30.4035656909116,-8.39384106424678));
#8999=CARTESIAN_POINT('Ctrl Pts',(0.,30.4781199869982,-8.28038887454973));
#9000=CARTESIAN_POINT('Ctrl Pts',(0.,30.539708318548,-7.97893019906899));
#9001=CARTESIAN_POINT('Ctrl Pts',(0.,30.539708318548,-7.75850880194329));
#9002=CARTESIAN_POINT('',(-2.,30.4035656909116,-8.39384106424678));
#9003=CARTESIAN_POINT('',(0.,30.4035656909116,-8.39384106424678));
#9004=CARTESIAN_POINT('',(-2.,30.539708318548,-7.75850880194329));
#9005=CARTESIAN_POINT('Ctrl Pts',(-2.,30.4035656909116,-8.39384106424678));
#9006=CARTESIAN_POINT('Ctrl Pts',(-2.,30.4781199869982,-8.28038887454973));
#9007=CARTESIAN_POINT('Ctrl Pts',(-2.,30.539708318548,-7.97893019906899));
#9008=CARTESIAN_POINT('Ctrl Pts',(-2.,30.539708318548,-7.75850880194329));
#9009=CARTESIAN_POINT('',(0.,30.539708318548,-7.75850880194329));
#9010=CARTESIAN_POINT('Origin',(0.,30.539708318548,-7.23014574706844));
#9011=CARTESIAN_POINT('',(0.,30.539708318548,-7.23014574706844));
#9012=CARTESIAN_POINT('',(0.,30.539708318548,-3.61507287353422));
#9013=CARTESIAN_POINT('',(-2.,30.539708318548,-7.23014574706844));
#9014=CARTESIAN_POINT('',(-2.,30.539708318548,-7.56296929461047));
#9015=CARTESIAN_POINT('',(0.,30.539708318548,-7.23014574706844));
#9016=CARTESIAN_POINT('Origin',(0.,29.0356564322785,-7.23014574706844));
#9017=CARTESIAN_POINT('',(0.,29.0356564322785,-7.23014574706844));
#9018=CARTESIAN_POINT('',(0.,14.5178282161393,-7.23014574706844));
#9019=CARTESIAN_POINT('',(-2.,29.0356564322785,-7.23014574706844));
#9020=CARTESIAN_POINT('',(-2.,28.8676454715199,-7.23014574706844));
#9021=CARTESIAN_POINT('',(0.,29.0356564322785,-7.23014574706844));
#9022=CARTESIAN_POINT('Origin',(0.,29.0356564322785,-7.69692047039346));
#9023=CARTESIAN_POINT('',(0.,29.0356564322785,-7.69692047039346));
#9024=CARTESIAN_POINT('',(0.,29.0356564322785,-3.84846023519673));
#9025=CARTESIAN_POINT('',(-2.,29.0356564322785,-7.69692047039346));
#9026=CARTESIAN_POINT('',(-2.,29.0356564322785,-7.79635665627298));
#9027=CARTESIAN_POINT('',(0.,29.0356564322785,-7.69692047039346));
#9028=CARTESIAN_POINT('Ctrl Pts',(0.,29.2431118648674,-8.41977299332039));
#9029=CARTESIAN_POINT('Ctrl Pts',(-2.,29.2431118648674,-8.41977299332039));
#9030=CARTESIAN_POINT('Ctrl Pts',(0.,29.1166937106336,-8.29335483908653));
#9031=CARTESIAN_POINT('Ctrl Pts',(-2.,29.1166937106336,-8.29335483908653));
#9032=CARTESIAN_POINT('Ctrl Pts',(0.,29.0356564322785,-7.92706634092176));
#9033=CARTESIAN_POINT('Ctrl Pts',(-2.,29.0356564322785,-7.92706634092176));
#9034=CARTESIAN_POINT('Ctrl Pts',(0.,29.0356564322785,-7.69692047039346));
#9035=CARTESIAN_POINT('Ctrl Pts',(-2.,29.0356564322785,-7.69692047039346));
#9036=CARTESIAN_POINT('',(0.,29.2431118648674,-8.41977299332039));
#9037=CARTESIAN_POINT('Ctrl Pts',(0.,29.0356564322785,-7.69692047039346));
#9038=CARTESIAN_POINT('Ctrl Pts',(0.,29.0356564322785,-7.92706634092176));
#9039=CARTESIAN_POINT('Ctrl Pts',(0.,29.1166937106336,-8.29335483908653));
#9040=CARTESIAN_POINT('Ctrl Pts',(0.,29.2431118648674,-8.41977299332039));
#9041=CARTESIAN_POINT('',(-2.,29.2431118648674,-8.41977299332039));
#9042=CARTESIAN_POINT('Ctrl Pts',(-2.,29.0356564322785,-7.69692047039346));
#9043=CARTESIAN_POINT('Ctrl Pts',(-2.,29.0356564322785,-7.92706634092176));
#9044=CARTESIAN_POINT('Ctrl Pts',(-2.,29.1166937106336,-8.29335483908653));
#9045=CARTESIAN_POINT('Ctrl Pts',(-2.,29.2431118648674,-8.41977299332039));
#9046=CARTESIAN_POINT('',(0.,29.2431118648674,-8.41977299332039));
#9047=CARTESIAN_POINT('Ctrl Pts',(0.,29.8719611449025,-8.6466773727145));
#9048=CARTESIAN_POINT('Ctrl Pts',(-2.,29.8719611449025,-8.6466773727145));
#9049=CARTESIAN_POINT('Ctrl Pts',(0.,29.6645057123136,-8.6466773727145));
#9050=CARTESIAN_POINT('Ctrl Pts',(-2.,29.6645057123136,-8.6466773727145));
#9051=CARTESIAN_POINT('Ctrl Pts',(0.,29.3533225634303,-8.53646667415165));
#9052=CARTESIAN_POINT('Ctrl Pts',(-2.,29.3533225634303,-8.53646667415165));
#9053=CARTESIAN_POINT('Ctrl Pts',(0.,29.2431118648674,-8.41977299332039));
#9054=CARTESIAN_POINT('Ctrl Pts',(-2.,29.2431118648674,-8.41977299332039));
#9055=CARTESIAN_POINT('',(0.,29.8719611449025,-8.6466773727145));
#9056=CARTESIAN_POINT('Ctrl Pts',(0.,29.2431118648674,-8.41977299332039));
#9057=CARTESIAN_POINT('Ctrl Pts',(0.,29.3533225634303,-8.53646667415165));
#9058=CARTESIAN_POINT('Ctrl Pts',(0.,29.6645057123136,-8.6466773727145));
#9059=CARTESIAN_POINT('Ctrl Pts',(0.,29.8719611449025,-8.6466773727145));
#9060=CARTESIAN_POINT('',(-2.,29.8719611449025,-8.6466773727145));
#9061=CARTESIAN_POINT('Ctrl Pts',(-2.,29.2431118648674,-8.41977299332039));
#9062=CARTESIAN_POINT('Ctrl Pts',(-2.,29.3533225634303,-8.53646667415165));
#9063=CARTESIAN_POINT('Ctrl Pts',(-2.,29.6645057123136,-8.6466773727145));
#9064=CARTESIAN_POINT('Ctrl Pts',(-2.,29.8719611449025,-8.6466773727145));
#9065=CARTESIAN_POINT('',(0.,29.8719611449025,-8.6466773727145));
#9066=CARTESIAN_POINT('Ctrl Pts',(0.,30.4035656909116,-8.39384106424678));
#9067=CARTESIAN_POINT('Ctrl Pts',(-2.,30.4035656909116,-8.39384106424678));
#9068=CARTESIAN_POINT('Ctrl Pts',(0.,30.3160454302881,-8.52350070961484));
#9069=CARTESIAN_POINT('Ctrl Pts',(-2.,30.3160454302881,-8.52350070961484));
#9070=CARTESIAN_POINT('Ctrl Pts',(0.,30.0470016661494,-8.6466773727145));
#9071=CARTESIAN_POINT('Ctrl Pts',(-2.,30.0470016661494,-8.6466773727145));
#9072=CARTESIAN_POINT('Ctrl Pts',(0.,29.8719611449025,-8.6466773727145));
#9073=CARTESIAN_POINT('Ctrl Pts',(-2.,29.8719611449025,-8.6466773727145));
#9074=CARTESIAN_POINT('Ctrl Pts',(0.,29.8719611449025,-8.6466773727145));
#9075=CARTESIAN_POINT('Ctrl Pts',(0.,30.0470016661494,-8.6466773727145));
#9076=CARTESIAN_POINT('Ctrl Pts',(0.,30.3160454302881,-8.52350070961484));
#9077=CARTESIAN_POINT('Ctrl Pts',(0.,30.4035656909116,-8.39384106424678));
#9078=CARTESIAN_POINT('Ctrl Pts',(-2.,29.8719611449025,-8.6466773727145));
#9079=CARTESIAN_POINT('Ctrl Pts',(-2.,30.0470016661494,-8.6466773727145));
#9080=CARTESIAN_POINT('Ctrl Pts',(-2.,30.3160454302881,-8.52350070961484));
#9081=CARTESIAN_POINT('Ctrl Pts',(-2.,30.4035656909116,-8.39384106424678));
#9082=CARTESIAN_POINT('Origin',(0.,28.7406807390662,-8.37115062630737));
#9083=CARTESIAN_POINT('',(0.,28.7406807390662,-8.37115062630737));
#9084=CARTESIAN_POINT('',(0.,27.,-9.79416523422183));
#9085=CARTESIAN_POINT('',(0.,22.1779989103583,-13.7361735737986));
#9086=CARTESIAN_POINT('',(-2.,28.7406807390662,-8.37115062630737));
#9087=CARTESIAN_POINT('',(0.,28.7406807390662,-8.37115062630737));
#9088=CARTESIAN_POINT('',(-2.,27.,-9.79416523422183));
#9089=CARTESIAN_POINT('',(-2.,28.7406807390662,-8.37115062630737));
#9090=CARTESIAN_POINT('',(0.,27.,-9.79416523422183));
#9091=CARTESIAN_POINT('Ctrl Pts',(0.,29.9141005296471,-9.20097235666295));
#9092=CARTESIAN_POINT('Ctrl Pts',(-2.,29.9141005296471,-9.20097235666295));
#9093=CARTESIAN_POINT('Ctrl Pts',(0.,29.4764992265299,-9.20097235666295));
#9094=CARTESIAN_POINT('Ctrl Pts',(-2.,29.4764992265299,-9.20097235666295));
#9095=CARTESIAN_POINT('Ctrl Pts',(0.,28.8833063489711,-8.75364658014315));
#9096=CARTESIAN_POINT('Ctrl Pts',(-2.,28.8833063489711,-8.75364658014315));
#9097=CARTESIAN_POINT('Ctrl Pts',(0.,28.7406807390662,-8.37115062630737));
#9098=CARTESIAN_POINT('Ctrl Pts',(-2.,28.7406807390662,-8.37115062630737));
#9099=CARTESIAN_POINT('',(0.,29.9141005296471,-9.20097235666295));
#9100=CARTESIAN_POINT('Ctrl Pts',(0.,29.9141005296471,-9.20097235666295));
#9101=CARTESIAN_POINT('Ctrl Pts',(0.,29.4764992265299,-9.20097235666295));
#9102=CARTESIAN_POINT('Ctrl Pts',(0.,28.8833063489711,-8.75364658014315));
#9103=CARTESIAN_POINT('Ctrl Pts',(0.,28.7406807390662,-8.37115062630737));
#9104=CARTESIAN_POINT('',(-2.,29.9141005296471,-9.20097235666295));
#9105=CARTESIAN_POINT('',(0.,29.9141005296471,-9.20097235666295));
#9106=CARTESIAN_POINT('Ctrl Pts',(-2.,29.9141005296471,-9.20097235666295));
#9107=CARTESIAN_POINT('Ctrl Pts',(-2.,29.4764992265299,-9.20097235666295));
#9108=CARTESIAN_POINT('Ctrl Pts',(-2.,28.8833063489711,-8.75364658014315));
#9109=CARTESIAN_POINT('Ctrl Pts',(-2.,28.7406807390662,-8.37115062630737));
#9110=CARTESIAN_POINT('Ctrl Pts',(0.,30.7893031358815,-8.74716359787474));
#9111=CARTESIAN_POINT('Ctrl Pts',(-2.,30.7893031358815,-8.74716359787474));
#9112=CARTESIAN_POINT('Ctrl Pts',(0.,30.6531605082451,-8.95786052159784));
#9113=CARTESIAN_POINT('Ctrl Pts',(-2.,30.6531605082451,-8.95786052159784));
#9114=CARTESIAN_POINT('Ctrl Pts',(0.,30.2285251696647,-9.20097235666295));
#9115=CARTESIAN_POINT('Ctrl Pts',(-2.,30.2285251696647,-9.20097235666295));
#9116=CARTESIAN_POINT('Ctrl Pts',(0.,29.9141005296471,-9.20097235666295));
#9117=CARTESIAN_POINT('Ctrl Pts',(-2.,29.9141005296471,-9.20097235666295));
#9118=CARTESIAN_POINT('',(0.,30.7893031358815,-8.74716359787474));
#9119=CARTESIAN_POINT('Ctrl Pts',(0.,30.7893031358815,-8.74716359787474));
#9120=CARTESIAN_POINT('Ctrl Pts',(0.,30.6531605082451,-8.95786052159784));
#9121=CARTESIAN_POINT('Ctrl Pts',(0.,30.2285251696647,-9.20097235666295));
#9122=CARTESIAN_POINT('Ctrl Pts',(0.,29.9141005296471,-9.20097235666295));
#9123=CARTESIAN_POINT('',(-2.,30.7893031358815,-8.74716359787474));
#9124=CARTESIAN_POINT('',(0.,30.7893031358815,-8.74716359787474));
#9125=CARTESIAN_POINT('Ctrl Pts',(-2.,30.7893031358815,-8.74716359787474));
#9126=CARTESIAN_POINT('Ctrl Pts',(-2.,30.6531605082451,-8.95786052159784));
#9127=CARTESIAN_POINT('Ctrl Pts',(-2.,30.2285251696647,-9.20097235666295));
#9128=CARTESIAN_POINT('Ctrl Pts',(-2.,29.9141005296471,-9.20097235666295));
#9129=CARTESIAN_POINT('Ctrl Pts',(0.,31.0000000596046,-7.72933538173547));
#9130=CARTESIAN_POINT('Ctrl Pts',(-2.,31.0000000596046,-7.72933538173547));
#9131=CARTESIAN_POINT('Ctrl Pts',(0.,31.0000000596046,-8.07293344196083));
#9132=CARTESIAN_POINT('Ctrl Pts',(-2.,31.0000000596046,-8.07293344196083));
#9133=CARTESIAN_POINT('Ctrl Pts',(0.,30.925445763518,-8.53646667415165));
#9134=CARTESIAN_POINT('Ctrl Pts',(-2.,30.925445763518,-8.53646667415165));
#9135=CARTESIAN_POINT('Ctrl Pts',(0.,30.7893031358815,-8.74716359787474));
#9136=CARTESIAN_POINT('Ctrl Pts',(-2.,30.7893031358815,-8.74716359787474));
#9137=CARTESIAN_POINT('',(0.,31.0000000596046,-7.72933538173547));
#9138=CARTESIAN_POINT('Ctrl Pts',(0.,31.0000000596046,-7.72933538173547));
#9139=CARTESIAN_POINT('Ctrl Pts',(0.,31.0000000596046,-8.07293344196083));
#9140=CARTESIAN_POINT('Ctrl Pts',(0.,30.925445763518,-8.53646667415165));
#9141=CARTESIAN_POINT('Ctrl Pts',(0.,30.7893031358815,-8.74716359787474));
#9142=CARTESIAN_POINT('',(-2.,31.0000000596046,-7.72933538173547));
#9143=CARTESIAN_POINT('',(0.,31.0000000596046,-7.72933538173547));
#9144=CARTESIAN_POINT('Ctrl Pts',(-2.,31.0000000596046,-7.72933538173547));
#9145=CARTESIAN_POINT('Ctrl Pts',(-2.,31.0000000596046,-8.07293344196083));
#9146=CARTESIAN_POINT('Ctrl Pts',(-2.,30.925445763518,-8.53646667415165));
#9147=CARTESIAN_POINT('Ctrl Pts',(-2.,30.7893031358815,-8.74716359787474));
#9148=CARTESIAN_POINT('Origin',(0.,31.0000000596046,-6.6985412010594));
#9149=CARTESIAN_POINT('',(0.,31.0000000596046,-6.6985412010594));
#9150=CARTESIAN_POINT('',(0.,31.0000000596046,-3.3492706005297));
#9151=CARTESIAN_POINT('',(-2.,31.0000000596046,-6.6985412010594));
#9152=CARTESIAN_POINT('',(0.,31.0000000596046,-6.6985412010594));
#9153=CARTESIAN_POINT('',(-2.,31.0000000596046,-6.6985412010594));
#9154=CARTESIAN_POINT('Origin',(0.,27.,-6.6985412010594));
#9155=CARTESIAN_POINT('',(0.,27.,-6.6985412010594));
#9156=CARTESIAN_POINT('',(0.,13.5,-6.6985412010594));
#9157=CARTESIAN_POINT('',(-2.,27.,-6.6985412010594));
#9158=CARTESIAN_POINT('',(0.,27.,-6.6985412010594));
#9159=CARTESIAN_POINT('',(-2.,27.,-6.6985412010594));
#9160=CARTESIAN_POINT('Origin',(0.,27.,-7.23014574706844));
#9161=CARTESIAN_POINT('',(0.,27.,-7.23014574706844));
#9162=CARTESIAN_POINT('',(0.,27.,-3.61507287353422));
#9163=CARTESIAN_POINT('',(-2.,27.,-7.23014574706844));
#9164=CARTESIAN_POINT('',(0.,27.,-7.23014574706844));
#9165=CARTESIAN_POINT('',(-2.,27.,-7.23014574706844));
#9166=CARTESIAN_POINT('Origin',(0.,28.5915721468929,-7.23014574706844));
#9167=CARTESIAN_POINT('',(0.,28.5915721468929,-7.23014574706844));
#9168=CARTESIAN_POINT('',(0.,14.2957860734465,-7.23014574706844));
#9169=CARTESIAN_POINT('',(-2.,28.5915721468929,-7.23014574706844));
#9170=CARTESIAN_POINT('',(0.,28.5915721468929,-7.23014574706844));
#9171=CARTESIAN_POINT('',(-2.,28.5915721468929,-7.23014574706844));
#9172=CARTESIAN_POINT('Origin',(0.,28.5915721468929,-7.83954608029832));
#9173=CARTESIAN_POINT('',(0.,28.5915721468929,-7.83954608029832));
#9174=CARTESIAN_POINT('',(0.,28.5915721468929,-3.91977304014916));
#9175=CARTESIAN_POINT('',(-2.,28.5915721468929,-7.83954608029832));
#9176=CARTESIAN_POINT('',(0.,28.5915721468929,-7.83954608029832));
#9177=CARTESIAN_POINT('',(-2.,28.5915721468929,-7.83954608029832));
#9178=CARTESIAN_POINT('Origin',(0.,27.,-9.10372762263691));
#9179=CARTESIAN_POINT('',(0.,27.,-9.10372762263691));
#9180=CARTESIAN_POINT('',(0.,20.9392872525106,-13.9177357112741));
#9181=CARTESIAN_POINT('',(-2.,27.,-9.10372762263691));
#9182=CARTESIAN_POINT('',(0.,27.,-9.10372762263691));
#9183=CARTESIAN_POINT('',(-2.,27.,-9.10372762263691));
#9184=CARTESIAN_POINT('Origin',(0.,27.,-9.79416523422183));
#9185=CARTESIAN_POINT('',(0.,27.,-4.89708261711091));
#9186=CARTESIAN_POINT('',(-2.,27.,-9.79416523422183));
#9187=CARTESIAN_POINT('Origin',(-2.,28.6996345107612,-7.8957928421525));
#9188=CARTESIAN_POINT('Origin',(0.,43.4084278829094,-9.05672612013461));
#9189=CARTESIAN_POINT('',(0.,43.4084278829094,-9.05672612013461));
#9190=CARTESIAN_POINT('',(0.,43.,-9.05672612013461));
#9191=CARTESIAN_POINT('',(0.,21.7042139414547,-9.05672612013461));
#9192=CARTESIAN_POINT('',(-2.,43.4084278829094,-9.05672612013461));
#9193=CARTESIAN_POINT('',(0.,43.4084278829094,-9.05672612013461));
#9194=CARTESIAN_POINT('',(-2.,43.,-9.05672612013461));
#9195=CARTESIAN_POINT('',(-2.,43.4084278829094,-9.05672612013461));
#9196=CARTESIAN_POINT('',(0.,43.,-9.05672612013461));
#9197=CARTESIAN_POINT('Origin',(0.,43.4084278829094,-8.34683956174448));
#9198=CARTESIAN_POINT('',(0.,43.4084278829094,-8.34683956174448));
#9199=CARTESIAN_POINT('',(0.,43.4084278829094,-4.17341978087224));
#9200=CARTESIAN_POINT('',(-2.,43.4084278829094,-8.34683956174448));
#9201=CARTESIAN_POINT('',(0.,43.4084278829094,-8.34683956174448));
#9202=CARTESIAN_POINT('',(-2.,43.4084278829094,-8.34683956174448));
#9203=CARTESIAN_POINT('Origin',(0.,47.0129660241414,-8.34683956174448));
#9204=CARTESIAN_POINT('',(0.,47.0129660241414,-8.34683956174448));
#9205=CARTESIAN_POINT('',(0.,23.5064830120707,-8.34683956174448));
#9206=CARTESIAN_POINT('',(-2.,47.0129660241414,-8.34683956174448));
#9207=CARTESIAN_POINT('',(0.,47.0129660241414,-8.34683956174448));
#9208=CARTESIAN_POINT('',(-2.,47.0129660241414,-8.34683956174448));
#9209=CARTESIAN_POINT('Origin',(0.,47.0129660241414,-7.9319286965667));
#9210=CARTESIAN_POINT('',(0.,47.0129660241414,-7.9319286965667));
#9211=CARTESIAN_POINT('',(0.,47.0129660241414,-3.96596434828335));
#9212=CARTESIAN_POINT('',(-2.,47.0129660241414,-7.9319286965667));
#9213=CARTESIAN_POINT('',(0.,47.0129660241414,-7.9319286965667));
#9214=CARTESIAN_POINT('',(-2.,47.0129660241414,-7.9319286965667));
#9215=CARTESIAN_POINT('Ctrl Pts',(0.,46.4554295490588,-7.10534845734531));
#9216=CARTESIAN_POINT('Ctrl Pts',(-2.,46.4554295490588,-7.10534845734531));
#9217=CARTESIAN_POINT('Ctrl Pts',(0.,46.4554295490588,-7.5170178313889));
#9218=CARTESIAN_POINT('Ctrl Pts',(-2.,46.4554295490588,-7.5170178313889));
#9219=CARTESIAN_POINT('Ctrl Pts',(0.,46.6888169107213,-7.90599676749308));
#9220=CARTESIAN_POINT('Ctrl Pts',(-2.,46.6888169107213,-7.90599676749308));
#9221=CARTESIAN_POINT('Ctrl Pts',(0.,47.0129660241414,-7.9319286965667));
#9222=CARTESIAN_POINT('Ctrl Pts',(-2.,47.0129660241414,-7.9319286965667));
#9223=CARTESIAN_POINT('',(0.,46.4554295490588,-7.10534845734531));
#9224=CARTESIAN_POINT('Ctrl Pts',(0.,46.4554295490588,-7.10534845734531));
#9225=CARTESIAN_POINT('Ctrl Pts',(0.,46.4554295490588,-7.5170178313889));
#9226=CARTESIAN_POINT('Ctrl Pts',(0.,46.6888169107213,-7.90599676749308));
#9227=CARTESIAN_POINT('Ctrl Pts',(0.,47.0129660241414,-7.9319286965667));
#9228=CARTESIAN_POINT('',(-2.,46.4554295490588,-7.10534845734531));
#9229=CARTESIAN_POINT('',(0.,46.4554295490588,-7.10534845734531));
#9230=CARTESIAN_POINT('Ctrl Pts',(-2.,46.4554295490588,-7.10534845734531));
#9231=CARTESIAN_POINT('Ctrl Pts',(-2.,46.4554295490588,-7.5170178313889));
#9232=CARTESIAN_POINT('Ctrl Pts',(-2.,46.6888169107213,-7.90599676749308));
#9233=CARTESIAN_POINT('Ctrl Pts',(-2.,47.0129660241414,-7.9319286965667));
#9234=CARTESIAN_POINT('Origin',(0.,46.089141050894,-7.10534845734531));
#9235=CARTESIAN_POINT('',(0.,46.089141050894,-7.10534845734531));
#9236=CARTESIAN_POINT('',(0.,23.044570525447,-7.10534845734531));
#9237=CARTESIAN_POINT('',(-2.,46.089141050894,-7.10534845734531));
#9238=CARTESIAN_POINT('',(0.,46.089141050894,-7.10534845734531));
#9239=CARTESIAN_POINT('',(-2.,46.089141050894,-7.10534845734531));
#9240=CARTESIAN_POINT('Origin',(0.,46.089141050894,-7.83144247140645));
#9241=CARTESIAN_POINT('',(0.,46.089141050894,-7.83144247140645));
#9242=CARTESIAN_POINT('',(0.,46.089141050894,-3.91572123570322));
#9243=CARTESIAN_POINT('',(-2.,46.089141050894,-7.83144247140645));
#9244=CARTESIAN_POINT('',(0.,46.089141050894,-7.83144247140645));
#9245=CARTESIAN_POINT('',(-2.,46.089141050894,-7.83144247140645));
#9246=CARTESIAN_POINT('Origin',(0.,43.4084278829094,-7.83144247140645));
#9247=CARTESIAN_POINT('',(0.,43.4084278829094,-7.83144247140645));
#9248=CARTESIAN_POINT('',(0.,21.7042139414547,-7.83144247140645));
#9249=CARTESIAN_POINT('',(-2.,43.4084278829094,-7.83144247140645));
#9250=CARTESIAN_POINT('',(0.,43.4084278829094,-7.83144247140645));
#9251=CARTESIAN_POINT('',(-2.,43.4084278829094,-7.83144247140645));
#9252=CARTESIAN_POINT('Origin',(0.,43.4084278829094,-7.10534845734531));
#9253=CARTESIAN_POINT('',(0.,43.4084278829094,-7.10534845734531));
#9254=CARTESIAN_POINT('',(0.,43.4084278829094,-3.55267422867266));
#9255=CARTESIAN_POINT('',(-2.,43.4084278829094,-7.10534845734531));
#9256=CARTESIAN_POINT('',(0.,43.4084278829094,-7.10534845734531));
#9257=CARTESIAN_POINT('',(-2.,43.4084278829094,-7.10534845734531));
#9258=CARTESIAN_POINT('Origin',(0.,43.,-7.10534845734531));
#9259=CARTESIAN_POINT('',(0.,43.,-7.10534845734531));
#9260=CARTESIAN_POINT('',(0.,21.5,-7.10534845734531));
#9261=CARTESIAN_POINT('',(-2.,43.,-7.10534845734531));
#9262=CARTESIAN_POINT('',(0.,43.,-7.10534845734531));
#9263=CARTESIAN_POINT('',(-2.,43.,-7.10534845734531));
#9264=CARTESIAN_POINT('Origin',(0.,43.,-9.05672612013461));
#9265=CARTESIAN_POINT('',(0.,43.,-4.52836306006731));
#9266=CARTESIAN_POINT('',(-2.,43.,-9.05672612013461));
#9267=CARTESIAN_POINT('Origin',(-2.,44.681049918645,-8.01164692047294));
#9268=CARTESIAN_POINT('Ctrl Pts',(0.,46.4975689338034,-19.8565640351471));
#9269=CARTESIAN_POINT('Ctrl Pts',(-2.,46.4975689338034,-19.8565640351471));
#9270=CARTESIAN_POINT('Ctrl Pts',(0.,46.5656402476216,-19.7560778099868));
#9271=CARTESIAN_POINT('Ctrl Pts',(-2.,46.5656402476216,-19.7560778099868));
#9272=CARTESIAN_POINT('Ctrl Pts',(0.,46.6207455969031,-19.5097244837875));
#9273=CARTESIAN_POINT('Ctrl Pts',(-2.,46.6207455969031,-19.5097244837875));
#9274=CARTESIAN_POINT('Ctrl Pts',(0.,46.6207455969031,-19.3703403650169));
#9275=CARTESIAN_POINT('Ctrl Pts',(-2.,46.6207455969031,-19.3703403650169));
#9276=CARTESIAN_POINT('',(0.,46.4975689338034,-19.8565640351471));
#9277=CARTESIAN_POINT('',(0.,46.6207455969031,-19.3703403650169));
#9278=CARTESIAN_POINT('Ctrl Pts',(0.,46.4975689338034,-19.8565640351471));
#9279=CARTESIAN_POINT('Ctrl Pts',(0.,46.5656402476216,-19.7560778099868));
#9280=CARTESIAN_POINT('Ctrl Pts',(0.,46.6207455969031,-19.5097244837875));
#9281=CARTESIAN_POINT('Ctrl Pts',(0.,46.6207455969031,-19.3703403650169));
#9282=CARTESIAN_POINT('',(-2.,46.4975689338034,-19.8565640351471));
#9283=CARTESIAN_POINT('',(0.,46.4975689338034,-19.8565640351471));
#9284=CARTESIAN_POINT('',(-2.,46.6207455969031,-19.3703403650169));
#9285=CARTESIAN_POINT('Ctrl Pts',(-2.,46.4975689338034,-19.8565640351471));
#9286=CARTESIAN_POINT('Ctrl Pts',(-2.,46.5656402476216,-19.7560778099868));
#9287=CARTESIAN_POINT('Ctrl Pts',(-2.,46.6207455969031,-19.5097244837875));
#9288=CARTESIAN_POINT('Ctrl Pts',(-2.,46.6207455969031,-19.3703403650169));
#9289=CARTESIAN_POINT('',(0.,46.6207455969031,-19.3703403650169));
#9290=CARTESIAN_POINT('Ctrl Pts',(0.,46.0632091218204,-20.0672609588702));
#9291=CARTESIAN_POINT('Ctrl Pts',(-2.,46.0632091218204,-20.0672609588702));
#9292=CARTESIAN_POINT('Ctrl Pts',(0.,46.2155592051279,-20.0672609588702));
#9293=CARTESIAN_POINT('Ctrl Pts',(-2.,46.2155592051279,-20.0672609588702));
#9294=CARTESIAN_POINT('Ctrl Pts',(0.,46.4327391111194,-19.9505672780389));
#9295=CARTESIAN_POINT('Ctrl Pts',(-2.,46.4327391111194,-19.9505672780389));
#9296=CARTESIAN_POINT('Ctrl Pts',(0.,46.4975689338034,-19.8565640351471));
#9297=CARTESIAN_POINT('Ctrl Pts',(-2.,46.4975689338034,-19.8565640351471));
#9298=CARTESIAN_POINT('',(0.,46.0632091218204,-20.0672609588702));
#9299=CARTESIAN_POINT('Ctrl Pts',(0.,46.0632091218204,-20.0672609588702));
#9300=CARTESIAN_POINT('Ctrl Pts',(0.,46.2155592051279,-20.0672609588702));
#9301=CARTESIAN_POINT('Ctrl Pts',(0.,46.4327391111194,-19.9505672780389));
#9302=CARTESIAN_POINT('Ctrl Pts',(0.,46.4975689338034,-19.8565640351471));
#9303=CARTESIAN_POINT('',(-2.,46.0632091218204,-20.0672609588702));
#9304=CARTESIAN_POINT('',(0.,46.0632091218204,-20.0672609588702));
#9305=CARTESIAN_POINT('Ctrl Pts',(-2.,46.0632091218204,-20.0672609588702));
#9306=CARTESIAN_POINT('Ctrl Pts',(-2.,46.2155592051279,-20.0672609588702));
#9307=CARTESIAN_POINT('Ctrl Pts',(-2.,46.4327391111194,-19.9505672780389));
#9308=CARTESIAN_POINT('Ctrl Pts',(-2.,46.4975689338034,-19.8565640351471));
#9309=CARTESIAN_POINT('Ctrl Pts',(0.,45.3922204570407,-19.2536466841856));
#9310=CARTESIAN_POINT('Ctrl Pts',(-2.,45.3922204570407,-19.2536466841856));
#9311=CARTESIAN_POINT('Ctrl Pts',(0.,45.3922204570407,-19.613452200082));
#9312=CARTESIAN_POINT('Ctrl Pts',(-2.,45.3922204570407,-19.613452200082));
#9313=CARTESIAN_POINT('Ctrl Pts',(0.,45.735818517266,-20.0672609588702));
#9314=CARTESIAN_POINT('Ctrl Pts',(-2.,45.735818517266,-20.0672609588702));
#9315=CARTESIAN_POINT('Ctrl Pts',(0.,46.0632091218204,-20.0672609588702));
#9316=CARTESIAN_POINT('Ctrl Pts',(-2.,46.0632091218204,-20.0672609588702));
#9317=CARTESIAN_POINT('',(0.,45.3922204570407,-19.2536466841856));
#9318=CARTESIAN_POINT('Ctrl Pts',(0.,45.3922204570407,-19.2536466841856));
#9319=CARTESIAN_POINT('Ctrl Pts',(0.,45.3922204570407,-19.613452200082));
#9320=CARTESIAN_POINT('Ctrl Pts',(0.,45.735818517266,-20.0672609588702));
#9321=CARTESIAN_POINT('Ctrl Pts',(0.,46.0632091218204,-20.0672609588702));
#9322=CARTESIAN_POINT('',(-2.,45.3922204570407,-19.2536466841856));
#9323=CARTESIAN_POINT('',(0.,45.3922204570407,-19.2536466841856));
#9324=CARTESIAN_POINT('Ctrl Pts',(-2.,45.3922204570407,-19.2536466841856));
#9325=CARTESIAN_POINT('Ctrl Pts',(-2.,45.3922204570407,-19.613452200082));
#9326=CARTESIAN_POINT('Ctrl Pts',(-2.,45.735818517266,-20.0672609588702));
#9327=CARTESIAN_POINT('Ctrl Pts',(-2.,46.0632091218204,-20.0672609588702));
#9328=CARTESIAN_POINT('Origin',(0.,45.3922204570407,-19.0753646718045));
#9329=CARTESIAN_POINT('',(0.,45.3922204570407,-19.0753646718045));
#9330=CARTESIAN_POINT('',(0.,45.3922204570407,-9.53768233590227));
#9331=CARTESIAN_POINT('',(-2.,45.3922204570407,-19.0753646718045));
#9332=CARTESIAN_POINT('',(0.,45.3922204570407,-19.0753646718045));
#9333=CARTESIAN_POINT('',(-2.,45.3922204570407,-19.0753646718045));
#9334=CARTESIAN_POINT('Origin',(0.,44.9481361716551,-19.0753646718045));
#9335=CARTESIAN_POINT('',(0.,44.9481361716551,-19.0753646718045));
#9336=CARTESIAN_POINT('',(0.,22.4740680858275,-19.0753646718045));
#9337=CARTESIAN_POINT('',(-2.,44.9481361716551,-19.0753646718045));
#9338=CARTESIAN_POINT('',(0.,44.9481361716551,-19.0753646718045));
#9339=CARTESIAN_POINT('',(-2.,44.9481361716551,-19.0753646718045));
#9340=CARTESIAN_POINT('Origin',(0.,44.9481361716551,-19.3022690511986));
#9341=CARTESIAN_POINT('',(0.,44.9481361716551,-19.3022690511986));
#9342=CARTESIAN_POINT('',(0.,44.9481361716551,-9.65113452559932));
#9343=CARTESIAN_POINT('',(-2.,44.9481361716551,-19.3022690511986));
#9344=CARTESIAN_POINT('',(0.,44.9481361716551,-19.3022690511986));
#9345=CARTESIAN_POINT('',(-2.,44.9481361716551,-19.3022690511986));
#9346=CARTESIAN_POINT('Ctrl Pts',(0.,44.8055105617502,-19.9051864021601));
#9347=CARTESIAN_POINT('Ctrl Pts',(-2.,44.8055105617502,-19.9051864021601));
#9348=CARTESIAN_POINT('Ctrl Pts',(0.,44.8865478401053,-19.7917342124631));
#9349=CARTESIAN_POINT('Ctrl Pts',(-2.,44.8865478401053,-19.7917342124631));
#9350=CARTESIAN_POINT('Ctrl Pts',(0.,44.9481361716551,-19.4837925547139));
#9351=CARTESIAN_POINT('Ctrl Pts',(-2.,44.9481361716551,-19.4837925547139));
#9352=CARTESIAN_POINT('Ctrl Pts',(0.,44.9481361716551,-19.3022690511986));
#9353=CARTESIAN_POINT('Ctrl Pts',(-2.,44.9481361716551,-19.3022690511986));
#9354=CARTESIAN_POINT('',(0.,44.8055105617502,-19.9051864021601));
#9355=CARTESIAN_POINT('Ctrl Pts',(0.,44.8055105617502,-19.9051864021601));
#9356=CARTESIAN_POINT('Ctrl Pts',(0.,44.8865478401053,-19.7917342124631));
#9357=CARTESIAN_POINT('Ctrl Pts',(0.,44.9481361716551,-19.4837925547139));
#9358=CARTESIAN_POINT('Ctrl Pts',(0.,44.9481361716551,-19.3022690511986));
#9359=CARTESIAN_POINT('',(-2.,44.8055105617502,-19.9051864021601));
#9360=CARTESIAN_POINT('',(0.,44.8055105617502,-19.9051864021601));
#9361=CARTESIAN_POINT('Ctrl Pts',(-2.,44.8055105617502,-19.9051864021601));
#9362=CARTESIAN_POINT('Ctrl Pts',(-2.,44.8865478401053,-19.7917342124631));
#9363=CARTESIAN_POINT('Ctrl Pts',(-2.,44.9481361716551,-19.4837925547139));
#9364=CARTESIAN_POINT('Ctrl Pts',(-2.,44.9481361716551,-19.3022690511986));
#9365=CARTESIAN_POINT('Ctrl Pts',(0.,44.2252836487282,-20.145056746091));
#9366=CARTESIAN_POINT('Ctrl Pts',(-2.,44.2252836487282,-20.145056746091));
#9367=CARTESIAN_POINT('Ctrl Pts',(0.,44.4424635547197,-20.145056746091));
#9368=CARTESIAN_POINT('Ctrl Pts',(-2.,44.4424635547197,-20.145056746091));
#9369=CARTESIAN_POINT('Ctrl Pts',(0.,44.7244732833952,-20.0186385918572));
#9370=CARTESIAN_POINT('Ctrl Pts',(-2.,44.7244732833952,-20.0186385918572));
#9371=CARTESIAN_POINT('Ctrl Pts',(0.,44.8055105617502,-19.9051864021601));
#9372=CARTESIAN_POINT('Ctrl Pts',(-2.,44.8055105617502,-19.9051864021601));
#9373=CARTESIAN_POINT('',(0.,44.2252836487282,-20.145056746091));
#9374=CARTESIAN_POINT('Ctrl Pts',(0.,44.2252836487282,-20.145056746091));
#9375=CARTESIAN_POINT('Ctrl Pts',(0.,44.4424635547197,-20.145056746091));
#9376=CARTESIAN_POINT('Ctrl Pts',(0.,44.7244732833952,-20.0186385918572));
#9377=CARTESIAN_POINT('Ctrl Pts',(0.,44.8055105617502,-19.9051864021601));
#9378=CARTESIAN_POINT('',(-2.,44.2252836487282,-20.145056746091));
#9379=CARTESIAN_POINT('',(0.,44.2252836487282,-20.145056746091));
#9380=CARTESIAN_POINT('Ctrl Pts',(-2.,44.2252836487282,-20.145056746091));
#9381=CARTESIAN_POINT('Ctrl Pts',(-2.,44.4424635547197,-20.145056746091));
#9382=CARTESIAN_POINT('Ctrl Pts',(-2.,44.7244732833952,-20.0186385918572));
#9383=CARTESIAN_POINT('Ctrl Pts',(-2.,44.8055105617502,-19.9051864021601));
#9384=CARTESIAN_POINT('Ctrl Pts',(0.,43.6029173509615,-19.9246353489653));
#9385=CARTESIAN_POINT('Ctrl Pts',(-2.,43.6029173509615,-19.9246353489653));
#9386=CARTESIAN_POINT('Ctrl Pts',(0.,43.7228525229269,-20.031604556394));
#9387=CARTESIAN_POINT('Ctrl Pts',(-2.,43.7228525229269,-20.031604556394));
#9388=CARTESIAN_POINT('Ctrl Pts',(0.,44.0081037427367,-20.145056746091));
#9389=CARTESIAN_POINT('Ctrl Pts',(-2.,44.0081037427367,-20.145056746091));
#9390=CARTESIAN_POINT('Ctrl Pts',(0.,44.2252836487282,-20.145056746091));
#9391=CARTESIAN_POINT('Ctrl Pts',(-2.,44.2252836487282,-20.145056746091));
#9392=CARTESIAN_POINT('',(0.,43.6029173509615,-19.9246353489653));
#9393=CARTESIAN_POINT('Ctrl Pts',(0.,43.6029173509615,-19.9246353489653));
#9394=CARTESIAN_POINT('Ctrl Pts',(0.,43.7228525229269,-20.031604556394));
#9395=CARTESIAN_POINT('Ctrl Pts',(0.,44.0081037427367,-20.145056746091));
#9396=CARTESIAN_POINT('Ctrl Pts',(0.,44.2252836487282,-20.145056746091));
#9397=CARTESIAN_POINT('',(-2.,43.6029173509615,-19.9246353489653));
#9398=CARTESIAN_POINT('',(0.,43.6029173509615,-19.9246353489653));
#9399=CARTESIAN_POINT('Ctrl Pts',(-2.,43.6029173509615,-19.9246353489653));
#9400=CARTESIAN_POINT('Ctrl Pts',(-2.,43.7228525229269,-20.031604556394));
#9401=CARTESIAN_POINT('Ctrl Pts',(-2.,44.0081037427367,-20.145056746091));
#9402=CARTESIAN_POINT('Ctrl Pts',(-2.,44.2252836487282,-20.145056746091));
#9403=CARTESIAN_POINT('Ctrl Pts',(0.,43.3792544627016,-19.3184765068696));
#9404=CARTESIAN_POINT('Ctrl Pts',(-2.,43.3792544627016,-19.3184765068696));
#9405=CARTESIAN_POINT('Ctrl Pts',(0.,43.3792544627016,-19.4837925547139));
#9406=CARTESIAN_POINT('Ctrl Pts',(-2.,43.3792544627016,-19.4837925547139));
#9407=CARTESIAN_POINT('Ctrl Pts',(0.,43.482982178996,-19.8144246504025));
#9408=CARTESIAN_POINT('Ctrl Pts',(-2.,43.482982178996,-19.8144246504025));
#9409=CARTESIAN_POINT('Ctrl Pts',(0.,43.6029173509615,-19.9246353489653));
#9410=CARTESIAN_POINT('Ctrl Pts',(-2.,43.6029173509615,-19.9246353489653));
#9411=CARTESIAN_POINT('',(0.,43.3792544627016,-19.3184765068696));
#9412=CARTESIAN_POINT('Ctrl Pts',(0.,43.3792544627016,-19.3184765068696));
#9413=CARTESIAN_POINT('Ctrl Pts',(0.,43.3792544627016,-19.4837925547139));
#9414=CARTESIAN_POINT('Ctrl Pts',(0.,43.482982178996,-19.8144246504025));
#9415=CARTESIAN_POINT('Ctrl Pts',(0.,43.6029173509615,-19.9246353489653));
#9416=CARTESIAN_POINT('',(-2.,43.3792544627016,-19.3184765068696));
#9417=CARTESIAN_POINT('',(0.,43.3792544627016,-19.3184765068696));
#9418=CARTESIAN_POINT('Ctrl Pts',(-2.,43.3792544627016,-19.3184765068696));
#9419=CARTESIAN_POINT('Ctrl Pts',(-2.,43.3792544627016,-19.4837925547139));
#9420=CARTESIAN_POINT('Ctrl Pts',(-2.,43.482982178996,-19.8144246504025));
#9421=CARTESIAN_POINT('Ctrl Pts',(-2.,43.6029173509615,-19.9246353489653));
#9422=CARTESIAN_POINT('Ctrl Pts',(0.,43.7293355051953,-18.2974067995962));
#9423=CARTESIAN_POINT('Ctrl Pts',(-2.,43.7293355051953,-18.2974067995962));
#9424=CARTESIAN_POINT('Ctrl Pts',(0.,43.6061588420957,-18.4659643385747));
#9425=CARTESIAN_POINT('Ctrl Pts',(-2.,43.6061588420957,-18.4659643385747));
#9426=CARTESIAN_POINT('Ctrl Pts',(0.,43.3792544627016,-19.0364667781941));
#9427=CARTESIAN_POINT('Ctrl Pts',(-2.,43.3792544627016,-19.0364667781941));
#9428=CARTESIAN_POINT('Ctrl Pts',(0.,43.3792544627016,-19.3184765068696));
#9429=CARTESIAN_POINT('Ctrl Pts',(-2.,43.3792544627016,-19.3184765068696));
#9430=CARTESIAN_POINT('',(0.,43.7293355051953,-18.2974067995962));
#9431=CARTESIAN_POINT('Ctrl Pts',(0.,43.7293355051953,-18.2974067995962));
#9432=CARTESIAN_POINT('Ctrl Pts',(0.,43.6061588420957,-18.4659643385747));
#9433=CARTESIAN_POINT('Ctrl Pts',(0.,43.3792544627016,-19.0364667781941));
#9434=CARTESIAN_POINT('Ctrl Pts',(0.,43.3792544627016,-19.3184765068696));
#9435=CARTESIAN_POINT('',(-2.,43.7293355051953,-18.2974067995962));
#9436=CARTESIAN_POINT('',(0.,43.7293355051953,-18.2974067995962));
#9437=CARTESIAN_POINT('Ctrl Pts',(-2.,43.7293355051953,-18.2974067995962));
#9438=CARTESIAN_POINT('Ctrl Pts',(-2.,43.6061588420957,-18.4659643385747));
#9439=CARTESIAN_POINT('Ctrl Pts',(-2.,43.3792544627016,-19.0364667781941));
#9440=CARTESIAN_POINT('Ctrl Pts',(-2.,43.3792544627016,-19.3184765068696));
#9441=CARTESIAN_POINT('Origin',(0.,43.7293355051953,-18.2585089059858));
#9442=CARTESIAN_POINT('',(0.,43.7293355051953,-18.2585089059858));
#9443=CARTESIAN_POINT('',(0.,43.7293355051953,-9.12925445299288));
#9444=CARTESIAN_POINT('',(-2.,43.7293355051953,-18.2585089059858));
#9445=CARTESIAN_POINT('',(0.,43.7293355051953,-18.2585089059858));
#9446=CARTESIAN_POINT('',(-2.,43.7293355051953,-18.2585089059858));
#9447=CARTESIAN_POINT('Origin',(0.,43.1620745567101,-18.2585089059858));
#9448=CARTESIAN_POINT('',(0.,43.1620745567101,-18.2585089059858));
#9449=CARTESIAN_POINT('',(0.,21.581037278355,-18.2585089059858));
#9450=CARTESIAN_POINT('',(-2.,43.1620745567101,-18.2585089059858));
#9451=CARTESIAN_POINT('',(0.,43.1620745567101,-18.2585089059858));
#9452=CARTESIAN_POINT('',(-2.,43.1620745567101,-18.2585089059858));
#9453=CARTESIAN_POINT('Ctrl Pts',(0.,42.9157212305107,-19.3508914182117));
#9454=CARTESIAN_POINT('Ctrl Pts',(-2.,42.9157212305107,-19.3508914182117));
#9455=CARTESIAN_POINT('Ctrl Pts',(0.,42.9157212305107,-19.0494327427309));
#9456=CARTESIAN_POINT('Ctrl Pts',(-2.,42.9157212305107,-19.0494327427309));
#9457=CARTESIAN_POINT('Ctrl Pts',(0.,43.0615883315498,-18.4594813563062));
#9458=CARTESIAN_POINT('Ctrl Pts',(-2.,43.0615883315498,-18.4594813563062));
#9459=CARTESIAN_POINT('Ctrl Pts',(0.,43.1620745567101,-18.2585089059858));
#9460=CARTESIAN_POINT('Ctrl Pts',(-2.,43.1620745567101,-18.2585089059858));
#9461=CARTESIAN_POINT('',(0.,42.9157212305107,-19.3508914182117));
#9462=CARTESIAN_POINT('Ctrl Pts',(0.,42.9157212305107,-19.3508914182117));
#9463=CARTESIAN_POINT('Ctrl Pts',(0.,42.9157212305107,-19.0494327427309));
#9464=CARTESIAN_POINT('Ctrl Pts',(0.,43.0615883315498,-18.4594813563062));
#9465=CARTESIAN_POINT('Ctrl Pts',(0.,43.1620745567101,-18.2585089059858));
#9466=CARTESIAN_POINT('',(-2.,42.9157212305107,-19.3508914182117));
#9467=CARTESIAN_POINT('',(0.,42.9157212305107,-19.3508914182117));
#9468=CARTESIAN_POINT('Ctrl Pts',(-2.,42.9157212305107,-19.3508914182117));
#9469=CARTESIAN_POINT('Ctrl Pts',(-2.,42.9157212305107,-19.0494327427309));
#9470=CARTESIAN_POINT('Ctrl Pts',(-2.,43.0615883315498,-18.4594813563062));
#9471=CARTESIAN_POINT('Ctrl Pts',(-2.,43.1620745567101,-18.2585089059858));
#9472=CARTESIAN_POINT('Ctrl Pts',(0.,43.2852512198097,-20.3363047230089));
#9473=CARTESIAN_POINT('Ctrl Pts',(-2.,43.2852512198097,-20.3363047230089));
#9474=CARTESIAN_POINT('Ctrl Pts',(0.,43.1037277162944,-20.161264201762));
#9475=CARTESIAN_POINT('Ctrl Pts',(-2.,43.1037277162944,-20.161264201762));
#9476=CARTESIAN_POINT('Ctrl Pts',(0.,42.9157212305107,-19.6653160582292));
#9477=CARTESIAN_POINT('Ctrl Pts',(-2.,42.9157212305107,-19.6653160582292));
#9478=CARTESIAN_POINT('Ctrl Pts',(0.,42.9157212305107,-19.3508914182117));
#9479=CARTESIAN_POINT('Ctrl Pts',(-2.,42.9157212305107,-19.3508914182117));
#9480=CARTESIAN_POINT('',(0.,43.2852512198097,-20.3363047230089));
#9481=CARTESIAN_POINT('Ctrl Pts',(0.,43.2852512198097,-20.3363047230089));
#9482=CARTESIAN_POINT('Ctrl Pts',(0.,43.1037277162944,-20.161264201762));
#9483=CARTESIAN_POINT('Ctrl Pts',(0.,42.9157212305107,-19.6653160582292));
#9484=CARTESIAN_POINT('Ctrl Pts',(0.,42.9157212305107,-19.3508914182117));
#9485=CARTESIAN_POINT('',(-2.,43.2852512198097,-20.3363047230089));
#9486=CARTESIAN_POINT('',(0.,43.2852512198097,-20.3363047230089));
#9487=CARTESIAN_POINT('Ctrl Pts',(-2.,43.2852512198097,-20.3363047230089));
#9488=CARTESIAN_POINT('Ctrl Pts',(-2.,43.1037277162944,-20.161264201762));
#9489=CARTESIAN_POINT('Ctrl Pts',(-2.,42.9157212305107,-19.6653160582292));
#9490=CARTESIAN_POINT('Ctrl Pts',(-2.,42.9157212305107,-19.3508914182117));
#9491=CARTESIAN_POINT('Ctrl Pts',(0.,44.1863857551177,-20.6896272566369));
#9492=CARTESIAN_POINT('Ctrl Pts',(-2.,44.1863857551177,-20.6896272566369));
#9493=CARTESIAN_POINT('Ctrl Pts',(0.,43.917341990979,-20.6896272566369));
#9494=CARTESIAN_POINT('Ctrl Pts',(-2.,43.917341990979,-20.6896272566369));
#9495=CARTESIAN_POINT('Ctrl Pts',(0.,43.4602917410566,-20.5048622619874));
#9496=CARTESIAN_POINT('Ctrl Pts',(-2.,43.4602917410566,-20.5048622619874));
#9497=CARTESIAN_POINT('Ctrl Pts',(0.,43.2852512198097,-20.3363047230089));
#9498=CARTESIAN_POINT('Ctrl Pts',(-2.,43.2852512198097,-20.3363047230089));
#9499=CARTESIAN_POINT('',(0.,44.1863857551177,-20.6896272566369));
#9500=CARTESIAN_POINT('Ctrl Pts',(0.,44.1863857551177,-20.6896272566369));
#9501=CARTESIAN_POINT('Ctrl Pts',(0.,43.917341990979,-20.6896272566369));
#9502=CARTESIAN_POINT('Ctrl Pts',(0.,43.4602917410566,-20.5048622619874));
#9503=CARTESIAN_POINT('Ctrl Pts',(0.,43.2852512198097,-20.3363047230089));
#9504=CARTESIAN_POINT('',(-2.,44.1863857551177,-20.6896272566369));
#9505=CARTESIAN_POINT('',(0.,44.1863857551177,-20.6896272566369));
#9506=CARTESIAN_POINT('Ctrl Pts',(-2.,44.1863857551177,-20.6896272566369));
#9507=CARTESIAN_POINT('Ctrl Pts',(-2.,43.917341990979,-20.6896272566369));
#9508=CARTESIAN_POINT('Ctrl Pts',(-2.,43.4602917410566,-20.5048622619874));
#9509=CARTESIAN_POINT('Ctrl Pts',(-2.,43.2852512198097,-20.3363047230089));
#9510=CARTESIAN_POINT('Ctrl Pts',(0.,44.9254457337157,-20.4108590190955));
#9511=CARTESIAN_POINT('Ctrl Pts',(-2.,44.9254457337157,-20.4108590190955));
#9512=CARTESIAN_POINT('Ctrl Pts',(0.,44.8119935440186,-20.5340356821952));
#9513=CARTESIAN_POINT('Ctrl Pts',(-2.,44.8119935440186,-20.5340356821952));
#9514=CARTESIAN_POINT('Ctrl Pts',(0.,44.4489465369881,-20.6896272566369));
#9515=CARTESIAN_POINT('Ctrl Pts',(-2.,44.4489465369881,-20.6896272566369));
#9516=CARTESIAN_POINT('Ctrl Pts',(0.,44.1863857551177,-20.6896272566369));
#9517=CARTESIAN_POINT('Ctrl Pts',(-2.,44.1863857551177,-20.6896272566369));
#9518=CARTESIAN_POINT('',(0.,44.9254457337157,-20.4108590190955));
#9519=CARTESIAN_POINT('Ctrl Pts',(0.,44.9254457337157,-20.4108590190955));
#9520=CARTESIAN_POINT('Ctrl Pts',(0.,44.8119935440186,-20.5340356821952));
#9521=CARTESIAN_POINT('Ctrl Pts',(0.,44.4489465369881,-20.6896272566369));
#9522=CARTESIAN_POINT('Ctrl Pts',(0.,44.1863857551177,-20.6896272566369));
#9523=CARTESIAN_POINT('',(-2.,44.9254457337157,-20.4108590190955));
#9524=CARTESIAN_POINT('',(0.,44.9254457337157,-20.4108590190955));
#9525=CARTESIAN_POINT('Ctrl Pts',(-2.,44.9254457337157,-20.4108590190955));
#9526=CARTESIAN_POINT('Ctrl Pts',(-2.,44.8119935440186,-20.5340356821952));
#9527=CARTESIAN_POINT('Ctrl Pts',(-2.,44.4489465369881,-20.6896272566369));
#9528=CARTESIAN_POINT('Ctrl Pts',(-2.,44.1863857551177,-20.6896272566369));
#9529=CARTESIAN_POINT('Ctrl Pts',(0.,45.1847650244518,-19.8727714908181));
#9530=CARTESIAN_POINT('Ctrl Pts',(-2.,45.1847650244518,-19.8727714908181));
#9531=CARTESIAN_POINT('Ctrl Pts',(0.,45.1588330953782,-19.999189645052));
#9532=CARTESIAN_POINT('Ctrl Pts',(-2.,45.1588330953782,-19.999189645052));
#9533=CARTESIAN_POINT('Ctrl Pts',(0.,45.0421394145469,-20.2876823559959));
#9534=CARTESIAN_POINT('Ctrl Pts',(-2.,45.0421394145469,-20.2876823559959));
#9535=CARTESIAN_POINT('Ctrl Pts',(0.,44.9254457337157,-20.4108590190955));
#9536=CARTESIAN_POINT('Ctrl Pts',(-2.,44.9254457337157,-20.4108590190955));
#9537=CARTESIAN_POINT('',(0.,45.1847650244518,-19.8727714908181));
#9538=CARTESIAN_POINT('Ctrl Pts',(0.,45.1847650244518,-19.8727714908181));
#9539=CARTESIAN_POINT('Ctrl Pts',(0.,45.1588330953782,-19.999189645052));
#9540=CARTESIAN_POINT('Ctrl Pts',(0.,45.0421394145469,-20.2876823559959));
#9541=CARTESIAN_POINT('Ctrl Pts',(0.,44.9254457337157,-20.4108590190955));
#9542=CARTESIAN_POINT('',(-2.,45.1847650244518,-19.8727714908181));
#9543=CARTESIAN_POINT('',(0.,45.1847650244518,-19.8727714908181));
#9544=CARTESIAN_POINT('Ctrl Pts',(-2.,45.1847650244518,-19.8727714908181));
#9545=CARTESIAN_POINT('Ctrl Pts',(-2.,45.1588330953782,-19.999189645052));
#9546=CARTESIAN_POINT('Ctrl Pts',(-2.,45.0421394145469,-20.2876823559959));
#9547=CARTESIAN_POINT('Ctrl Pts',(-2.,44.9254457337157,-20.4108590190955));
#9548=CARTESIAN_POINT('Origin',(0.,45.2236629180622,-19.8727714908181));
#9549=CARTESIAN_POINT('',(0.,45.2236629180622,-19.8727714908181));
#9550=CARTESIAN_POINT('',(0.,22.6118314590311,-19.8727714908181));
#9551=CARTESIAN_POINT('',(-2.,45.2236629180622,-19.8727714908181));
#9552=CARTESIAN_POINT('',(0.,45.2236629180622,-19.8727714908181));
#9553=CARTESIAN_POINT('',(-2.,45.2236629180622,-19.8727714908181));
#9554=CARTESIAN_POINT('Ctrl Pts',(0.,46.1183144711018,-20.611831469416));
#9555=CARTESIAN_POINT('Ctrl Pts',(-2.,46.1183144711018,-20.611831469416));
#9556=CARTESIAN_POINT('Ctrl Pts',(0.,45.7876823754133,-20.611831469416));
#9557=CARTESIAN_POINT('Ctrl Pts',(-2.,45.7876823754133,-20.611831469416));
#9558=CARTESIAN_POINT('Ctrl Pts',(0.,45.2884927407462,-20.177471657433));
#9559=CARTESIAN_POINT('Ctrl Pts',(-2.,45.2884927407462,-20.177471657433));
#9560=CARTESIAN_POINT('Ctrl Pts',(0.,45.2236629180622,-19.8727714908181));
#9561=CARTESIAN_POINT('Ctrl Pts',(-2.,45.2236629180622,-19.8727714908181));
#9562=CARTESIAN_POINT('',(0.,46.1183144711018,-20.611831469416));
#9563=CARTESIAN_POINT('Ctrl Pts',(0.,46.1183144711018,-20.611831469416));
#9564=CARTESIAN_POINT('Ctrl Pts',(0.,45.7876823754133,-20.611831469416));
#9565=CARTESIAN_POINT('Ctrl Pts',(0.,45.2884927407462,-20.177471657433));
#9566=CARTESIAN_POINT('Ctrl Pts',(0.,45.2236629180622,-19.8727714908181));
#9567=CARTESIAN_POINT('',(-2.,46.1183144711018,-20.611831469416));
#9568=CARTESIAN_POINT('',(0.,46.1183144711018,-20.611831469416));
#9569=CARTESIAN_POINT('Ctrl Pts',(-2.,46.1183144711018,-20.611831469416));
#9570=CARTESIAN_POINT('Ctrl Pts',(-2.,45.7876823754133,-20.611831469416));
#9571=CARTESIAN_POINT('Ctrl Pts',(-2.,45.2884927407462,-20.177471657433));
#9572=CARTESIAN_POINT('Ctrl Pts',(-2.,45.2236629180622,-19.8727714908181));
#9573=CARTESIAN_POINT('Ctrl Pts',(0.,46.8573744496998,-20.2552674446539));
#9574=CARTESIAN_POINT('Ctrl Pts',(-2.,46.8573744496998,-20.2552674446539));
#9575=CARTESIAN_POINT('Ctrl Pts',(0.,46.7309562954659,-20.4303079659008));
#9576=CARTESIAN_POINT('Ctrl Pts',(-2.,46.7309562954659,-20.4303079659008));
#9577=CARTESIAN_POINT('Ctrl Pts',(0.,46.3646677973011,-20.611831469416));
#9578=CARTESIAN_POINT('Ctrl Pts',(-2.,46.3646677973011,-20.611831469416));
#9579=CARTESIAN_POINT('Ctrl Pts',(0.,46.1183144711018,-20.611831469416));
#9580=CARTESIAN_POINT('Ctrl Pts',(-2.,46.1183144711018,-20.611831469416));
#9581=CARTESIAN_POINT('',(0.,46.8573744496998,-20.2552674446539));
#9582=CARTESIAN_POINT('Ctrl Pts',(0.,46.8573744496998,-20.2552674446539));
#9583=CARTESIAN_POINT('Ctrl Pts',(0.,46.7309562954659,-20.4303079659008));
#9584=CARTESIAN_POINT('Ctrl Pts',(0.,46.3646677973011,-20.611831469416));
#9585=CARTESIAN_POINT('Ctrl Pts',(0.,46.1183144711018,-20.611831469416));
#9586=CARTESIAN_POINT('',(-2.,46.8573744496998,-20.2552674446539));
#9587=CARTESIAN_POINT('',(0.,46.8573744496998,-20.2552674446539));
#9588=CARTESIAN_POINT('Ctrl Pts',(-2.,46.8573744496998,-20.2552674446539));
#9589=CARTESIAN_POINT('Ctrl Pts',(-2.,46.7309562954659,-20.4303079659008));
#9590=CARTESIAN_POINT('Ctrl Pts',(-2.,46.3646677973011,-20.611831469416));
#9591=CARTESIAN_POINT('Ctrl Pts',(-2.,46.1183144711018,-20.611831469416));
#9592=CARTESIAN_POINT('Ctrl Pts',(0.,47.0842788290939,-19.4124797497615));
#9593=CARTESIAN_POINT('Ctrl Pts',(-2.,47.0842788290939,-19.4124797497615));
#9594=CARTESIAN_POINT('Ctrl Pts',(0.,47.0842788290939,-19.6847650050344));
#9595=CARTESIAN_POINT('Ctrl Pts',(-2.,47.0842788290939,-19.6847650050344));
#9596=CARTESIAN_POINT('Ctrl Pts',(0.,46.974068130531,-20.0899513968096));
#9597=CARTESIAN_POINT('Ctrl Pts',(-2.,46.974068130531,-20.0899513968096));
#9598=CARTESIAN_POINT('Ctrl Pts',(0.,46.8573744496998,-20.2552674446539));
#9599=CARTESIAN_POINT('Ctrl Pts',(-2.,46.8573744496998,-20.2552674446539));
#9600=CARTESIAN_POINT('',(0.,47.0842788290939,-19.4124797497615));
#9601=CARTESIAN_POINT('Ctrl Pts',(0.,47.0842788290939,-19.4124797497615));
#9602=CARTESIAN_POINT('Ctrl Pts',(0.,47.0842788290939,-19.6847650050344));
#9603=CARTESIAN_POINT('Ctrl Pts',(0.,46.974068130531,-20.0899513968096));
#9604=CARTESIAN_POINT('Ctrl Pts',(0.,46.8573744496998,-20.2552674446539));
#9605=CARTESIAN_POINT('',(-2.,47.0842788290939,-19.4124797497615));
#9606=CARTESIAN_POINT('',(0.,47.0842788290939,-19.4124797497615));
#9607=CARTESIAN_POINT('Ctrl Pts',(-2.,47.0842788290939,-19.4124797497615));
#9608=CARTESIAN_POINT('Ctrl Pts',(-2.,47.0842788290939,-19.6847650050344));
#9609=CARTESIAN_POINT('Ctrl Pts',(-2.,46.974068130531,-20.0899513968096));
#9610=CARTESIAN_POINT('Ctrl Pts',(-2.,46.8573744496998,-20.2552674446539));
#9611=CARTESIAN_POINT('Ctrl Pts',(0.,46.8379255028946,-18.3687196045486));
#9612=CARTESIAN_POINT('Ctrl Pts',(-2.,46.8379255028946,-18.3687196045486));
#9613=CARTESIAN_POINT('Ctrl Pts',(0.,46.9319287457864,-18.5437601257955));
#9614=CARTESIAN_POINT('Ctrl Pts',(-2.,46.9319287457864,-18.5437601257955));
#9615=CARTESIAN_POINT('Ctrl Pts',(0.,47.0842788290939,-19.1434359856228));
#9616=CARTESIAN_POINT('Ctrl Pts',(-2.,47.0842788290939,-19.1434359856228));
#9617=CARTESIAN_POINT('Ctrl Pts',(0.,47.0842788290939,-19.4124797497615));
#9618=CARTESIAN_POINT('Ctrl Pts',(-2.,47.0842788290939,-19.4124797497615));
#9619=CARTESIAN_POINT('',(0.,46.8379255028946,-18.3687196045486));
#9620=CARTESIAN_POINT('Ctrl Pts',(0.,46.8379255028946,-18.3687196045486));
#9621=CARTESIAN_POINT('Ctrl Pts',(0.,46.9319287457864,-18.5437601257955));
#9622=CARTESIAN_POINT('Ctrl Pts',(0.,47.0842788290939,-19.1434359856228));
#9623=CARTESIAN_POINT('Ctrl Pts',(0.,47.0842788290939,-19.4124797497615));
#9624=CARTESIAN_POINT('',(-2.,46.8379255028946,-18.3687196045486));
#9625=CARTESIAN_POINT('',(0.,46.8379255028946,-18.3687196045486));
#9626=CARTESIAN_POINT('Ctrl Pts',(-2.,46.8379255028946,-18.3687196045486));
#9627=CARTESIAN_POINT('Ctrl Pts',(-2.,46.9319287457864,-18.5437601257955));
#9628=CARTESIAN_POINT('Ctrl Pts',(-2.,47.0842788290939,-19.1434359856228));
#9629=CARTESIAN_POINT('Ctrl Pts',(-2.,47.0842788290939,-19.4124797497615));
#9630=CARTESIAN_POINT('Origin',(0.,46.2706645544093,-18.3687196045486));
#9631=CARTESIAN_POINT('',(0.,46.2706645544093,-18.3687196045486));
#9632=CARTESIAN_POINT('',(0.,23.1353322772046,-18.3687196045486));
#9633=CARTESIAN_POINT('',(-2.,46.2706645544093,-18.3687196045486));
#9634=CARTESIAN_POINT('',(0.,46.2706645544093,-18.3687196045486));
#9635=CARTESIAN_POINT('',(-2.,46.2706645544093,-18.3687196045486));
#9636=CARTESIAN_POINT('Origin',(0.,46.2706645544093,-18.4011345158906));
#9637=CARTESIAN_POINT('',(0.,46.2706645544093,-18.4011345158906));
#9638=CARTESIAN_POINT('',(0.,46.2706645544093,-9.20056725794531));
#9639=CARTESIAN_POINT('',(-2.,46.2706645544093,-18.4011345158906));
#9640=CARTESIAN_POINT('',(0.,46.2706645544093,-18.4011345158906));
#9641=CARTESIAN_POINT('',(-2.,46.2706645544093,-18.4011345158906));
#9642=CARTESIAN_POINT('Ctrl Pts',(0.,46.4943274426692,-18.7965964342632));
#9643=CARTESIAN_POINT('Ctrl Pts',(-2.,46.4943274426692,-18.7965964342632));
#9644=CARTESIAN_POINT('Ctrl Pts',(0.,46.4392220933878,-18.6669367888951));
#9645=CARTESIAN_POINT('Ctrl Pts',(-2.,46.4392220933878,-18.6669367888951));
#9646=CARTESIAN_POINT('Ctrl Pts',(0.,46.3225284125565,-18.4756888119773));
#9647=CARTESIAN_POINT('Ctrl Pts',(-2.,46.3225284125565,-18.4756888119773));
#9648=CARTESIAN_POINT('Ctrl Pts',(0.,46.2706645544093,-18.4011345158906));
#9649=CARTESIAN_POINT('Ctrl Pts',(-2.,46.2706645544093,-18.4011345158906));
#9650=CARTESIAN_POINT('',(0.,46.4943274426692,-18.7965964342632));
#9651=CARTESIAN_POINT('Ctrl Pts',(0.,46.4943274426692,-18.7965964342632));
#9652=CARTESIAN_POINT('Ctrl Pts',(0.,46.4392220933878,-18.6669367888951));
#9653=CARTESIAN_POINT('Ctrl Pts',(0.,46.3225284125565,-18.4756888119773));
#9654=CARTESIAN_POINT('Ctrl Pts',(0.,46.2706645544093,-18.4011345158906));
#9655=CARTESIAN_POINT('',(-2.,46.4943274426692,-18.7965964342632));
#9656=CARTESIAN_POINT('',(0.,46.4943274426692,-18.7965964342632));
#9657=CARTESIAN_POINT('Ctrl Pts',(-2.,46.4943274426692,-18.7965964342632));
#9658=CARTESIAN_POINT('Ctrl Pts',(-2.,46.4392220933878,-18.6669367888951));
#9659=CARTESIAN_POINT('Ctrl Pts',(-2.,46.3225284125565,-18.4756888119773));
#9660=CARTESIAN_POINT('Ctrl Pts',(-2.,46.2706645544093,-18.4011345158906));
#9661=CARTESIAN_POINT('Ctrl Pts',(0.,46.6207455969031,-19.3703403650169));
#9662=CARTESIAN_POINT('Ctrl Pts',(-2.,46.6207455969031,-19.3703403650169));
#9663=CARTESIAN_POINT('Ctrl Pts',(0.,46.6207455969031,-19.2244732639778));
#9664=CARTESIAN_POINT('Ctrl Pts',(-2.,46.6207455969031,-19.2244732639778));
#9665=CARTESIAN_POINT('Ctrl Pts',(0.,46.5494327919506,-18.9359805530339));
#9666=CARTESIAN_POINT('Ctrl Pts',(-2.,46.5494327919506,-18.9359805530339));
#9667=CARTESIAN_POINT('Ctrl Pts',(0.,46.4943274426692,-18.7965964342632));
#9668=CARTESIAN_POINT('Ctrl Pts',(-2.,46.4943274426692,-18.7965964342632));
#9669=CARTESIAN_POINT('Ctrl Pts',(0.,46.6207455969031,-19.3703403650169));
#9670=CARTESIAN_POINT('Ctrl Pts',(0.,46.6207455969031,-19.2244732639778));
#9671=CARTESIAN_POINT('Ctrl Pts',(0.,46.5494327919506,-18.9359805530339));
#9672=CARTESIAN_POINT('Ctrl Pts',(0.,46.4943274426692,-18.7965964342632));
#9673=CARTESIAN_POINT('Ctrl Pts',(-2.,46.6207455969031,-19.3703403650169));
#9674=CARTESIAN_POINT('Ctrl Pts',(-2.,46.6207455969031,-19.2244732639778));
#9675=CARTESIAN_POINT('Ctrl Pts',(-2.,46.5494327919506,-18.9359805530339));
#9676=CARTESIAN_POINT('Ctrl Pts',(-2.,46.4943274426692,-18.7965964342632));
#9677=CARTESIAN_POINT('Origin',(-2.,45.0096411561726,-19.5715669587921));
#9678=CARTESIAN_POINT('Origin',(0.,28.8055105617502,-30.0275526701245));
#9679=CARTESIAN_POINT('',(0.,30.3679092884353,-31.3727714908181));
#9680=CARTESIAN_POINT('',(0.,28.8055105617502,-30.0275526701245));
#9681=CARTESIAN_POINT('',(0.,13.1107210599185,-16.5144040326553));
#9682=CARTESIAN_POINT('',(-2.,30.3679092884353,-31.3727714908181));
#9683=CARTESIAN_POINT('',(0.,30.3679092884353,-31.3727714908181));
#9684=CARTESIAN_POINT('',(-2.,28.8055105617502,-30.0275526701245));
#9685=CARTESIAN_POINT('',(-2.,29.1395903889695,-30.3151940151369));
#9686=CARTESIAN_POINT('',(0.,28.8055105617502,-30.0275526701245));
#9687=CARTESIAN_POINT('Origin',(0.,28.8055105617502,-31.3727714908181));
#9688=CARTESIAN_POINT('',(0.,28.8055105617502,-31.3727714908181));
#9689=CARTESIAN_POINT('',(0.,28.8055105617502,-15.6863857454091));
#9690=CARTESIAN_POINT('',(-2.,28.8055105617502,-31.3727714908181));
#9691=CARTESIAN_POINT('',(-2.,28.8055105617502,-31.3047443348899));
#9692=CARTESIAN_POINT('',(0.,28.8055105617502,-31.3727714908181));
#9693=CARTESIAN_POINT('Origin',(0.,30.3679092884353,-31.3727714908181));
#9694=CARTESIAN_POINT('',(0.,15.1839546442177,-31.3727714908181));
#9695=CARTESIAN_POINT('',(-2.,29.6479049444208,-31.3727714908181));
#9696=CARTESIAN_POINT('Origin',(0.,28.8055105617502,-32.3646677778838));
#9697=CARTESIAN_POINT('',(0.,28.8055105617502,-32.3646677778838));
#9698=CARTESIAN_POINT('',(0.,28.3743922409014,-32.3646677778838));
#9699=CARTESIAN_POINT('',(0.,14.4027552808751,-32.3646677778838));
#9700=CARTESIAN_POINT('',(-2.,28.8055105617502,-32.3646677778838));
#9701=CARTESIAN_POINT('',(0.,28.8055105617502,-32.3646677778838));
#9702=CARTESIAN_POINT('',(-2.,28.3743922409014,-32.3646677778838));
#9703=CARTESIAN_POINT('',(-2.,28.8055105617502,-32.3646677778838));
#9704=CARTESIAN_POINT('',(0.,28.3743922409014,-32.3646677778838));
#9705=CARTESIAN_POINT('Origin',(0.,28.8055105617502,-31.8881685811561));
#9706=CARTESIAN_POINT('',(0.,28.8055105617502,-31.8881685811561));
#9707=CARTESIAN_POINT('',(0.,28.8055105617502,-15.9440842905781));
#9708=CARTESIAN_POINT('',(-2.,28.8055105617502,-31.8881685811561));
#9709=CARTESIAN_POINT('',(0.,28.8055105617502,-31.8881685811561));
#9710=CARTESIAN_POINT('',(-2.,28.8055105617502,-31.8881685811561));
#9711=CARTESIAN_POINT('Origin',(0.,31.0000000596046,-31.8881685811561));
#9712=CARTESIAN_POINT('',(0.,31.0000000596046,-31.8881685811561));
#9713=CARTESIAN_POINT('',(0.,15.5000000298023,-31.8881685811561));
#9714=CARTESIAN_POINT('',(-2.,31.0000000596046,-31.8881685811561));
#9715=CARTESIAN_POINT('',(0.,31.0000000596046,-31.8881685811561));
#9716=CARTESIAN_POINT('',(-2.,31.0000000596046,-31.8881685811561));
#9717=CARTESIAN_POINT('Origin',(0.,31.0000000596046,-31.3954619287575));
#9718=CARTESIAN_POINT('',(0.,31.0000000596046,-31.3954619287575));
#9719=CARTESIAN_POINT('',(0.,31.0000000596046,-15.6977309643788));
#9720=CARTESIAN_POINT('',(-2.,31.0000000596046,-31.3954619287575));
#9721=CARTESIAN_POINT('',(0.,31.0000000596046,-31.3954619287575));
#9722=CARTESIAN_POINT('',(-2.,31.0000000596046,-31.3954619287575));
#9723=CARTESIAN_POINT('Origin',(0.,28.9384116982525,-29.6061588226783));
#9724=CARTESIAN_POINT('',(0.,28.9384116982525,-29.6061588226783));
#9725=CARTESIAN_POINT('',(0.,13.3579230007823,-16.0834705192136));
#9726=CARTESIAN_POINT('',(-2.,28.9384116982525,-29.6061588226783));
#9727=CARTESIAN_POINT('',(0.,28.9384116982525,-29.6061588226783));
#9728=CARTESIAN_POINT('',(-2.,28.9384116982525,-29.6061588226783));
#9729=CARTESIAN_POINT('Origin',(0.,28.3743922409014,-29.6061588226783));
#9730=CARTESIAN_POINT('',(0.,28.3743922409014,-29.6061588226783));
#9731=CARTESIAN_POINT('',(0.,14.1871961204507,-29.6061588226783));
#9732=CARTESIAN_POINT('',(-2.,28.3743922409014,-29.6061588226783));
#9733=CARTESIAN_POINT('',(0.,28.3743922409014,-29.6061588226783));
#9734=CARTESIAN_POINT('',(-2.,28.3743922409014,-29.6061588226783));
#9735=CARTESIAN_POINT('Origin',(0.,28.3743922409014,-31.3727714908181));
#9736=CARTESIAN_POINT('',(0.,28.3743922409014,-31.3727714908181));
#9737=CARTESIAN_POINT('',(0.,28.3743922409014,-15.6863857454091));
#9738=CARTESIAN_POINT('',(-2.,28.3743922409014,-31.3727714908181));
#9739=CARTESIAN_POINT('',(0.,28.3743922409014,-31.3727714908181));
#9740=CARTESIAN_POINT('',(-2.,28.3743922409014,-31.3727714908181));
#9741=CARTESIAN_POINT('Origin',(0.,27.,-31.3727714908181));
#9742=CARTESIAN_POINT('',(0.,27.,-31.3727714908181));
#9743=CARTESIAN_POINT('',(0.,13.5,-31.3727714908181));
#9744=CARTESIAN_POINT('',(-2.,27.,-31.3727714908181));
#9745=CARTESIAN_POINT('',(0.,27.,-31.3727714908181));
#9746=CARTESIAN_POINT('',(-2.,27.,-31.3727714908181));
#9747=CARTESIAN_POINT('Origin',(0.,27.,-31.8881685811561));
#9748=CARTESIAN_POINT('',(0.,27.,-31.8881685811561));
#9749=CARTESIAN_POINT('',(0.,27.,-15.9440842905781));
#9750=CARTESIAN_POINT('',(-2.,27.,-31.8881685811561));
#9751=CARTESIAN_POINT('',(0.,27.,-31.8881685811561));
#9752=CARTESIAN_POINT('',(-2.,27.,-31.8881685811561));
#9753=CARTESIAN_POINT('Origin',(0.,28.3743922409014,-31.8881685811561));
#9754=CARTESIAN_POINT('',(0.,28.3743922409014,-31.8881685811561));
#9755=CARTESIAN_POINT('',(0.,14.1871961204507,-31.8881685811561));
#9756=CARTESIAN_POINT('',(-2.,28.3743922409014,-31.8881685811561));
#9757=CARTESIAN_POINT('',(0.,28.3743922409014,-31.8881685811561));
#9758=CARTESIAN_POINT('',(-2.,28.3743922409014,-31.8881685811561));
#9759=CARTESIAN_POINT('Origin',(0.,28.3743922409014,-32.3646677778838));
#9760=CARTESIAN_POINT('',(0.,28.3743922409014,-16.1823338889419));
#9761=CARTESIAN_POINT('',(-2.,28.3743922409014,-32.3646677778838));
#9762=CARTESIAN_POINT('Origin',(-2.,28.9279006004063,-31.2367171789618));
#9763=CARTESIAN_POINT('Ctrl Pts',(0.,45.236628882599,-31.8038898116669));
#9764=CARTESIAN_POINT('Ctrl Pts',(-2.,45.236628882599,-31.8038898116669));
#9765=CARTESIAN_POINT('Ctrl Pts',(0.,45.0875202904258,-32.0016207708532));
#9766=CARTESIAN_POINT('Ctrl Pts',(-2.,45.0875202904258,-32.0016207708532));
#9767=CARTESIAN_POINT('Ctrl Pts',(0.,44.6337115316375,-32.2155591857105));
#9768=CARTESIAN_POINT('Ctrl Pts',(-2.,44.6337115316375,-32.2155591857105));
#9769=CARTESIAN_POINT('Ctrl Pts',(0.,44.270664524607,-32.2155591857105));
#9770=CARTESIAN_POINT('Ctrl Pts',(-2.,44.270664524607,-32.2155591857105));
#9771=CARTESIAN_POINT('',(0.,45.236628882599,-31.8038898116669));
#9772=CARTESIAN_POINT('',(0.,44.270664524607,-32.2155591857105));
#9773=CARTESIAN_POINT('Ctrl Pts',(0.,45.236628882599,-31.8038898116669));
#9774=CARTESIAN_POINT('Ctrl Pts',(0.,45.0875202904258,-32.0016207708532));
#9775=CARTESIAN_POINT('Ctrl Pts',(0.,44.6337115316375,-32.2155591857105));
#9776=CARTESIAN_POINT('Ctrl Pts',(0.,44.270664524607,-32.2155591857105));
#9777=CARTESIAN_POINT('',(-2.,45.236628882599,-31.8038898116669));
#9778=CARTESIAN_POINT('',(0.,45.236628882599,-31.8038898116669));
#9779=CARTESIAN_POINT('',(-2.,44.270664524607,-32.2155591857105));
#9780=CARTESIAN_POINT('Ctrl Pts',(-2.,45.236628882599,-31.8038898116669));
#9781=CARTESIAN_POINT('Ctrl Pts',(-2.,45.0875202904258,-32.0016207708532));
#9782=CARTESIAN_POINT('Ctrl Pts',(-2.,44.6337115316375,-32.2155591857105));
#9783=CARTESIAN_POINT('Ctrl Pts',(-2.,44.270664524607,-32.2155591857105));
#9784=CARTESIAN_POINT('',(0.,44.270664524607,-32.2155591857105));
#9785=CARTESIAN_POINT('Ctrl Pts',(0.,45.4862236999325,-30.8768233472853));
#9786=CARTESIAN_POINT('Ctrl Pts',(-2.,45.4862236999325,-30.8768233472853));
#9787=CARTESIAN_POINT('Ctrl Pts',(0.,45.4862236999325,-31.1847650050344));
#9788=CARTESIAN_POINT('Ctrl Pts',(-2.,45.4862236999325,-31.1847650050344));
#9789=CARTESIAN_POINT('Ctrl Pts',(0.,45.3857374747723,-31.6094003436148));
#9790=CARTESIAN_POINT('Ctrl Pts',(-2.,45.3857374747723,-31.6094003436148));
#9791=CARTESIAN_POINT('Ctrl Pts',(0.,45.236628882599,-31.8038898116669));
#9792=CARTESIAN_POINT('Ctrl Pts',(-2.,45.236628882599,-31.8038898116669));
#9793=CARTESIAN_POINT('',(0.,45.4862236999325,-30.8768233472853));
#9794=CARTESIAN_POINT('Ctrl Pts',(0.,45.4862236999325,-30.8768233472853));
#9795=CARTESIAN_POINT('Ctrl Pts',(0.,45.4862236999325,-31.1847650050344));
#9796=CARTESIAN_POINT('Ctrl Pts',(0.,45.3857374747723,-31.6094003436148));
#9797=CARTESIAN_POINT('Ctrl Pts',(0.,45.236628882599,-31.8038898116669));
#9798=CARTESIAN_POINT('',(-2.,45.4862236999325,-30.8768233472853));
#9799=CARTESIAN_POINT('',(0.,45.4862236999325,-30.8768233472853));
#9800=CARTESIAN_POINT('Ctrl Pts',(-2.,45.4862236999325,-30.8768233472853));
#9801=CARTESIAN_POINT('Ctrl Pts',(-2.,45.4862236999325,-31.1847650050344));
#9802=CARTESIAN_POINT('Ctrl Pts',(-2.,45.3857374747723,-31.6094003436148));
#9803=CARTESIAN_POINT('Ctrl Pts',(-2.,45.236628882599,-31.8038898116669));
#9804=CARTESIAN_POINT('Ctrl Pts',(0.,45.4635332619931,-30.5137763402547));
#9805=CARTESIAN_POINT('Ctrl Pts',(-2.,45.4635332619931,-30.5137763402547));
#9806=CARTESIAN_POINT('Ctrl Pts',(0.,45.4764992265299,-30.6110210742808));
#9807=CARTESIAN_POINT('Ctrl Pts',(-2.,45.4764992265299,-30.6110210742808));
#9808=CARTESIAN_POINT('Ctrl Pts',(0.,45.4862236999325,-30.7990275600644));
#9809=CARTESIAN_POINT('Ctrl Pts',(-2.,45.4862236999325,-30.7990275600644));
#9810=CARTESIAN_POINT('Ctrl Pts',(0.,45.4862236999325,-30.8768233472853));
#9811=CARTESIAN_POINT('Ctrl Pts',(-2.,45.4862236999325,-30.8768233472853));
#9812=CARTESIAN_POINT('',(0.,45.4635332619931,-30.5137763402547));
#9813=CARTESIAN_POINT('Ctrl Pts',(0.,45.4635332619931,-30.5137763402547));
#9814=CARTESIAN_POINT('Ctrl Pts',(0.,45.4764992265299,-30.6110210742808));
#9815=CARTESIAN_POINT('Ctrl Pts',(0.,45.4862236999325,-30.7990275600644));
#9816=CARTESIAN_POINT('Ctrl Pts',(0.,45.4862236999325,-30.8768233472853));
#9817=CARTESIAN_POINT('',(-2.,45.4635332619931,-30.5137763402547));
#9818=CARTESIAN_POINT('',(0.,45.4635332619931,-30.5137763402547));
#9819=CARTESIAN_POINT('Ctrl Pts',(-2.,45.4635332619931,-30.5137763402547));
#9820=CARTESIAN_POINT('Ctrl Pts',(-2.,45.4764992265299,-30.6110210742808));
#9821=CARTESIAN_POINT('Ctrl Pts',(-2.,45.4862236999325,-30.7990275600644));
#9822=CARTESIAN_POINT('Ctrl Pts',(-2.,45.4862236999325,-30.8768233472853));
#9823=CARTESIAN_POINT('Origin',(0.,46.5299838451454,-30.5137763402547));
#9824=CARTESIAN_POINT('',(0.,46.5299838451454,-30.5137763402547));
#9825=CARTESIAN_POINT('',(0.,23.2649919225727,-30.5137763402547));
#9826=CARTESIAN_POINT('',(-2.,46.5299838451454,-30.5137763402547));
#9827=CARTESIAN_POINT('',(0.,46.5299838451454,-30.5137763402547));
#9828=CARTESIAN_POINT('',(-2.,46.5299838451454,-30.5137763402547));
#9829=CARTESIAN_POINT('Origin',(0.,46.5299838451454,-32.1928687477711));
#9830=CARTESIAN_POINT('',(0.,46.5299838451454,-32.1928687477711));
#9831=CARTESIAN_POINT('',(0.,46.5299838451454,-16.0964343738855));
#9832=CARTESIAN_POINT('',(-2.,46.5299838451454,-32.1928687477711));
#9833=CARTESIAN_POINT('',(0.,46.5299838451454,-32.1928687477711));
#9834=CARTESIAN_POINT('',(-2.,46.5299838451454,-32.1928687477711));
#9835=CARTESIAN_POINT('Origin',(0.,47.0000000596046,-32.1928687477711));
#9836=CARTESIAN_POINT('',(0.,47.0000000596046,-32.1928687477711));
#9837=CARTESIAN_POINT('',(0.,23.5000000298023,-32.1928687477711));
#9838=CARTESIAN_POINT('',(-2.,47.0000000596046,-32.1928687477711));
#9839=CARTESIAN_POINT('',(0.,47.0000000596046,-32.1928687477711));
#9840=CARTESIAN_POINT('',(-2.,47.0000000596046,-32.1928687477711));
#9841=CARTESIAN_POINT('Origin',(0.,47.0000000596046,-29.9983792499167));
#9842=CARTESIAN_POINT('',(0.,47.0000000596046,-29.9983792499167));
#9843=CARTESIAN_POINT('',(0.,47.0000000596046,-14.9991896249583));
#9844=CARTESIAN_POINT('',(-2.,47.0000000596046,-29.9983792499167));
#9845=CARTESIAN_POINT('',(0.,47.0000000596046,-29.9983792499167));
#9846=CARTESIAN_POINT('',(-2.,47.0000000596046,-29.9983792499167));
#9847=CARTESIAN_POINT('Origin',(0.,44.9384116982525,-29.9983792499167));
#9848=CARTESIAN_POINT('',(0.,44.9384116982525,-29.9983792499167));
#9849=CARTESIAN_POINT('',(0.,22.4692058491262,-29.9983792499167));
#9850=CARTESIAN_POINT('',(-2.,44.9384116982525,-29.9983792499167));
#9851=CARTESIAN_POINT('',(0.,44.9384116982525,-29.9983792499167));
#9852=CARTESIAN_POINT('',(-2.,44.9384116982525,-29.9983792499167));
#9853=CARTESIAN_POINT('Ctrl Pts',(0.,45.0356564322785,-30.7893030866618));
#9854=CARTESIAN_POINT('Ctrl Pts',(-2.,45.0356564322785,-30.7893030866618));
#9855=CARTESIAN_POINT('Ctrl Pts',(0.,45.0356564322785,-30.5688816895361));
#9856=CARTESIAN_POINT('Ctrl Pts',(-2.,45.0356564322785,-30.5688816895361));
#9857=CARTESIAN_POINT('Ctrl Pts',(0.,44.9675851184603,-30.1312803864189));
#9858=CARTESIAN_POINT('Ctrl Pts',(-2.,44.9675851184603,-30.1312803864189));
#9859=CARTESIAN_POINT('Ctrl Pts',(0.,44.9384116982525,-29.9983792499167));
#9860=CARTESIAN_POINT('Ctrl Pts',(-2.,44.9384116982525,-29.9983792499167));
#9861=CARTESIAN_POINT('',(0.,45.0356564322785,-30.7893030866618));
#9862=CARTESIAN_POINT('Ctrl Pts',(0.,45.0356564322785,-30.7893030866618));
#9863=CARTESIAN_POINT('Ctrl Pts',(0.,45.0356564322785,-30.5688816895361));
#9864=CARTESIAN_POINT('Ctrl Pts',(0.,44.9675851184603,-30.1312803864189));
#9865=CARTESIAN_POINT('Ctrl Pts',(0.,44.9384116982525,-29.9983792499167));
#9866=CARTESIAN_POINT('',(-2.,45.0356564322785,-30.7893030866618));
#9867=CARTESIAN_POINT('',(0.,45.0356564322785,-30.7893030866618));
#9868=CARTESIAN_POINT('Ctrl Pts',(-2.,45.0356564322785,-30.7893030866618));
#9869=CARTESIAN_POINT('Ctrl Pts',(-2.,45.0356564322785,-30.5688816895361));
#9870=CARTESIAN_POINT('Ctrl Pts',(-2.,44.9675851184603,-30.1312803864189));
#9871=CARTESIAN_POINT('Ctrl Pts',(-2.,44.9384116982525,-29.9983792499167));
#9872=CARTESIAN_POINT('Ctrl Pts',(0.,44.850891437629,-31.4440842957705));
#9873=CARTESIAN_POINT('Ctrl Pts',(-2.,44.850891437629,-31.4440842957705));
#9874=CARTESIAN_POINT('Ctrl Pts',(0.,44.9513776627893,-31.3306321060735));
#9875=CARTESIAN_POINT('Ctrl Pts',(-2.,44.9513776627893,-31.3306321060735));
#9876=CARTESIAN_POINT('Ctrl Pts',(0.,45.0356564322785,-30.9935170281165));
#9877=CARTESIAN_POINT('Ctrl Pts',(-2.,45.0356564322785,-30.9935170281165));
#9878=CARTESIAN_POINT('Ctrl Pts',(0.,45.0356564322785,-30.7893030866618));
#9879=CARTESIAN_POINT('Ctrl Pts',(-2.,45.0356564322785,-30.7893030866618));
#9880=CARTESIAN_POINT('',(0.,44.850891437629,-31.4440842957705));
#9881=CARTESIAN_POINT('Ctrl Pts',(0.,44.850891437629,-31.4440842957705));
#9882=CARTESIAN_POINT('Ctrl Pts',(0.,44.9513776627893,-31.3306321060735));
#9883=CARTESIAN_POINT('Ctrl Pts',(0.,45.0356564322785,-30.9935170281165));
#9884=CARTESIAN_POINT('Ctrl Pts',(0.,45.0356564322785,-30.7893030866618));
#9885=CARTESIAN_POINT('',(-2.,44.850891437629,-31.4440842957705));
#9886=CARTESIAN_POINT('',(0.,44.850891437629,-31.4440842957705));
#9887=CARTESIAN_POINT('Ctrl Pts',(-2.,44.850891437629,-31.4440842957705));
#9888=CARTESIAN_POINT('Ctrl Pts',(-2.,44.9513776627893,-31.3306321060735));
#9889=CARTESIAN_POINT('Ctrl Pts',(-2.,45.0356564322785,-30.9935170281165));
#9890=CARTESIAN_POINT('Ctrl Pts',(-2.,45.0356564322785,-30.7893030866618));
#9891=CARTESIAN_POINT('Ctrl Pts',(0.,44.2739060157412,-31.6709886751646));
#9892=CARTESIAN_POINT('Ctrl Pts',(-2.,44.2739060157412,-31.6709886751646));
#9893=CARTESIAN_POINT('Ctrl Pts',(0.,44.4878444305985,-31.6709886751646));
#9894=CARTESIAN_POINT('Ctrl Pts',(-2.,44.4878444305985,-31.6709886751646));
#9895=CARTESIAN_POINT('Ctrl Pts',(0.,44.7601296858714,-31.5542949943334));
#9896=CARTESIAN_POINT('Ctrl Pts',(-2.,44.7601296858714,-31.5542949943334));
#9897=CARTESIAN_POINT('Ctrl Pts',(0.,44.850891437629,-31.4440842957705));
#9898=CARTESIAN_POINT('Ctrl Pts',(-2.,44.850891437629,-31.4440842957705));
#9899=CARTESIAN_POINT('',(0.,44.2739060157412,-31.6709886751646));
#9900=CARTESIAN_POINT('Ctrl Pts',(0.,44.2739060157412,-31.6709886751646));
#9901=CARTESIAN_POINT('Ctrl Pts',(0.,44.4878444305985,-31.6709886751646));
#9902=CARTESIAN_POINT('Ctrl Pts',(0.,44.7601296858714,-31.5542949943334));
#9903=CARTESIAN_POINT('Ctrl Pts',(0.,44.850891437629,-31.4440842957705));
#9904=CARTESIAN_POINT('',(-2.,44.2739060157412,-31.6709886751646));
#9905=CARTESIAN_POINT('',(0.,44.2739060157412,-31.6709886751646));
#9906=CARTESIAN_POINT('Ctrl Pts',(-2.,44.2739060157412,-31.6709886751646));
#9907=CARTESIAN_POINT('Ctrl Pts',(-2.,44.4878444305985,-31.6709886751646));
#9908=CARTESIAN_POINT('Ctrl Pts',(-2.,44.7601296858714,-31.5542949943334));
#9909=CARTESIAN_POINT('Ctrl Pts',(-2.,44.850891437629,-31.4440842957705));
#9910=CARTESIAN_POINT('Ctrl Pts',(0.,43.6223662977667,-31.4667747337099));
#9911=CARTESIAN_POINT('Ctrl Pts',(-2.,43.6223662977667,-31.4667747337099));
#9912=CARTESIAN_POINT('Ctrl Pts',(0.,43.7423014697321,-31.5672609588702));
#9913=CARTESIAN_POINT('Ctrl Pts',(-2.,43.7423014697321,-31.5672609588702));
#9914=CARTESIAN_POINT('Ctrl Pts',(0.,44.0599676008839,-31.6709886751646));
#9915=CARTESIAN_POINT('Ctrl Pts',(-2.,44.0599676008839,-31.6709886751646));
#9916=CARTESIAN_POINT('Ctrl Pts',(0.,44.2739060157412,-31.6709886751646));
#9917=CARTESIAN_POINT('Ctrl Pts',(-2.,44.2739060157412,-31.6709886751646));
#9918=CARTESIAN_POINT('',(0.,43.6223662977667,-31.4667747337099));
#9919=CARTESIAN_POINT('Ctrl Pts',(0.,43.6223662977667,-31.4667747337099));
#9920=CARTESIAN_POINT('Ctrl Pts',(0.,43.7423014697321,-31.5672609588702));
#9921=CARTESIAN_POINT('Ctrl Pts',(0.,44.0599676008839,-31.6709886751646));
#9922=CARTESIAN_POINT('Ctrl Pts',(0.,44.2739060157412,-31.6709886751646));
#9923=CARTESIAN_POINT('',(-2.,43.6223662977667,-31.4667747337099));
#9924=CARTESIAN_POINT('',(0.,43.6223662977667,-31.4667747337099));
#9925=CARTESIAN_POINT('Ctrl Pts',(-2.,43.6223662977667,-31.4667747337099));
#9926=CARTESIAN_POINT('Ctrl Pts',(-2.,43.7423014697321,-31.5672609588702));
#9927=CARTESIAN_POINT('Ctrl Pts',(-2.,44.0599676008839,-31.6709886751646));
#9928=CARTESIAN_POINT('Ctrl Pts',(-2.,44.2739060157412,-31.6709886751646));
#9929=CARTESIAN_POINT('Ctrl Pts',(0.,43.3792544627016,-30.8897893118221));
#9930=CARTESIAN_POINT('Ctrl Pts',(-2.,43.3792544627016,-30.8897893118221));
#9931=CARTESIAN_POINT('Ctrl Pts',(0.,43.3792544627016,-31.0518638685322));
#9932=CARTESIAN_POINT('Ctrl Pts',(-2.,43.3792544627016,-31.0518638685322));
#9933=CARTESIAN_POINT('Ctrl Pts',(0.,43.4959481435328,-31.3565640351471));
#9934=CARTESIAN_POINT('Ctrl Pts',(-2.,43.4959481435328,-31.3565640351471));
#9935=CARTESIAN_POINT('Ctrl Pts',(0.,43.6223662977667,-31.4667747337099));
#9936=CARTESIAN_POINT('Ctrl Pts',(-2.,43.6223662977667,-31.4667747337099));
#9937=CARTESIAN_POINT('',(0.,43.3792544627016,-30.8897893118221));
#9938=CARTESIAN_POINT('Ctrl Pts',(0.,43.3792544627016,-30.8897893118221));
#9939=CARTESIAN_POINT('Ctrl Pts',(0.,43.3792544627016,-31.0518638685322));
#9940=CARTESIAN_POINT('Ctrl Pts',(0.,43.4959481435328,-31.3565640351471));
#9941=CARTESIAN_POINT('Ctrl Pts',(0.,43.6223662977667,-31.4667747337099));
#9942=CARTESIAN_POINT('',(-2.,43.3792544627016,-30.8897893118221));
#9943=CARTESIAN_POINT('',(0.,43.3792544627016,-30.8897893118221));
#9944=CARTESIAN_POINT('Ctrl Pts',(-2.,43.3792544627016,-30.8897893118221));
#9945=CARTESIAN_POINT('Ctrl Pts',(-2.,43.3792544627016,-31.0518638685322));
#9946=CARTESIAN_POINT('Ctrl Pts',(-2.,43.4959481435328,-31.3565640351471));
#9947=CARTESIAN_POINT('Ctrl Pts',(-2.,43.6223662977667,-31.4667747337099));
#9948=CARTESIAN_POINT('Ctrl Pts',(0.,43.4959481435328,-30.3030794165316));
#9949=CARTESIAN_POINT('Ctrl Pts',(-2.,43.4959481435328,-30.3030794165316));
#9950=CARTESIAN_POINT('Ctrl Pts',(0.,43.4408427942514,-30.4619124821075));
#9951=CARTESIAN_POINT('Ctrl Pts',(-2.,43.4408427942514,-30.4619124821075));
#9952=CARTESIAN_POINT('Ctrl Pts',(0.,43.3792544627016,-30.7244732639778));
#9953=CARTESIAN_POINT('Ctrl Pts',(-2.,43.3792544627016,-30.7244732639778));
#9954=CARTESIAN_POINT('Ctrl Pts',(0.,43.3792544627016,-30.8897893118221));
#9955=CARTESIAN_POINT('Ctrl Pts',(-2.,43.3792544627016,-30.8897893118221));
#9956=CARTESIAN_POINT('',(0.,43.4959481435328,-30.3030794165316));
#9957=CARTESIAN_POINT('Ctrl Pts',(0.,43.4959481435328,-30.3030794165316));
#9958=CARTESIAN_POINT('Ctrl Pts',(0.,43.4408427942514,-30.4619124821075));
#9959=CARTESIAN_POINT('Ctrl Pts',(0.,43.3792544627016,-30.7244732639778));
#9960=CARTESIAN_POINT('Ctrl Pts',(0.,43.3792544627016,-30.8897893118221));
#9961=CARTESIAN_POINT('',(-2.,43.4959481435328,-30.3030794165316));
#9962=CARTESIAN_POINT('',(0.,43.4959481435328,-30.3030794165316));
#9963=CARTESIAN_POINT('Ctrl Pts',(-2.,43.4959481435328,-30.3030794165316));
#9964=CARTESIAN_POINT('Ctrl Pts',(-2.,43.4408427942514,-30.4619124821075));
#9965=CARTESIAN_POINT('Ctrl Pts',(-2.,43.3792544627016,-30.7244732639778));
#9966=CARTESIAN_POINT('Ctrl Pts',(-2.,43.3792544627016,-30.8897893118221));
#9967=CARTESIAN_POINT('Ctrl Pts',(0.,43.7098865583901,-29.8719610956828));
#9968=CARTESIAN_POINT('Ctrl Pts',(-2.,43.7098865583901,-29.8719610956828));
#9969=CARTESIAN_POINT('Ctrl Pts',(0.,43.6645056825113,-29.9335494272326));
#9970=CARTESIAN_POINT('Ctrl Pts',(-2.,43.6645056825113,-29.9335494272326));
#9971=CARTESIAN_POINT('Ctrl Pts',(0.,43.54781200168,-30.1636952977609));
#9972=CARTESIAN_POINT('Ctrl Pts',(-2.,43.54781200168,-30.1636952977609));
#9973=CARTESIAN_POINT('Ctrl Pts',(0.,43.4959481435328,-30.3030794165316));
#9974=CARTESIAN_POINT('Ctrl Pts',(-2.,43.4959481435328,-30.3030794165316));
#9975=CARTESIAN_POINT('',(0.,43.7098865583901,-29.8719610956828));
#9976=CARTESIAN_POINT('Ctrl Pts',(0.,43.7098865583901,-29.8719610956828));
#9977=CARTESIAN_POINT('Ctrl Pts',(0.,43.6645056825113,-29.9335494272326));
#9978=CARTESIAN_POINT('Ctrl Pts',(0.,43.54781200168,-30.1636952977609));
#9979=CARTESIAN_POINT('Ctrl Pts',(0.,43.4959481435328,-30.3030794165316));
#9980=CARTESIAN_POINT('',(-2.,43.7098865583901,-29.8719610956828));
#9981=CARTESIAN_POINT('',(0.,43.7098865583901,-29.8719610956828));
#9982=CARTESIAN_POINT('Ctrl Pts',(-2.,43.7098865583901,-29.8719610956828));
#9983=CARTESIAN_POINT('Ctrl Pts',(-2.,43.6645056825113,-29.9335494272326));
#9984=CARTESIAN_POINT('Ctrl Pts',(-2.,43.54781200168,-30.1636952977609));
#9985=CARTESIAN_POINT('Ctrl Pts',(-2.,43.4959481435328,-30.3030794165316));
#9986=CARTESIAN_POINT('Origin',(0.,43.7098865583901,-29.8330632020724));
#9987=CARTESIAN_POINT('',(0.,43.7098865583901,-29.8330632020724));
#9988=CARTESIAN_POINT('',(0.,43.7098865583901,-14.9165316010362));
#9989=CARTESIAN_POINT('',(-2.,43.7098865583901,-29.8330632020724));
#9990=CARTESIAN_POINT('',(0.,43.7098865583901,-29.8330632020724));
#9991=CARTESIAN_POINT('',(-2.,43.7098865583901,-29.8330632020724));
#9992=CARTESIAN_POINT('Origin',(0.,43.1426256099049,-29.8330632020724));
#9993=CARTESIAN_POINT('',(0.,43.1426256099049,-29.8330632020724));
#9994=CARTESIAN_POINT('',(0.,21.5713128049524,-29.8330632020724));
#9995=CARTESIAN_POINT('',(-2.,43.1426256099049,-29.8330632020724));
#9996=CARTESIAN_POINT('',(0.,43.1426256099049,-29.8330632020724));
#9997=CARTESIAN_POINT('',(-2.,43.1426256099049,-29.8330632020724));
#9998=CARTESIAN_POINT('Ctrl Pts',(0.,42.9157212305107,-30.8800648384195));
#9999=CARTESIAN_POINT('Ctrl Pts',(-2.,42.9157212305107,-30.8800648384195));
#10000=CARTESIAN_POINT('Ctrl Pts',(0.,42.9157212305107,-30.5948136186097));
#10001=CARTESIAN_POINT('Ctrl Pts',(-2.,42.9157212305107,-30.5948136186097));
#10002=CARTESIAN_POINT('Ctrl Pts',(0.,43.0421393847446,-30.0372771435271));
#10003=CARTESIAN_POINT('Ctrl Pts',(-2.,43.0421393847446,-30.0372771435271));
#10004=CARTESIAN_POINT('Ctrl Pts',(0.,43.1426256099049,-29.8330632020724));
#10005=CARTESIAN_POINT('Ctrl Pts',(-2.,43.1426256099049,-29.8330632020724));
#10006=CARTESIAN_POINT('',(0.,42.9157212305107,-30.8800648384195));
#10007=CARTESIAN_POINT('Ctrl Pts',(0.,42.9157212305107,-30.8800648384195));
#10008=CARTESIAN_POINT('Ctrl Pts',(0.,42.9157212305107,-30.5948136186097));
#10009=CARTESIAN_POINT('Ctrl Pts',(0.,43.0421393847446,-30.0372771435271));
#10010=CARTESIAN_POINT('Ctrl Pts',(0.,43.1426256099049,-29.8330632020724));
#10011=CARTESIAN_POINT('',(-2.,42.9157212305107,-30.8800648384195));
#10012=CARTESIAN_POINT('',(0.,42.9157212305107,-30.8800648384195));
#10013=CARTESIAN_POINT('Ctrl Pts',(-2.,42.9157212305107,-30.8800648384195));
#10014=CARTESIAN_POINT('Ctrl Pts',(-2.,42.9157212305107,-30.5948136186097));
#10015=CARTESIAN_POINT('Ctrl Pts',(-2.,43.0421393847446,-30.0372771435271));
#10016=CARTESIAN_POINT('Ctrl Pts',(-2.,43.1426256099049,-29.8330632020724));
#10017=CARTESIAN_POINT('Ctrl Pts',(0.,43.3079416577491,-31.8622366520825));
#10018=CARTESIAN_POINT('Ctrl Pts',(-2.,43.3079416577491,-31.8622366520825));
#10019=CARTESIAN_POINT('Ctrl Pts',(0.,43.1264181542338,-31.6936791131041));
#10020=CARTESIAN_POINT('Ctrl Pts',(-2.,43.1264181542338,-31.6936791131041));
#10021=CARTESIAN_POINT('Ctrl Pts',(0.,42.9157212305107,-31.1912479873028));
#10022=CARTESIAN_POINT('Ctrl Pts',(-2.,42.9157212305107,-31.1912479873028));
#10023=CARTESIAN_POINT('Ctrl Pts',(0.,42.9157212305107,-30.8800648384195));
#10024=CARTESIAN_POINT('Ctrl Pts',(-2.,42.9157212305107,-30.8800648384195));
#10025=CARTESIAN_POINT('',(0.,43.3079416577491,-31.8622366520825));
#10026=CARTESIAN_POINT('Ctrl Pts',(0.,43.3079416577491,-31.8622366520825));
#10027=CARTESIAN_POINT('Ctrl Pts',(0.,43.1264181542338,-31.6936791131041));
#10028=CARTESIAN_POINT('Ctrl Pts',(0.,42.9157212305107,-31.1912479873028));
#10029=CARTESIAN_POINT('Ctrl Pts',(0.,42.9157212305107,-30.8800648384195));
#10030=CARTESIAN_POINT('',(-2.,43.3079416577491,-31.8622366520825));
#10031=CARTESIAN_POINT('',(0.,43.3079416577491,-31.8622366520825));
#10032=CARTESIAN_POINT('Ctrl Pts',(-2.,43.3079416577491,-31.8622366520825));
#10033=CARTESIAN_POINT('Ctrl Pts',(-2.,43.1264181542338,-31.6936791131041));
#10034=CARTESIAN_POINT('Ctrl Pts',(-2.,42.9157212305107,-31.1912479873028));
#10035=CARTESIAN_POINT('Ctrl Pts',(-2.,42.9157212305107,-30.8800648384195));
#10036=CARTESIAN_POINT('Ctrl Pts',(0.,44.270664524607,-32.2155591857105));
#10037=CARTESIAN_POINT('Ctrl Pts',(-2.,44.270664524607,-32.2155591857105));
#10038=CARTESIAN_POINT('Ctrl Pts',(0.,43.982171813663,-32.2155591857105));
#10039=CARTESIAN_POINT('Ctrl Pts',(-2.,43.982171813663,-32.2155591857105));
#10040=CARTESIAN_POINT('Ctrl Pts',(0.,43.4894651612644,-32.030794191061));
#10041=CARTESIAN_POINT('Ctrl Pts',(-2.,43.4894651612644,-32.030794191061));
#10042=CARTESIAN_POINT('Ctrl Pts',(0.,43.3079416577491,-31.8622366520825));
#10043=CARTESIAN_POINT('Ctrl Pts',(-2.,43.3079416577491,-31.8622366520825));
#10044=CARTESIAN_POINT('Ctrl Pts',(0.,44.270664524607,-32.2155591857105));
#10045=CARTESIAN_POINT('Ctrl Pts',(0.,43.982171813663,-32.2155591857105));
#10046=CARTESIAN_POINT('Ctrl Pts',(0.,43.4894651612644,-32.030794191061));
#10047=CARTESIAN_POINT('Ctrl Pts',(0.,43.3079416577491,-31.8622366520825));
#10048=CARTESIAN_POINT('Ctrl Pts',(-2.,44.270664524607,-32.2155591857105));
#10049=CARTESIAN_POINT('Ctrl Pts',(-2.,43.982171813663,-32.2155591857105));
#10050=CARTESIAN_POINT('Ctrl Pts',(-2.,43.4894651612644,-32.030794191061));
#10051=CARTESIAN_POINT('Ctrl Pts',(-2.,43.3079416577491,-31.8622366520825));
#10052=CARTESIAN_POINT('Origin',(-2.,45.205653489682,-30.9809678935001));
#10053=CARTESIAN_POINT('Ctrl Pts',(0.,46.539708318548,-53.4764991715623));
#10054=CARTESIAN_POINT('Ctrl Pts',(-2.,46.539708318548,-53.4764991715623));
#10055=CARTESIAN_POINT('Ctrl Pts',(0.,46.539708318548,-53.8363046874587));
#10056=CARTESIAN_POINT('Ctrl Pts',(-2.,46.539708318548,-53.8363046874587));
#10057=CARTESIAN_POINT('Ctrl Pts',(0.,46.426256128851,-54.3192868664547));
#10058=CARTESIAN_POINT('Ctrl Pts',(-2.,46.426256128851,-54.3192868664547));
#10059=CARTESIAN_POINT('Ctrl Pts',(0.,46.2998379746171,-54.533225281312));
#10060=CARTESIAN_POINT('Ctrl Pts',(-2.,46.2998379746171,-54.533225281312));
#10061=CARTESIAN_POINT('',(0.,46.2998379746171,-54.533225281312));
#10062=CARTESIAN_POINT('',(0.,46.539708318548,-53.4764991715623));
#10063=CARTESIAN_POINT('Ctrl Pts',(0.,46.2998379746171,-54.533225281312));
#10064=CARTESIAN_POINT('Ctrl Pts',(0.,46.426256128851,-54.3192868664547));
#10065=CARTESIAN_POINT('Ctrl Pts',(0.,46.539708318548,-53.8363046874587));
#10066=CARTESIAN_POINT('Ctrl Pts',(0.,46.539708318548,-53.4764991715623));
#10067=CARTESIAN_POINT('',(-2.,46.2998379746171,-54.533225281312));
#10068=CARTESIAN_POINT('',(0.,46.2998379746171,-54.533225281312));
#10069=CARTESIAN_POINT('',(-2.,46.539708318548,-53.4764991715623));
#10070=CARTESIAN_POINT('Ctrl Pts',(-2.,46.2998379746171,-54.533225281312));
#10071=CARTESIAN_POINT('Ctrl Pts',(-2.,46.426256128851,-54.3192868664547));
#10072=CARTESIAN_POINT('Ctrl Pts',(-2.,46.539708318548,-53.8363046874587));
#10073=CARTESIAN_POINT('Ctrl Pts',(-2.,46.539708318548,-53.4764991715623));
#10074=CARTESIAN_POINT('',(0.,46.539708318548,-53.4764991715623));
#10075=CARTESIAN_POINT('Origin',(0.,46.539708318548,-53.0713127797871));
#10076=CARTESIAN_POINT('',(0.,46.539708318548,-53.0713127797871));
#10077=CARTESIAN_POINT('',(0.,46.539708318548,-26.5356563898936));
#10078=CARTESIAN_POINT('',(-2.,46.539708318548,-53.0713127797871));
#10079=CARTESIAN_POINT('',(-2.,46.539708318548,-53.3948192302035));
#10080=CARTESIAN_POINT('',(0.,46.539708318548,-53.0713127797871));
#10081=CARTESIAN_POINT('Origin',(0.,43.4602917410566,-53.0713127797871));
#10082=CARTESIAN_POINT('',(0.,43.4602917410566,-53.0713127797871));
#10083=CARTESIAN_POINT('',(0.,21.7301458705283,-53.0713127797871));
#10084=CARTESIAN_POINT('',(-2.,43.4602917410566,-53.0713127797871));
#10085=CARTESIAN_POINT('',(-2.,44.2306004068559,-53.0713127797871));
#10086=CARTESIAN_POINT('',(0.,43.4602917410566,-53.0713127797871));
#10087=CARTESIAN_POINT('Origin',(0.,43.4602917410566,-53.4764991715623));
#10088=CARTESIAN_POINT('',(0.,43.4602917410566,-53.4764991715623));
#10089=CARTESIAN_POINT('',(0.,43.4602917410566,-26.7382495857811));
#10090=CARTESIAN_POINT('',(-2.,43.4602917410566,-53.4764991715623));
#10091=CARTESIAN_POINT('',(-2.,43.4602917410566,-53.5974124260911));
#10092=CARTESIAN_POINT('',(0.,43.4602917410566,-53.4764991715623));
#10093=CARTESIAN_POINT('Ctrl Pts',(0.,43.7260940140611,-54.581847648325));
#10094=CARTESIAN_POINT('Ctrl Pts',(-2.,43.7260940140611,-54.581847648325));
#10095=CARTESIAN_POINT('Ctrl Pts',(0.,43.5737439307537,-54.3646677423335));
#10096=CARTESIAN_POINT('Ctrl Pts',(-2.,43.5737439307537,-54.3646677423335));
#10097=CARTESIAN_POINT('Ctrl Pts',(0.,43.4602917410566,-53.8298217051903));
#10098=CARTESIAN_POINT('Ctrl Pts',(-2.,43.4602917410566,-53.8298217051903));
#10099=CARTESIAN_POINT('Ctrl Pts',(0.,43.4602917410566,-53.4764991715623));
#10100=CARTESIAN_POINT('Ctrl Pts',(-2.,43.4602917410566,-53.4764991715623));
#10101=CARTESIAN_POINT('',(0.,43.7260940140611,-54.581847648325));
#10102=CARTESIAN_POINT('Ctrl Pts',(0.,43.4602917410566,-53.4764991715623));
#10103=CARTESIAN_POINT('Ctrl Pts',(0.,43.4602917410566,-53.8298217051903));
#10104=CARTESIAN_POINT('Ctrl Pts',(0.,43.5737439307537,-54.3646677423335));
#10105=CARTESIAN_POINT('Ctrl Pts',(0.,43.7260940140611,-54.581847648325));
#10106=CARTESIAN_POINT('',(-2.,43.7260940140611,-54.581847648325));
#10107=CARTESIAN_POINT('Ctrl Pts',(-2.,43.4602917410566,-53.4764991715623));
#10108=CARTESIAN_POINT('Ctrl Pts',(-2.,43.4602917410566,-53.8298217051903));
#10109=CARTESIAN_POINT('Ctrl Pts',(-2.,43.5737439307537,-54.3646677423335));
#10110=CARTESIAN_POINT('Ctrl Pts',(-2.,43.7260940140611,-54.581847648325));
#10111=CARTESIAN_POINT('',(0.,43.7260940140611,-54.581847648325));
#10112=CARTESIAN_POINT('Ctrl Pts',(0.,45.0032415209365,-55.1393841234077));
#10113=CARTESIAN_POINT('Ctrl Pts',(-2.,45.0032415209365,-55.1393841234077));
#10114=CARTESIAN_POINT('Ctrl Pts',(0.,44.5364667976115,-55.1393841234077));
#10115=CARTESIAN_POINT('Ctrl Pts',(-2.,44.5364667976115,-55.1393841234077));
#10116=CARTESIAN_POINT('Ctrl Pts',(0.,43.9141004998448,-54.8606158858663));
#10117=CARTESIAN_POINT('Ctrl Pts',(-2.,43.9141004998448,-54.8606158858663));
#10118=CARTESIAN_POINT('Ctrl Pts',(0.,43.7260940140611,-54.581847648325));
#10119=CARTESIAN_POINT('Ctrl Pts',(-2.,43.7260940140611,-54.581847648325));
#10120=CARTESIAN_POINT('',(0.,45.0032415209365,-55.1393841234077));
#10121=CARTESIAN_POINT('Ctrl Pts',(0.,43.7260940140611,-54.581847648325));
#10122=CARTESIAN_POINT('Ctrl Pts',(0.,43.9141004998448,-54.8606158858663));
#10123=CARTESIAN_POINT('Ctrl Pts',(0.,44.5364667976115,-55.1393841234077));
#10124=CARTESIAN_POINT('Ctrl Pts',(0.,45.0032415209365,-55.1393841234077));
#10125=CARTESIAN_POINT('',(-2.,45.0032415209365,-55.1393841234077));
#10126=CARTESIAN_POINT('Ctrl Pts',(-2.,43.7260940140611,-54.581847648325));
#10127=CARTESIAN_POINT('Ctrl Pts',(-2.,43.9141004998448,-54.8606158858663));
#10128=CARTESIAN_POINT('Ctrl Pts',(-2.,44.5364667976115,-55.1393841234077));
#10129=CARTESIAN_POINT('Ctrl Pts',(-2.,45.0032415209365,-55.1393841234077));
#10130=CARTESIAN_POINT('',(0.,45.0032415209365,-55.1393841234077));
#10131=CARTESIAN_POINT('Ctrl Pts',(0.,46.2998379746171,-54.533225281312));
#10132=CARTESIAN_POINT('Ctrl Pts',(-2.,46.2998379746171,-54.533225281312));
#10133=CARTESIAN_POINT('Ctrl Pts',(0.,46.1150729799676,-54.8346839567927));
#10134=CARTESIAN_POINT('Ctrl Pts',(-2.,46.1150729799676,-54.8346839567927));
#10135=CARTESIAN_POINT('Ctrl Pts',(0.,45.4635332619931,-55.1393841234077));
#10136=CARTESIAN_POINT('Ctrl Pts',(-2.,45.4635332619931,-55.1393841234077));
#10137=CARTESIAN_POINT('Ctrl Pts',(0.,45.0032415209365,-55.1393841234077));
#10138=CARTESIAN_POINT('Ctrl Pts',(-2.,45.0032415209365,-55.1393841234077));
#10139=CARTESIAN_POINT('Ctrl Pts',(0.,45.0032415209365,-55.1393841234077));
#10140=CARTESIAN_POINT('Ctrl Pts',(0.,45.4635332619931,-55.1393841234077));
#10141=CARTESIAN_POINT('Ctrl Pts',(0.,46.1150729799676,-54.8346839567927));
#10142=CARTESIAN_POINT('Ctrl Pts',(0.,46.2998379746171,-54.533225281312));
#10143=CARTESIAN_POINT('Ctrl Pts',(-2.,45.0032415209365,-55.1393841234077));
#10144=CARTESIAN_POINT('Ctrl Pts',(-2.,45.4635332619931,-55.1393841234077));
#10145=CARTESIAN_POINT('Ctrl Pts',(-2.,46.1150729799676,-54.8346839567927));
#10146=CARTESIAN_POINT('Ctrl Pts',(-2.,46.2998379746171,-54.533225281312));
#10147=CARTESIAN_POINT('Ctrl Pts',(0.,46.6823339284529,-54.8833063238057));
#10148=CARTESIAN_POINT('Ctrl Pts',(-2.,46.6823339284529,-54.8833063238057));
#10149=CARTESIAN_POINT('Ctrl Pts',(0.,46.426256128851,-55.2690437687757));
#10150=CARTESIAN_POINT('Ctrl Pts',(-2.,46.426256128851,-55.2690437687757));
#10151=CARTESIAN_POINT('Ctrl Pts',(0.,45.5802269428244,-55.6936791073561));
#10152=CARTESIAN_POINT('Ctrl Pts',(-2.,45.5802269428244,-55.6936791073561));
#10153=CARTESIAN_POINT('Ctrl Pts',(0.,44.9967585386681,-55.6936791073561));
#10154=CARTESIAN_POINT('Ctrl Pts',(-2.,44.9967585386681,-55.6936791073561));
#10155=CARTESIAN_POINT('',(0.,46.6823339284529,-54.8833063238057));
#10156=CARTESIAN_POINT('',(0.,44.9967585386681,-55.6936791073561));
#10157=CARTESIAN_POINT('Ctrl Pts',(0.,46.6823339284529,-54.8833063238057));
#10158=CARTESIAN_POINT('Ctrl Pts',(0.,46.426256128851,-55.2690437687757));
#10159=CARTESIAN_POINT('Ctrl Pts',(0.,45.5802269428244,-55.6936791073561));
#10160=CARTESIAN_POINT('Ctrl Pts',(0.,44.9967585386681,-55.6936791073561));
#10161=CARTESIAN_POINT('',(-2.,46.6823339284529,-54.8833063238057));
#10162=CARTESIAN_POINT('',(0.,46.6823339284529,-54.8833063238057));
#10163=CARTESIAN_POINT('',(-2.,44.9967585386681,-55.6936791073561));
#10164=CARTESIAN_POINT('Ctrl Pts',(-2.,46.6823339284529,-54.8833063238057));
#10165=CARTESIAN_POINT('Ctrl Pts',(-2.,46.426256128851,-55.2690437687757));
#10166=CARTESIAN_POINT('Ctrl Pts',(-2.,45.5802269428244,-55.6936791073561));
#10167=CARTESIAN_POINT('Ctrl Pts',(-2.,44.9967585386681,-55.6936791073561));
#10168=CARTESIAN_POINT('',(0.,44.9967585386681,-55.6936791073561));
#10169=CARTESIAN_POINT('Ctrl Pts',(0.,47.0000000596046,-53.4505672424887));
#10170=CARTESIAN_POINT('Ctrl Pts',(-2.,47.0000000596046,-53.4505672424887));
#10171=CARTESIAN_POINT('Ctrl Pts',(0.,47.0000000596046,-54.0145866998397));
#10172=CARTESIAN_POINT('Ctrl Pts',(-2.,47.0000000596046,-54.0145866998397));
#10173=CARTESIAN_POINT('Ctrl Pts',(0.,46.8314425206262,-54.6564019444116));
#10174=CARTESIAN_POINT('Ctrl Pts',(-2.,46.8314425206262,-54.6564019444116));
#10175=CARTESIAN_POINT('Ctrl Pts',(0.,46.6823339284529,-54.8833063238057));
#10176=CARTESIAN_POINT('Ctrl Pts',(-2.,46.6823339284529,-54.8833063238057));
#10177=CARTESIAN_POINT('',(0.,47.0000000596046,-53.4505672424887));
#10178=CARTESIAN_POINT('Ctrl Pts',(0.,47.0000000596046,-53.4505672424887));
#10179=CARTESIAN_POINT('Ctrl Pts',(0.,47.0000000596046,-54.0145866998397));
#10180=CARTESIAN_POINT('Ctrl Pts',(0.,46.8314425206262,-54.6564019444116));
#10181=CARTESIAN_POINT('Ctrl Pts',(0.,46.6823339284529,-54.8833063238057));
#10182=CARTESIAN_POINT('',(-2.,47.0000000596046,-53.4505672424887));
#10183=CARTESIAN_POINT('',(0.,47.0000000596046,-53.4505672424887));
#10184=CARTESIAN_POINT('Ctrl Pts',(-2.,47.0000000596046,-53.4505672424887));
#10185=CARTESIAN_POINT('Ctrl Pts',(-2.,47.0000000596046,-54.0145866998397));
#10186=CARTESIAN_POINT('Ctrl Pts',(-2.,46.8314425206262,-54.6564019444116));
#10187=CARTESIAN_POINT('Ctrl Pts',(-2.,46.6823339284529,-54.8833063238057));
#10188=CARTESIAN_POINT('Origin',(0.,47.0000000596046,-52.5397082337781));
#10189=CARTESIAN_POINT('',(0.,47.0000000596046,-52.5397082337781));
#10190=CARTESIAN_POINT('',(0.,47.0000000596046,-26.269854116889));
#10191=CARTESIAN_POINT('',(-2.,47.0000000596046,-52.5397082337781));
#10192=CARTESIAN_POINT('',(0.,47.0000000596046,-52.5397082337781));
#10193=CARTESIAN_POINT('',(-2.,47.0000000596046,-52.5397082337781));
#10194=CARTESIAN_POINT('Origin',(0.,43.,-52.5397082337781));
#10195=CARTESIAN_POINT('',(0.,43.,-52.5397082337781));
#10196=CARTESIAN_POINT('',(0.,21.5,-52.5397082337781));
#10197=CARTESIAN_POINT('',(-2.,43.,-52.5397082337781));
#10198=CARTESIAN_POINT('',(0.,43.,-52.5397082337781));
#10199=CARTESIAN_POINT('',(-2.,43.,-52.5397082337781));
#10200=CARTESIAN_POINT('Origin',(0.,43.,-53.4602917158913));
#10201=CARTESIAN_POINT('',(0.,43.,-53.4602917158913));
#10202=CARTESIAN_POINT('',(0.,43.,-26.7301458579456));
#10203=CARTESIAN_POINT('',(-2.,43.,-53.4602917158913));
#10204=CARTESIAN_POINT('',(0.,43.,-53.4602917158913));
#10205=CARTESIAN_POINT('',(-2.,43.,-53.4602917158913));
#10206=CARTESIAN_POINT('Ctrl Pts',(0.,43.3209076222859,-54.8768233415373));
#10207=CARTESIAN_POINT('Ctrl Pts',(-2.,43.3209076222859,-54.8768233415373));
#10208=CARTESIAN_POINT('Ctrl Pts',(0.,43.1296596453681,-54.5721231749224));
#10209=CARTESIAN_POINT('Ctrl Pts',(-2.,43.1296596453681,-54.5721231749224));
#10210=CARTESIAN_POINT('Ctrl Pts',(0.,43.,-53.9465153860215));
#10211=CARTESIAN_POINT('Ctrl Pts',(-2.,43.,-53.9465153860215));
#10212=CARTESIAN_POINT('Ctrl Pts',(0.,43.,-53.4602917158913));
#10213=CARTESIAN_POINT('Ctrl Pts',(-2.,43.,-53.4602917158913));
#10214=CARTESIAN_POINT('',(0.,43.320907622286,-54.8768233415373));
#10215=CARTESIAN_POINT('Ctrl Pts',(0.,43.3209076222859,-54.8768233415373));
#10216=CARTESIAN_POINT('Ctrl Pts',(0.,43.1296596453681,-54.5721231749224));
#10217=CARTESIAN_POINT('Ctrl Pts',(0.,43.,-53.9465153860215));
#10218=CARTESIAN_POINT('Ctrl Pts',(0.,43.,-53.4602917158913));
#10219=CARTESIAN_POINT('',(-2.,43.320907622286,-54.8768233415373));
#10220=CARTESIAN_POINT('',(0.,43.320907622286,-54.8768233415373));
#10221=CARTESIAN_POINT('Ctrl Pts',(-2.,43.3209076222859,-54.8768233415373));
#10222=CARTESIAN_POINT('Ctrl Pts',(-2.,43.1296596453681,-54.5721231749224));
#10223=CARTESIAN_POINT('Ctrl Pts',(-2.,43.,-53.9465153860215));
#10224=CARTESIAN_POINT('Ctrl Pts',(-2.,43.,-53.4602917158913));
#10225=CARTESIAN_POINT('Ctrl Pts',(0.,44.9967585386681,-55.6936791073561));
#10226=CARTESIAN_POINT('Ctrl Pts',(-2.,44.9967585386681,-55.6936791073561));
#10227=CARTESIAN_POINT('Ctrl Pts',(0.,44.4489465369881,-55.6936791073561));
#10228=CARTESIAN_POINT('Ctrl Pts',(-2.,44.4489465369881,-55.6936791073561));
#10229=CARTESIAN_POINT('Ctrl Pts',(0.,43.5672609484852,-55.2495948219705));
#10230=CARTESIAN_POINT('Ctrl Pts',(-2.,43.5672609484852,-55.2495948219705));
#10231=CARTESIAN_POINT('Ctrl Pts',(0.,43.3209076222859,-54.8768233415373));
#10232=CARTESIAN_POINT('Ctrl Pts',(-2.,43.3209076222859,-54.8768233415373));
#10233=CARTESIAN_POINT('Ctrl Pts',(0.,44.9967585386681,-55.6936791073561));
#10234=CARTESIAN_POINT('Ctrl Pts',(0.,44.4489465369881,-55.6936791073561));
#10235=CARTESIAN_POINT('Ctrl Pts',(0.,43.5672609484852,-55.2495948219705));
#10236=CARTESIAN_POINT('Ctrl Pts',(0.,43.3209076222859,-54.8768233415373));
#10237=CARTESIAN_POINT('Ctrl Pts',(-2.,44.9967585386681,-55.6936791073561));
#10238=CARTESIAN_POINT('Ctrl Pts',(-2.,44.4489465369881,-55.6936791073561));
#10239=CARTESIAN_POINT('Ctrl Pts',(-2.,43.5672609484852,-55.2495948219705));
#10240=CARTESIAN_POINT('Ctrl Pts',(-2.,43.3209076222859,-54.8768233415373));
#10241=CARTESIAN_POINT('Origin',(-2.,45.0009090726553,-53.71832568062));
#10242=CARTESIAN_POINT('Ctrl Pts',(0.,46.6239870880373,-64.0008103459639));
#10243=CARTESIAN_POINT('Ctrl Pts',(-2.,46.6239870880373,-64.0008103459639));
#10244=CARTESIAN_POINT('Ctrl Pts',(0.,46.6239870880373,-64.2795785835052));
#10245=CARTESIAN_POINT('Ctrl Pts',(-2.,46.6239870880373,-64.2795785835052));
#10246=CARTESIAN_POINT('Ctrl Pts',(0.,46.4165316554484,-64.726904360025));
#10247=CARTESIAN_POINT('Ctrl Pts',(-2.,46.4165316554484,-64.726904360025));
#10248=CARTESIAN_POINT('Ctrl Pts',(0.,46.2090762228595,-64.8857374256009));
#10249=CARTESIAN_POINT('Ctrl Pts',(-2.,46.2090762228595,-64.8857374256009));
#10250=CARTESIAN_POINT('',(0.,46.2090762228595,-64.8857374256009));
#10251=CARTESIAN_POINT('',(0.,46.6239870880373,-64.0008103459639));
#10252=CARTESIAN_POINT('Ctrl Pts',(0.,46.2090762228595,-64.8857374256009));
#10253=CARTESIAN_POINT('Ctrl Pts',(0.,46.4165316554484,-64.726904360025));
#10254=CARTESIAN_POINT('Ctrl Pts',(0.,46.6239870880373,-64.2795785835052));
#10255=CARTESIAN_POINT('Ctrl Pts',(0.,46.6239870880373,-64.0008103459639));
#10256=CARTESIAN_POINT('',(-2.,46.2090762228595,-64.8857374256009));
#10257=CARTESIAN_POINT('',(0.,46.2090762228595,-64.8857374256009));
#10258=CARTESIAN_POINT('',(-2.,46.6239870880373,-64.0008103459639));
#10259=CARTESIAN_POINT('Ctrl Pts',(-2.,46.2090762228595,-64.8857374256009));
#10260=CARTESIAN_POINT('Ctrl Pts',(-2.,46.4165316554484,-64.726904360025));
#10261=CARTESIAN_POINT('Ctrl Pts',(-2.,46.6239870880373,-64.2795785835052));
#10262=CARTESIAN_POINT('Ctrl Pts',(-2.,46.6239870880373,-64.0008103459639));
#10263=CARTESIAN_POINT('',(0.,46.6239870880373,-64.0008103459639));
#10264=CARTESIAN_POINT('Ctrl Pts',(0.,46.2090762228595,-63.1126417751927));
#10265=CARTESIAN_POINT('Ctrl Pts',(-2.,46.2090762228595,-63.1126417751927));
#10266=CARTESIAN_POINT('Ctrl Pts',(0.,46.4230146377168,-63.2779578230369));
#10267=CARTESIAN_POINT('Ctrl Pts',(-2.,46.4230146377168,-63.2779578230369));
#10268=CARTESIAN_POINT('Ctrl Pts',(0.,46.6239870880373,-63.71231763502));
#10269=CARTESIAN_POINT('Ctrl Pts',(-2.,46.6239870880373,-63.71231763502));
#10270=CARTESIAN_POINT('Ctrl Pts',(0.,46.6239870880373,-64.0008103459639));
#10271=CARTESIAN_POINT('Ctrl Pts',(-2.,46.6239870880373,-64.0008103459639));
#10272=CARTESIAN_POINT('',(0.,46.2090762228595,-63.1126417751927));
#10273=CARTESIAN_POINT('Ctrl Pts',(0.,46.6239870880373,-64.0008103459639));
#10274=CARTESIAN_POINT('Ctrl Pts',(0.,46.6239870880373,-63.71231763502));
#10275=CARTESIAN_POINT('Ctrl Pts',(0.,46.4230146377168,-63.2779578230369));
#10276=CARTESIAN_POINT('Ctrl Pts',(0.,46.2090762228595,-63.1126417751927));
#10277=CARTESIAN_POINT('',(-2.,46.2090762228595,-63.1126417751927));
#10278=CARTESIAN_POINT('Ctrl Pts',(-2.,46.6239870880373,-64.0008103459639));
#10279=CARTESIAN_POINT('Ctrl Pts',(-2.,46.6239870880373,-63.71231763502));
#10280=CARTESIAN_POINT('Ctrl Pts',(-2.,46.4230146377168,-63.2779578230369));
#10281=CARTESIAN_POINT('Ctrl Pts',(-2.,46.2090762228595,-63.1126417751927));
#10282=CARTESIAN_POINT('',(0.,46.2090762228595,-63.1126417751927));
#10283=CARTESIAN_POINT('Ctrl Pts',(0.,44.9967585386681,-62.7852511706383));
#10284=CARTESIAN_POINT('Ctrl Pts',(-2.,44.9967585386681,-62.7852511706383));
#10285=CARTESIAN_POINT('Ctrl Pts',(0.,45.3857374747723,-62.7852511706383));
#10286=CARTESIAN_POINT('Ctrl Pts',(-2.,45.3857374747723,-62.7852511706383));
#10287=CARTESIAN_POINT('Ctrl Pts',(0.,46.0048622814048,-62.9538087096168));
#10288=CARTESIAN_POINT('Ctrl Pts',(-2.,46.0048622814048,-62.9538087096168));
#10289=CARTESIAN_POINT('Ctrl Pts',(0.,46.2090762228595,-63.1126417751927));
#10290=CARTESIAN_POINT('Ctrl Pts',(-2.,46.2090762228595,-63.1126417751927));
#10291=CARTESIAN_POINT('',(0.,44.9967585386681,-62.7852511706383));
#10292=CARTESIAN_POINT('Ctrl Pts',(0.,46.2090762228595,-63.1126417751927));
#10293=CARTESIAN_POINT('Ctrl Pts',(0.,46.0048622814048,-62.9538087096168));
#10294=CARTESIAN_POINT('Ctrl Pts',(0.,45.3857374747723,-62.7852511706383));
#10295=CARTESIAN_POINT('Ctrl Pts',(0.,44.9967585386681,-62.7852511706383));
#10296=CARTESIAN_POINT('',(-2.,44.9967585386681,-62.7852511706383));
#10297=CARTESIAN_POINT('Ctrl Pts',(-2.,46.2090762228595,-63.1126417751927));
#10298=CARTESIAN_POINT('Ctrl Pts',(-2.,46.0048622814048,-62.9538087096168));
#10299=CARTESIAN_POINT('Ctrl Pts',(-2.,45.3857374747723,-62.7852511706383));
#10300=CARTESIAN_POINT('Ctrl Pts',(-2.,44.9967585386681,-62.7852511706383));
#10301=CARTESIAN_POINT('',(0.,44.9967585386681,-62.7852511706383));
#10302=CARTESIAN_POINT('Ctrl Pts',(0.,43.369529989299,-64.0008103459639));
#10303=CARTESIAN_POINT('Ctrl Pts',(-2.,43.369529989299,-64.0008103459639));
#10304=CARTESIAN_POINT('Ctrl Pts',(0.,43.369529989299,-63.4465153620154));
#10305=CARTESIAN_POINT('Ctrl Pts',(-2.,43.369529989299,-63.4465153620154));
#10306=CARTESIAN_POINT('Ctrl Pts',(0.,44.2090761930572,-62.7852511706383));
#10307=CARTESIAN_POINT('Ctrl Pts',(-2.,44.2090761930572,-62.7852511706383));
#10308=CARTESIAN_POINT('Ctrl Pts',(0.,44.9967585386681,-62.7852511706383));
#10309=CARTESIAN_POINT('Ctrl Pts',(-2.,44.9967585386681,-62.7852511706383));
#10310=CARTESIAN_POINT('',(0.,43.369529989299,-64.0008103459639));
#10311=CARTESIAN_POINT('Ctrl Pts',(0.,44.9967585386681,-62.7852511706383));
#10312=CARTESIAN_POINT('Ctrl Pts',(0.,44.2090761930572,-62.7852511706383));
#10313=CARTESIAN_POINT('Ctrl Pts',(0.,43.369529989299,-63.4465153620154));
#10314=CARTESIAN_POINT('Ctrl Pts',(0.,43.369529989299,-64.0008103459639));
#10315=CARTESIAN_POINT('',(-2.,43.369529989299,-64.0008103459639));
#10316=CARTESIAN_POINT('Ctrl Pts',(-2.,44.9967585386681,-62.7852511706383));
#10317=CARTESIAN_POINT('Ctrl Pts',(-2.,44.2090761930572,-62.7852511706383));
#10318=CARTESIAN_POINT('Ctrl Pts',(-2.,43.369529989299,-63.4465153620154));
#10319=CARTESIAN_POINT('Ctrl Pts',(-2.,43.369529989299,-64.0008103459639));
#10320=CARTESIAN_POINT('',(0.,43.369529989299,-64.0008103459639));
#10321=CARTESIAN_POINT('Ctrl Pts',(0.,44.9967585386681,-65.2131280301552));
#10322=CARTESIAN_POINT('Ctrl Pts',(-2.,44.9967585386681,-65.2131280301552));
#10323=CARTESIAN_POINT('Ctrl Pts',(0.,44.2090761930572,-65.2131280301552));
#10324=CARTESIAN_POINT('Ctrl Pts',(-2.,44.2090761930572,-65.2131280301552));
#10325=CARTESIAN_POINT('Ctrl Pts',(0.,43.369529989299,-64.5551053299123));
#10326=CARTESIAN_POINT('Ctrl Pts',(-2.,43.369529989299,-64.5551053299123));
#10327=CARTESIAN_POINT('Ctrl Pts',(0.,43.369529989299,-64.0008103459639));
#10328=CARTESIAN_POINT('Ctrl Pts',(-2.,43.369529989299,-64.0008103459639));
#10329=CARTESIAN_POINT('',(0.,44.9967585386681,-65.2131280301552));
#10330=CARTESIAN_POINT('Ctrl Pts',(0.,43.369529989299,-64.0008103459639));
#10331=CARTESIAN_POINT('Ctrl Pts',(0.,43.369529989299,-64.5551053299123));
#10332=CARTESIAN_POINT('Ctrl Pts',(0.,44.2090761930572,-65.2131280301552));
#10333=CARTESIAN_POINT('Ctrl Pts',(0.,44.9967585386681,-65.2131280301552));
#10334=CARTESIAN_POINT('',(-2.,44.9967585386681,-65.2131280301552));
#10335=CARTESIAN_POINT('Ctrl Pts',(-2.,43.369529989299,-64.0008103459639));
#10336=CARTESIAN_POINT('Ctrl Pts',(-2.,43.369529989299,-64.5551053299123));
#10337=CARTESIAN_POINT('Ctrl Pts',(-2.,44.2090761930572,-65.2131280301552));
#10338=CARTESIAN_POINT('Ctrl Pts',(-2.,44.9967585386681,-65.2131280301552));
#10339=CARTESIAN_POINT('',(0.,44.9967585386681,-65.2131280301552));
#10340=CARTESIAN_POINT('Ctrl Pts',(0.,46.2090762228595,-64.8857374256009));
#10341=CARTESIAN_POINT('Ctrl Pts',(-2.,46.2090762228595,-64.8857374256009));
#10342=CARTESIAN_POINT('Ctrl Pts',(0.,46.008103772539,-65.0413290000426));
#10343=CARTESIAN_POINT('Ctrl Pts',(-2.,46.008103772539,-65.0413290000426));
#10344=CARTESIAN_POINT('Ctrl Pts',(0.,45.3954619481749,-65.2131280301552));
#10345=CARTESIAN_POINT('Ctrl Pts',(-2.,45.3954619481749,-65.2131280301552));
#10346=CARTESIAN_POINT('Ctrl Pts',(0.,44.9967585386681,-65.2131280301552));
#10347=CARTESIAN_POINT('Ctrl Pts',(-2.,44.9967585386681,-65.2131280301552));
#10348=CARTESIAN_POINT('Ctrl Pts',(0.,44.9967585386681,-65.2131280301552));
#10349=CARTESIAN_POINT('Ctrl Pts',(0.,45.3954619481749,-65.2131280301552));
#10350=CARTESIAN_POINT('Ctrl Pts',(0.,46.008103772539,-65.0413290000426));
#10351=CARTESIAN_POINT('Ctrl Pts',(0.,46.2090762228595,-64.8857374256009));
#10352=CARTESIAN_POINT('Ctrl Pts',(-2.,44.9967585386681,-65.2131280301552));
#10353=CARTESIAN_POINT('Ctrl Pts',(-2.,45.3954619481749,-65.2131280301552));
#10354=CARTESIAN_POINT('Ctrl Pts',(-2.,46.008103772539,-65.0413290000426));
#10355=CARTESIAN_POINT('Ctrl Pts',(-2.,46.2090762228595,-64.8857374256009));
#10356=CARTESIAN_POINT('Origin',(0.,42.5040518564672,-65.7803889786405));
#10357=CARTESIAN_POINT('',(0.,42.5040518564672,-65.7803889786405));
#10358=CARTESIAN_POINT('',(0.,42.0210696774711,-65.7803889786405));
#10359=CARTESIAN_POINT('',(0.,21.2520259282336,-65.7803889786405));
#10360=CARTESIAN_POINT('',(-2.,42.5040518564672,-65.7803889786405));
#10361=CARTESIAN_POINT('',(0.,42.5040518564672,-65.7803889786405));
#10362=CARTESIAN_POINT('',(-2.,42.0210696774711,-65.7803889786405));
#10363=CARTESIAN_POINT('',(-2.,42.5040518564672,-65.7803889786405));
#10364=CARTESIAN_POINT('',(0.,42.0210696774711,-65.7803889786405));
#10365=CARTESIAN_POINT('Origin',(0.,42.5040518564672,-65.7090761736881));
#10366=CARTESIAN_POINT('',(0.,42.5040518564672,-65.7090761736881));
#10367=CARTESIAN_POINT('',(0.,42.5040518564672,-32.854538086844));
#10368=CARTESIAN_POINT('',(-2.,42.5040518564672,-65.7090761736881));
#10369=CARTESIAN_POINT('',(0.,42.5040518564672,-65.7090761736881));
#10370=CARTESIAN_POINT('',(-2.,42.5040518564672,-65.7090761736881));
#10371=CARTESIAN_POINT('Ctrl Pts',(0.,42.4100486135753,-65.2455429414972));
#10372=CARTESIAN_POINT('Ctrl Pts',(-2.,42.4100486135753,-65.2455429414972));
#10373=CARTESIAN_POINT('Ctrl Pts',(0.,42.4100486135753,-65.3525121489259));
#10374=CARTESIAN_POINT('Ctrl Pts',(-2.,42.4100486135753,-65.3525121489259));
#10375=CARTESIAN_POINT('Ctrl Pts',(0.,42.4781199273935,-65.644246351004));
#10376=CARTESIAN_POINT('Ctrl Pts',(-2.,42.4781199273935,-65.644246351004));
#10377=CARTESIAN_POINT('Ctrl Pts',(0.,42.5040518564672,-65.7090761736881));
#10378=CARTESIAN_POINT('Ctrl Pts',(-2.,42.5040518564672,-65.7090761736881));
#10379=CARTESIAN_POINT('',(0.,42.4100486135753,-65.2455429414973));
#10380=CARTESIAN_POINT('Ctrl Pts',(0.,42.4100486135753,-65.2455429414972));
#10381=CARTESIAN_POINT('Ctrl Pts',(0.,42.4100486135753,-65.3525121489259));
#10382=CARTESIAN_POINT('Ctrl Pts',(0.,42.4781199273935,-65.644246351004));
#10383=CARTESIAN_POINT('Ctrl Pts',(0.,42.5040518564672,-65.7090761736881));
#10384=CARTESIAN_POINT('',(-2.,42.4100486135753,-65.2455429414973));
#10385=CARTESIAN_POINT('',(0.,42.4100486135753,-65.2455429414973));
#10386=CARTESIAN_POINT('Ctrl Pts',(-2.,42.4100486135753,-65.2455429414972));
#10387=CARTESIAN_POINT('Ctrl Pts',(-2.,42.4100486135753,-65.3525121489259));
#10388=CARTESIAN_POINT('Ctrl Pts',(-2.,42.4781199273935,-65.644246351004));
#10389=CARTESIAN_POINT('Ctrl Pts',(-2.,42.5040518564672,-65.7090761736881));
#10390=CARTESIAN_POINT('Ctrl Pts',(0.,42.5721231702854,-64.7852512004407));
#10391=CARTESIAN_POINT('Ctrl Pts',(-2.,42.5721231702854,-64.7852512004407));
#10392=CARTESIAN_POINT('Ctrl Pts',(0.,42.4878444007961,-64.8598054965273));
#10393=CARTESIAN_POINT('Ctrl Pts',(-2.,42.4878444007961,-64.8598054965273));
#10394=CARTESIAN_POINT('Ctrl Pts',(0.,42.4100486135753,-65.064019437982));
#10395=CARTESIAN_POINT('Ctrl Pts',(-2.,42.4100486135753,-65.064019437982));
#10396=CARTESIAN_POINT('Ctrl Pts',(0.,42.4100486135753,-65.2455429414972));
#10397=CARTESIAN_POINT('Ctrl Pts',(-2.,42.4100486135753,-65.2455429414972));
#10398=CARTESIAN_POINT('',(0.,42.5721231702854,-64.7852512004407));
#10399=CARTESIAN_POINT('Ctrl Pts',(0.,42.5721231702854,-64.7852512004407));
#10400=CARTESIAN_POINT('Ctrl Pts',(0.,42.4878444007961,-64.8598054965273));
#10401=CARTESIAN_POINT('Ctrl Pts',(0.,42.4100486135753,-65.064019437982));
#10402=CARTESIAN_POINT('Ctrl Pts',(0.,42.4100486135753,-65.2455429414972));
#10403=CARTESIAN_POINT('',(-2.,42.5721231702854,-64.7852512004407));
#10404=CARTESIAN_POINT('',(0.,42.5721231702854,-64.7852512004407));
#10405=CARTESIAN_POINT('Ctrl Pts',(-2.,42.5721231702854,-64.7852512004407));
#10406=CARTESIAN_POINT('Ctrl Pts',(-2.,42.4878444007961,-64.8598054965273));
#10407=CARTESIAN_POINT('Ctrl Pts',(-2.,42.4100486135753,-65.064019437982));
#10408=CARTESIAN_POINT('Ctrl Pts',(-2.,42.4100486135753,-65.2455429414972));
#10409=CARTESIAN_POINT('Ctrl Pts',(0.,43.0291734202078,-64.6329011171332));
#10410=CARTESIAN_POINT('Ctrl Pts',(-2.,43.0291734202078,-64.6329011171332));
#10411=CARTESIAN_POINT('Ctrl Pts',(0.,42.8800648280345,-64.64586708167));
#10412=CARTESIAN_POINT('Ctrl Pts',(-2.,42.8800648280345,-64.64586708167));
#10413=CARTESIAN_POINT('Ctrl Pts',(0.,42.6401944841036,-64.7236628688908));
#10414=CARTESIAN_POINT('Ctrl Pts',(-2.,42.6401944841036,-64.7236628688908));
#10415=CARTESIAN_POINT('Ctrl Pts',(0.,42.5721231702854,-64.7852512004407));
#10416=CARTESIAN_POINT('Ctrl Pts',(-2.,42.5721231702854,-64.7852512004407));
#10417=CARTESIAN_POINT('',(0.,43.0291734202078,-64.6329011171332));
#10418=CARTESIAN_POINT('Ctrl Pts',(0.,43.0291734202078,-64.6329011171332));
#10419=CARTESIAN_POINT('Ctrl Pts',(0.,42.8800648280345,-64.64586708167));
#10420=CARTESIAN_POINT('Ctrl Pts',(0.,42.6401944841036,-64.7236628688908));
#10421=CARTESIAN_POINT('Ctrl Pts',(0.,42.5721231702854,-64.7852512004407));
#10422=CARTESIAN_POINT('',(-2.,43.0291734202078,-64.6329011171332));
#10423=CARTESIAN_POINT('',(0.,43.0291734202078,-64.6329011171332));
#10424=CARTESIAN_POINT('Ctrl Pts',(-2.,43.0291734202078,-64.6329011171332));
#10425=CARTESIAN_POINT('Ctrl Pts',(-2.,42.8800648280345,-64.64586708167));
#10426=CARTESIAN_POINT('Ctrl Pts',(-2.,42.6401944841036,-64.7236628688908));
#10427=CARTESIAN_POINT('Ctrl Pts',(-2.,42.5721231702854,-64.7852512004407));
#10428=CARTESIAN_POINT('Ctrl Pts',(0.,44.9967585386681,-65.7674230141037));
#10429=CARTESIAN_POINT('Ctrl Pts',(-2.,44.9967585386681,-65.7674230141037));
#10430=CARTESIAN_POINT('Ctrl Pts',(0.,44.2188006664597,-65.7674230141037));
#10431=CARTESIAN_POINT('Ctrl Pts',(-2.,44.2188006664597,-65.7674230141037));
#10432=CARTESIAN_POINT('Ctrl Pts',(0.,43.2074554325889,-65.161264172008));
#10433=CARTESIAN_POINT('Ctrl Pts',(-2.,43.2074554325889,-65.161264172008));
#10434=CARTESIAN_POINT('Ctrl Pts',(0.,43.0291734202078,-64.6329011171332));
#10435=CARTESIAN_POINT('Ctrl Pts',(-2.,43.0291734202078,-64.6329011171332));
#10436=CARTESIAN_POINT('',(0.,44.9967585386681,-65.7674230141037));
#10437=CARTESIAN_POINT('Ctrl Pts',(0.,44.9967585386681,-65.7674230141037));
#10438=CARTESIAN_POINT('Ctrl Pts',(0.,44.2188006664597,-65.7674230141037));
#10439=CARTESIAN_POINT('Ctrl Pts',(0.,43.2074554325889,-65.161264172008));
#10440=CARTESIAN_POINT('Ctrl Pts',(0.,43.0291734202078,-64.6329011171332));
#10441=CARTESIAN_POINT('',(-2.,44.9967585386681,-65.7674230141037));
#10442=CARTESIAN_POINT('',(0.,44.9967585386681,-65.7674230141037));
#10443=CARTESIAN_POINT('Ctrl Pts',(-2.,44.9967585386681,-65.7674230141037));
#10444=CARTESIAN_POINT('Ctrl Pts',(-2.,44.2188006664597,-65.7674230141037));
#10445=CARTESIAN_POINT('Ctrl Pts',(-2.,43.2074554325889,-65.161264172008));
#10446=CARTESIAN_POINT('Ctrl Pts',(-2.,43.0291734202078,-64.6329011171332));
#10447=CARTESIAN_POINT('Ctrl Pts',(0.,46.539708318548,-65.2876823262419));
#10448=CARTESIAN_POINT('Ctrl Pts',(-2.,46.539708318548,-65.2876823262419));
#10449=CARTESIAN_POINT('Ctrl Pts',(0.,46.2771475366777,-65.514586705636));
#10450=CARTESIAN_POINT('Ctrl Pts',(-2.,46.2771475366777,-65.514586705636));
#10451=CARTESIAN_POINT('Ctrl Pts',(0.,45.4959481733351,-65.7674230141037));
#10452=CARTESIAN_POINT('Ctrl Pts',(-2.,45.4959481733351,-65.7674230141037));
#10453=CARTESIAN_POINT('Ctrl Pts',(0.,44.9967585386681,-65.7674230141037));
#10454=CARTESIAN_POINT('Ctrl Pts',(-2.,44.9967585386681,-65.7674230141037));
#10455=CARTESIAN_POINT('',(0.,46.539708318548,-65.2876823262419));
#10456=CARTESIAN_POINT('Ctrl Pts',(0.,46.539708318548,-65.2876823262419));
#10457=CARTESIAN_POINT('Ctrl Pts',(0.,46.2771475366777,-65.514586705636));
#10458=CARTESIAN_POINT('Ctrl Pts',(0.,45.4959481733351,-65.7674230141037));
#10459=CARTESIAN_POINT('Ctrl Pts',(0.,44.9967585386681,-65.7674230141037));
#10460=CARTESIAN_POINT('',(-2.,46.539708318548,-65.2876823262419));
#10461=CARTESIAN_POINT('',(0.,46.539708318548,-65.2876823262419));
#10462=CARTESIAN_POINT('Ctrl Pts',(-2.,46.539708318548,-65.2876823262419));
#10463=CARTESIAN_POINT('Ctrl Pts',(-2.,46.2771475366777,-65.514586705636));
#10464=CARTESIAN_POINT('Ctrl Pts',(-2.,45.4959481733351,-65.7674230141037));
#10465=CARTESIAN_POINT('Ctrl Pts',(-2.,44.9967585386681,-65.7674230141037));
#10466=CARTESIAN_POINT('Ctrl Pts',(0.,47.0842788290939,-63.9975688548297));
#10467=CARTESIAN_POINT('Ctrl Pts',(-2.,47.0842788290939,-63.9975688548297));
#10468=CARTESIAN_POINT('Ctrl Pts',(0.,47.0842788290939,-64.4059967377391));
#10469=CARTESIAN_POINT('Ctrl Pts',(-2.,47.0842788290939,-64.4059967377391));
#10470=CARTESIAN_POINT('Ctrl Pts',(0.,46.7990276092841,-65.0607779468478));
#10471=CARTESIAN_POINT('Ctrl Pts',(-2.,46.7990276092841,-65.0607779468478));
#10472=CARTESIAN_POINT('Ctrl Pts',(0.,46.539708318548,-65.2876823262419));
#10473=CARTESIAN_POINT('Ctrl Pts',(-2.,46.539708318548,-65.2876823262419));
#10474=CARTESIAN_POINT('',(0.,47.0842788290939,-63.9975688548297));
#10475=CARTESIAN_POINT('Ctrl Pts',(0.,47.0842788290939,-63.9975688548297));
#10476=CARTESIAN_POINT('Ctrl Pts',(0.,47.0842788290939,-64.4059967377391));
#10477=CARTESIAN_POINT('Ctrl Pts',(0.,46.7990276092841,-65.0607779468478));
#10478=CARTESIAN_POINT('Ctrl Pts',(0.,46.539708318548,-65.2876823262419));
#10479=CARTESIAN_POINT('',(-2.,47.0842788290939,-63.9975688548297));
#10480=CARTESIAN_POINT('',(0.,47.0842788290939,-63.9975688548297));
#10481=CARTESIAN_POINT('Ctrl Pts',(-2.,47.0842788290939,-63.9975688548297));
#10482=CARTESIAN_POINT('Ctrl Pts',(-2.,47.0842788290939,-64.4059967377391));
#10483=CARTESIAN_POINT('Ctrl Pts',(-2.,46.7990276092841,-65.0607779468478));
#10484=CARTESIAN_POINT('Ctrl Pts',(-2.,46.539708318548,-65.2876823262419));
#10485=CARTESIAN_POINT('Ctrl Pts',(0.,46.539708318548,-62.7106968745517));
#10486=CARTESIAN_POINT('Ctrl Pts',(-2.,46.539708318548,-62.7106968745517));
#10487=CARTESIAN_POINT('Ctrl Pts',(0.,46.8087520826867,-62.9440842362142));
#10488=CARTESIAN_POINT('Ctrl Pts',(-2.,46.8087520826867,-62.9440842362142));
#10489=CARTESIAN_POINT('Ctrl Pts',(0.,47.0842788290939,-63.5956239541887));
#10490=CARTESIAN_POINT('Ctrl Pts',(-2.,47.0842788290939,-63.5956239541887));
#10491=CARTESIAN_POINT('Ctrl Pts',(0.,47.0842788290939,-63.9975688548297));
#10492=CARTESIAN_POINT('Ctrl Pts',(-2.,47.0842788290939,-63.9975688548297));
#10493=CARTESIAN_POINT('',(0.,46.539708318548,-62.7106968745517));
#10494=CARTESIAN_POINT('Ctrl Pts',(0.,46.539708318548,-62.7106968745517));
#10495=CARTESIAN_POINT('Ctrl Pts',(0.,46.8087520826867,-62.9440842362142));
#10496=CARTESIAN_POINT('Ctrl Pts',(0.,47.0842788290939,-63.5956239541887));
#10497=CARTESIAN_POINT('Ctrl Pts',(0.,47.0842788290939,-63.9975688548297));
#10498=CARTESIAN_POINT('',(-2.,46.539708318548,-62.7106968745517));
#10499=CARTESIAN_POINT('',(0.,46.539708318548,-62.7106968745517));
#10500=CARTESIAN_POINT('Ctrl Pts',(-2.,46.539708318548,-62.7106968745517));
#10501=CARTESIAN_POINT('Ctrl Pts',(-2.,46.8087520826867,-62.9440842362142));
#10502=CARTESIAN_POINT('Ctrl Pts',(-2.,47.0842788290939,-63.5956239541887));
#10503=CARTESIAN_POINT('Ctrl Pts',(-2.,47.0842788290939,-63.9975688548297));
#10504=CARTESIAN_POINT('Ctrl Pts',(0.,44.9967585386681,-62.2309561866899));
#10505=CARTESIAN_POINT('Ctrl Pts',(-2.,44.9967585386681,-62.2309561866899));
#10506=CARTESIAN_POINT('Ctrl Pts',(0.,45.5024311556035,-62.2309561866899));
#10507=CARTESIAN_POINT('Ctrl Pts',(-2.,45.5024311556035,-62.2309561866899));
#10508=CARTESIAN_POINT('Ctrl Pts',(0.,46.2674230632751,-62.4805510040234));
#10509=CARTESIAN_POINT('Ctrl Pts',(-2.,46.2674230632751,-62.4805510040234));
#10510=CARTESIAN_POINT('Ctrl Pts',(0.,46.539708318548,-62.7106968745517));
#10511=CARTESIAN_POINT('Ctrl Pts',(-2.,46.539708318548,-62.7106968745517));
#10512=CARTESIAN_POINT('',(0.,44.9967585386681,-62.2309561866899));
#10513=CARTESIAN_POINT('Ctrl Pts',(0.,44.9967585386681,-62.2309561866899));
#10514=CARTESIAN_POINT('Ctrl Pts',(0.,45.5024311556035,-62.2309561866899));
#10515=CARTESIAN_POINT('Ctrl Pts',(0.,46.2674230632751,-62.4805510040234));
#10516=CARTESIAN_POINT('Ctrl Pts',(0.,46.539708318548,-62.7106968745517));
#10517=CARTESIAN_POINT('',(-2.,44.9967585386681,-62.2309561866899));
#10518=CARTESIAN_POINT('',(0.,44.9967585386681,-62.2309561866899));
#10519=CARTESIAN_POINT('Ctrl Pts',(-2.,44.9967585386681,-62.2309561866899));
#10520=CARTESIAN_POINT('Ctrl Pts',(-2.,45.5024311556035,-62.2309561866899));
#10521=CARTESIAN_POINT('Ctrl Pts',(-2.,46.2674230632751,-62.4805510040234));
#10522=CARTESIAN_POINT('Ctrl Pts',(-2.,46.539708318548,-62.7106968745517));
#10523=CARTESIAN_POINT('Ctrl Pts',(0.,43.4602917410566,-62.7074553834175));
#10524=CARTESIAN_POINT('Ctrl Pts',(-2.,43.4602917410566,-62.7074553834175));
#10525=CARTESIAN_POINT('Ctrl Pts',(0.,43.7260940140611,-62.4773095128892));
#10526=CARTESIAN_POINT('Ctrl Pts',(-2.,43.7260940140611,-62.4773095128892));
#10527=CARTESIAN_POINT('Ctrl Pts',(0.,44.5040518862695,-62.2309561866899));
#10528=CARTESIAN_POINT('Ctrl Pts',(-2.,44.5040518862695,-62.2309561866899));
#10529=CARTESIAN_POINT('Ctrl Pts',(0.,44.9967585386681,-62.2309561866899));
#10530=CARTESIAN_POINT('Ctrl Pts',(-2.,44.9967585386681,-62.2309561866899));
#10531=CARTESIAN_POINT('',(0.,43.4602917410566,-62.7074553834175));
#10532=CARTESIAN_POINT('Ctrl Pts',(0.,43.4602917410566,-62.7074553834175));
#10533=CARTESIAN_POINT('Ctrl Pts',(0.,43.7260940140611,-62.4773095128892));
#10534=CARTESIAN_POINT('Ctrl Pts',(0.,44.5040518862695,-62.2309561866899));
#10535=CARTESIAN_POINT('Ctrl Pts',(0.,44.9967585386681,-62.2309561866899));
#10536=CARTESIAN_POINT('',(-2.,43.4602917410566,-62.7074553834175));
#10537=CARTESIAN_POINT('',(0.,43.4602917410566,-62.7074553834175));
#10538=CARTESIAN_POINT('Ctrl Pts',(-2.,43.4602917410566,-62.7074553834175));
#10539=CARTESIAN_POINT('Ctrl Pts',(-2.,43.7260940140611,-62.4773095128892));
#10540=CARTESIAN_POINT('Ctrl Pts',(-2.,44.5040518862695,-62.2309561866899));
#10541=CARTESIAN_POINT('Ctrl Pts',(-2.,44.9967585386681,-62.2309561866899));
#10542=CARTESIAN_POINT('Ctrl Pts',(0.,42.9157212305107,-63.9975688548297));
#10543=CARTESIAN_POINT('Ctrl Pts',(-2.,42.9157212305107,-63.9975688548297));
#10544=CARTESIAN_POINT('Ctrl Pts',(0.,42.9157212305107,-63.5923824630545));
#10545=CARTESIAN_POINT('Ctrl Pts',(-2.,42.9157212305107,-63.5923824630545));
#10546=CARTESIAN_POINT('Ctrl Pts',(0.,43.1912479769179,-62.94084274508));
#10547=CARTESIAN_POINT('Ctrl Pts',(-2.,43.1912479769179,-62.94084274508));
#10548=CARTESIAN_POINT('Ctrl Pts',(0.,43.4602917410566,-62.7074553834175));
#10549=CARTESIAN_POINT('Ctrl Pts',(-2.,43.4602917410566,-62.7074553834175));
#10550=CARTESIAN_POINT('',(0.,42.9157212305107,-63.9975688548297));
#10551=CARTESIAN_POINT('Ctrl Pts',(0.,42.9157212305107,-63.9975688548297));
#10552=CARTESIAN_POINT('Ctrl Pts',(0.,42.9157212305107,-63.5923824630545));
#10553=CARTESIAN_POINT('Ctrl Pts',(0.,43.1912479769179,-62.94084274508));
#10554=CARTESIAN_POINT('Ctrl Pts',(0.,43.4602917410566,-62.7074553834175));
#10555=CARTESIAN_POINT('',(-2.,42.9157212305107,-63.9975688548297));
#10556=CARTESIAN_POINT('',(0.,42.9157212305107,-63.9975688548297));
#10557=CARTESIAN_POINT('Ctrl Pts',(-2.,42.9157212305107,-63.9975688548297));
#10558=CARTESIAN_POINT('Ctrl Pts',(-2.,42.9157212305107,-63.5923824630545));
#10559=CARTESIAN_POINT('Ctrl Pts',(-2.,43.1912479769179,-62.94084274508));
#10560=CARTESIAN_POINT('Ctrl Pts',(-2.,43.4602917410566,-62.7074553834175));
#10561=CARTESIAN_POINT('Origin',(0.,42.9157212305107,-64.1207455179293));
#10562=CARTESIAN_POINT('',(0.,42.9157212305107,-64.1207455179293));
#10563=CARTESIAN_POINT('',(0.,42.9157212305107,-32.0603727589647));
#10564=CARTESIAN_POINT('',(-2.,42.9157212305107,-64.1207455179293));
#10565=CARTESIAN_POINT('',(0.,42.9157212305107,-64.1207455179293));
#10566=CARTESIAN_POINT('Ctrl Pts',(-2.,42.9157212305107,-64.1207455179293));
#10567=CARTESIAN_POINT('Ctrl Pts',(-2.,42.9157212305107,-64.0850891154531));
#10568=CARTESIAN_POINT('Ctrl Pts',(-2.,42.9157212305107,-64.0235007839033));
#10569=CARTESIAN_POINT('Ctrl Pts',(-2.,42.9157212305107,-63.9975688548297));
#10570=CARTESIAN_POINT('Ctrl Pts',(0.,41.9465153813845,-65.1580226808738));
#10571=CARTESIAN_POINT('Ctrl Pts',(-2.,41.9465153813845,-65.1580226808738));
#10572=CARTESIAN_POINT('Ctrl Pts',(0.,41.9465153813845,-64.7074554132198));
#10573=CARTESIAN_POINT('Ctrl Pts',(-2.,41.9465153813845,-64.7074554132198));
#10574=CARTESIAN_POINT('Ctrl Pts',(0.,42.4489465071857,-64.1466774470029));
#10575=CARTESIAN_POINT('Ctrl Pts',(-2.,42.4489465071857,-64.1466774470029));
#10576=CARTESIAN_POINT('Ctrl Pts',(0.,42.9157212305107,-64.1207455179293));
#10577=CARTESIAN_POINT('Ctrl Pts',(-2.,42.9157212305107,-64.1207455179293));
#10578=CARTESIAN_POINT('',(0.,41.9465153813845,-65.1580226808738));
#10579=CARTESIAN_POINT('Ctrl Pts',(0.,41.9465153813845,-65.1580226808738));
#10580=CARTESIAN_POINT('Ctrl Pts',(0.,41.9465153813845,-64.7074554132198));
#10581=CARTESIAN_POINT('Ctrl Pts',(0.,42.4489465071857,-64.1466774470029));
#10582=CARTESIAN_POINT('Ctrl Pts',(0.,42.9157212305107,-64.1207455179293));
#10583=CARTESIAN_POINT('',(-2.,41.9465153813845,-65.1580226808738));
#10584=CARTESIAN_POINT('',(0.,41.9465153813845,-65.1580226808738));
#10585=CARTESIAN_POINT('Ctrl Pts',(-2.,41.9465153813845,-65.1580226808738));
#10586=CARTESIAN_POINT('Ctrl Pts',(-2.,41.9465153813845,-64.7074554132198));
#10587=CARTESIAN_POINT('Ctrl Pts',(-2.,42.4489465071857,-64.1466774470029));
#10588=CARTESIAN_POINT('Ctrl Pts',(-2.,42.9157212305107,-64.1207455179293));
#10589=CARTESIAN_POINT('Ctrl Pts',(0.,42.0210696774711,-65.7803889786405));
#10590=CARTESIAN_POINT('Ctrl Pts',(-2.,42.0210696774711,-65.7803889786405));
#10591=CARTESIAN_POINT('Ctrl Pts',(0.,41.9854132749949,-65.6345218776014));
#10592=CARTESIAN_POINT('Ctrl Pts',(-2.,41.9854132749949,-65.6345218776014));
#10593=CARTESIAN_POINT('Ctrl Pts',(0.,41.9465153813845,-65.3168557464497));
#10594=CARTESIAN_POINT('Ctrl Pts',(-2.,41.9465153813845,-65.3168557464497));
#10595=CARTESIAN_POINT('Ctrl Pts',(0.,41.9465153813845,-65.1580226808738));
#10596=CARTESIAN_POINT('Ctrl Pts',(-2.,41.9465153813845,-65.1580226808738));
#10597=CARTESIAN_POINT('Ctrl Pts',(0.,42.0210696774711,-65.7803889786405));
#10598=CARTESIAN_POINT('Ctrl Pts',(0.,41.9854132749949,-65.6345218776014));
#10599=CARTESIAN_POINT('Ctrl Pts',(0.,41.9465153813845,-65.3168557464497));
#10600=CARTESIAN_POINT('Ctrl Pts',(0.,41.9465153813845,-65.1580226808738));
#10601=CARTESIAN_POINT('Ctrl Pts',(-2.,42.0210696774711,-65.7803889786405));
#10602=CARTESIAN_POINT('Ctrl Pts',(-2.,41.9854132749949,-65.6345218776014));
#10603=CARTESIAN_POINT('Ctrl Pts',(-2.,41.9465153813845,-65.3168557464497));
#10604=CARTESIAN_POINT('Ctrl Pts',(-2.,41.9465153813845,-65.1580226808738));
#10605=CARTESIAN_POINT('Origin',(-2.,44.340341836347,-64.2673837721685));
#10606=CARTESIAN_POINT('Origin',(0.,43.4084278829094,-68.5032415610755));
#10607=CARTESIAN_POINT('',(0.,43.4084278829094,-68.5032415610755));
#10608=CARTESIAN_POINT('',(0.,43.,-68.5032415610755));
#10609=CARTESIAN_POINT('',(0.,21.7042139414547,-68.5032415610755));
#10610=CARTESIAN_POINT('',(-2.,43.4084278829094,-68.5032415610755));
#10611=CARTESIAN_POINT('',(0.,43.4084278829094,-68.5032415610755));
#10612=CARTESIAN_POINT('',(-2.,43.,-68.5032415610755));
#10613=CARTESIAN_POINT('',(-2.,43.4084278829094,-68.5032415610755));
#10614=CARTESIAN_POINT('',(0.,43.,-68.5032415610755));
#10615=CARTESIAN_POINT('Origin',(0.,43.4084278829094,-67.7933550026853));
#10616=CARTESIAN_POINT('',(0.,43.4084278829094,-67.7933550026853));
#10617=CARTESIAN_POINT('',(0.,43.4084278829094,-33.8966775013427));
#10618=CARTESIAN_POINT('',(-2.,43.4084278829094,-67.7933550026853));
#10619=CARTESIAN_POINT('',(0.,43.4084278829094,-67.7933550026853));
#10620=CARTESIAN_POINT('',(-2.,43.4084278829094,-67.7933550026853));
#10621=CARTESIAN_POINT('Origin',(0.,47.0129660241414,-67.7933550026853));
#10622=CARTESIAN_POINT('',(0.,47.0129660241414,-67.7933550026853));
#10623=CARTESIAN_POINT('',(0.,23.5064830120707,-67.7933550026853));
#10624=CARTESIAN_POINT('',(-2.,47.0129660241414,-67.7933550026853));
#10625=CARTESIAN_POINT('',(0.,47.0129660241414,-67.7933550026853));
#10626=CARTESIAN_POINT('',(-2.,47.0129660241414,-67.7933550026853));
#10627=CARTESIAN_POINT('Origin',(0.,47.0129660241414,-67.3784441375076));
#10628=CARTESIAN_POINT('',(0.,47.0129660241414,-67.3784441375076));
#10629=CARTESIAN_POINT('',(0.,47.0129660241414,-33.6892220687538));
#10630=CARTESIAN_POINT('',(-2.,47.0129660241414,-67.3784441375076));
#10631=CARTESIAN_POINT('',(0.,47.0129660241414,-67.3784441375076));
#10632=CARTESIAN_POINT('',(-2.,47.0129660241414,-67.3784441375076));
#10633=CARTESIAN_POINT('Ctrl Pts',(0.,46.4554295490588,-66.5518638982862));
#10634=CARTESIAN_POINT('Ctrl Pts',(-2.,46.4554295490588,-66.5518638982862));
#10635=CARTESIAN_POINT('Ctrl Pts',(0.,46.4554295490588,-66.9635332723298));
#10636=CARTESIAN_POINT('Ctrl Pts',(-2.,46.4554295490588,-66.9635332723298));
#10637=CARTESIAN_POINT('Ctrl Pts',(0.,46.6888169107213,-67.352512208434));
#10638=CARTESIAN_POINT('Ctrl Pts',(-2.,46.6888169107213,-67.352512208434));
#10639=CARTESIAN_POINT('Ctrl Pts',(0.,47.0129660241414,-67.3784441375076));
#10640=CARTESIAN_POINT('Ctrl Pts',(-2.,47.0129660241414,-67.3784441375076));
#10641=CARTESIAN_POINT('',(0.,46.4554295490588,-66.5518638982862));
#10642=CARTESIAN_POINT('Ctrl Pts',(0.,46.4554295490588,-66.5518638982862));
#10643=CARTESIAN_POINT('Ctrl Pts',(0.,46.4554295490588,-66.9635332723298));
#10644=CARTESIAN_POINT('Ctrl Pts',(0.,46.6888169107213,-67.352512208434));
#10645=CARTESIAN_POINT('Ctrl Pts',(0.,47.0129660241414,-67.3784441375076));
#10646=CARTESIAN_POINT('',(-2.,46.4554295490588,-66.5518638982862));
#10647=CARTESIAN_POINT('',(0.,46.4554295490588,-66.5518638982862));
#10648=CARTESIAN_POINT('Ctrl Pts',(-2.,46.4554295490588,-66.5518638982862));
#10649=CARTESIAN_POINT('Ctrl Pts',(-2.,46.4554295490588,-66.9635332723298));
#10650=CARTESIAN_POINT('Ctrl Pts',(-2.,46.6888169107213,-67.352512208434));
#10651=CARTESIAN_POINT('Ctrl Pts',(-2.,47.0129660241414,-67.3784441375076));
#10652=CARTESIAN_POINT('Origin',(0.,46.089141050894,-66.5518638982862));
#10653=CARTESIAN_POINT('',(0.,46.089141050894,-66.5518638982862));
#10654=CARTESIAN_POINT('',(0.,23.044570525447,-66.5518638982862));
#10655=CARTESIAN_POINT('',(-2.,46.089141050894,-66.5518638982862));
#10656=CARTESIAN_POINT('',(0.,46.089141050894,-66.5518638982862));
#10657=CARTESIAN_POINT('',(-2.,46.089141050894,-66.5518638982862));
#10658=CARTESIAN_POINT('Origin',(0.,46.089141050894,-67.2779579123473));
#10659=CARTESIAN_POINT('',(0.,46.089141050894,-67.2779579123473));
#10660=CARTESIAN_POINT('',(0.,46.089141050894,-33.6389789561737));
#10661=CARTESIAN_POINT('',(-2.,46.089141050894,-67.2779579123473));
#10662=CARTESIAN_POINT('',(0.,46.089141050894,-67.2779579123473));
#10663=CARTESIAN_POINT('',(-2.,46.089141050894,-67.2779579123473));
#10664=CARTESIAN_POINT('Origin',(0.,43.4084278829094,-67.2779579123473));
#10665=CARTESIAN_POINT('',(0.,43.4084278829094,-67.2779579123473));
#10666=CARTESIAN_POINT('',(0.,21.7042139414547,-67.2779579123473));
#10667=CARTESIAN_POINT('',(-2.,43.4084278829094,-67.2779579123473));
#10668=CARTESIAN_POINT('',(0.,43.4084278829094,-67.2779579123473));
#10669=CARTESIAN_POINT('',(-2.,43.4084278829094,-67.2779579123473));
#10670=CARTESIAN_POINT('Origin',(0.,43.4084278829094,-66.5518638982862));
#10671=CARTESIAN_POINT('',(0.,43.4084278829094,-66.5518638982862));
#10672=CARTESIAN_POINT('',(0.,43.4084278829094,-33.2759319491431));
#10673=CARTESIAN_POINT('',(-2.,43.4084278829094,-66.5518638982862));
#10674=CARTESIAN_POINT('',(0.,43.4084278829094,-66.5518638982862));
#10675=CARTESIAN_POINT('',(-2.,43.4084278829094,-66.5518638982862));
#10676=CARTESIAN_POINT('Origin',(0.,43.,-66.5518638982862));
#10677=CARTESIAN_POINT('',(0.,43.,-66.5518638982862));
#10678=CARTESIAN_POINT('',(0.,21.5,-66.5518638982862));
#10679=CARTESIAN_POINT('',(-2.,43.,-66.5518638982862));
#10680=CARTESIAN_POINT('',(0.,43.,-66.5518638982862));
#10681=CARTESIAN_POINT('',(-2.,43.,-66.5518638982862));
#10682=CARTESIAN_POINT('Origin',(0.,43.,-68.5032415610755));
#10683=CARTESIAN_POINT('',(0.,43.,-34.2516207805377));
#10684=CARTESIAN_POINT('',(-2.,43.,-68.5032415610755));
#10685=CARTESIAN_POINT('Origin',(-2.,44.681049918645,-67.4581623614138));
#10686=CARTESIAN_POINT('Ctrl Pts',(0.,30.0988655242966,-53.3322528367394));
#10687=CARTESIAN_POINT('Ctrl Pts',(-2.,30.0988655242966,-53.3322528367394));
#10688=CARTESIAN_POINT('Ctrl Pts',(0.,30.3743922707037,-53.3322528367394));
#10689=CARTESIAN_POINT('Ctrl Pts',(-2.,30.3743922707037,-53.3322528367394));
#10690=CARTESIAN_POINT('Ctrl Pts',(0.,30.6952998929897,-53.7050243171726));
#10691=CARTESIAN_POINT('Ctrl Pts',(-2.,30.6952998929897,-53.7050243171726));
#10692=CARTESIAN_POINT('Ctrl Pts',(0.,30.6952998929897,-53.9967585192507));
#10693=CARTESIAN_POINT('Ctrl Pts',(-2.,30.6952998929897,-53.9967585192507));
#10694=CARTESIAN_POINT('',(0.,30.6952998929897,-53.9967585192507));
#10695=CARTESIAN_POINT('',(0.,30.0988655242966,-53.3322528367394));
#10696=CARTESIAN_POINT('Ctrl Pts',(0.,30.6952998929897,-53.9967585192507));
#10697=CARTESIAN_POINT('Ctrl Pts',(0.,30.6952998929897,-53.7050243171726));
#10698=CARTESIAN_POINT('Ctrl Pts',(0.,30.3743922707037,-53.3322528367394));
#10699=CARTESIAN_POINT('Ctrl Pts',(0.,30.0988655242966,-53.3322528367394));
#10700=CARTESIAN_POINT('',(-2.,30.6952998929897,-53.9967585192507));
#10701=CARTESIAN_POINT('',(0.,30.6952998929897,-53.9967585192507));
#10702=CARTESIAN_POINT('',(-2.,30.0988655242966,-53.3322528367394));
#10703=CARTESIAN_POINT('Ctrl Pts',(-2.,30.6952998929897,-53.9967585192507));
#10704=CARTESIAN_POINT('Ctrl Pts',(-2.,30.6952998929897,-53.7050243171726));
#10705=CARTESIAN_POINT('Ctrl Pts',(-2.,30.3743922707037,-53.3322528367394));
#10706=CARTESIAN_POINT('Ctrl Pts',(-2.,30.0988655242966,-53.3322528367394));
#10707=CARTESIAN_POINT('',(0.,30.0988655242966,-53.3322528367394));
#10708=CARTESIAN_POINT('Ctrl Pts',(0.,29.5153971201403,-53.7147487905752));
#10709=CARTESIAN_POINT('Ctrl Pts',(-2.,29.5153971201403,-53.7147487905752));
#10710=CARTESIAN_POINT('Ctrl Pts',(0.,29.6256078187032,-53.5235008136573));
#10711=CARTESIAN_POINT('Ctrl Pts',(-2.,29.6256078187032,-53.5235008136573));
#10712=CARTESIAN_POINT('Ctrl Pts',(0.,29.9011345651103,-53.3322528367394));
#10713=CARTESIAN_POINT('Ctrl Pts',(-2.,29.9011345651103,-53.3322528367394));
#10714=CARTESIAN_POINT('Ctrl Pts',(0.,30.0988655242966,-53.3322528367394));
#10715=CARTESIAN_POINT('Ctrl Pts',(-2.,30.0988655242966,-53.3322528367394));
#10716=CARTESIAN_POINT('',(0.,29.5153971201403,-53.7147487905752));
#10717=CARTESIAN_POINT('Ctrl Pts',(0.,30.0988655242966,-53.3322528367394));
#10718=CARTESIAN_POINT('Ctrl Pts',(0.,29.9011345651103,-53.3322528367394));
#10719=CARTESIAN_POINT('Ctrl Pts',(0.,29.6256078187032,-53.5235008136573));
#10720=CARTESIAN_POINT('Ctrl Pts',(0.,29.5153971201403,-53.7147487905752));
#10721=CARTESIAN_POINT('',(-2.,29.5153971201403,-53.7147487905752));
#10722=CARTESIAN_POINT('Ctrl Pts',(-2.,30.0988655242966,-53.3322528367394));
#10723=CARTESIAN_POINT('Ctrl Pts',(-2.,29.9011345651103,-53.3322528367394));
#10724=CARTESIAN_POINT('Ctrl Pts',(-2.,29.6256078187032,-53.5235008136573));
#10725=CARTESIAN_POINT('Ctrl Pts',(-2.,29.5153971201403,-53.7147487905752));
#10726=CARTESIAN_POINT('',(0.,29.5153971201403,-53.7147487905752));
#10727=CARTESIAN_POINT('Ctrl Pts',(0.,29.2658023028068,-54.2787682479263));
#10728=CARTESIAN_POINT('Ctrl Pts',(-2.,29.2658023028068,-54.2787682479263));
#10729=CARTESIAN_POINT('Ctrl Pts',(0.,29.3111831786857,-54.1393841291556));
#10730=CARTESIAN_POINT('Ctrl Pts',(-2.,29.3111831786857,-54.1393841291556));
#10731=CARTESIAN_POINT('Ctrl Pts',(0.,29.4700162442615,-53.7957860689302));
#10732=CARTESIAN_POINT('Ctrl Pts',(-2.,29.4700162442615,-53.7957860689302));
#10733=CARTESIAN_POINT('Ctrl Pts',(0.,29.5153971201403,-53.7147487905752));
#10734=CARTESIAN_POINT('Ctrl Pts',(-2.,29.5153971201403,-53.7147487905752));
#10735=CARTESIAN_POINT('',(0.,29.2658023028068,-54.2787682479263));
#10736=CARTESIAN_POINT('Ctrl Pts',(0.,29.5153971201403,-53.7147487905752));
#10737=CARTESIAN_POINT('Ctrl Pts',(0.,29.4700162442615,-53.7957860689302));
#10738=CARTESIAN_POINT('Ctrl Pts',(0.,29.3111831786857,-54.1393841291556));
#10739=CARTESIAN_POINT('Ctrl Pts',(0.,29.2658023028068,-54.2787682479263));
#10740=CARTESIAN_POINT('',(-2.,29.2658023028068,-54.2787682479263));
#10741=CARTESIAN_POINT('Ctrl Pts',(-2.,29.5153971201403,-53.7147487905752));
#10742=CARTESIAN_POINT('Ctrl Pts',(-2.,29.4700162442615,-53.7957860689302));
#10743=CARTESIAN_POINT('Ctrl Pts',(-2.,29.3111831786857,-54.1393841291556));
#10744=CARTESIAN_POINT('Ctrl Pts',(-2.,29.2658023028068,-54.2787682479263));
#10745=CARTESIAN_POINT('',(0.,29.2658023028068,-54.2787682479263));
#10746=CARTESIAN_POINT('Ctrl Pts',(0.,30.0664506129546,-54.677471657433));
#10747=CARTESIAN_POINT('Ctrl Pts',(-2.,30.0664506129546,-54.677471657433));
#10748=CARTESIAN_POINT('Ctrl Pts',(0.,29.8233387778895,-54.677471657433));
#10749=CARTESIAN_POINT('Ctrl Pts',(-2.,29.8233387778895,-54.677471657433));
#10750=CARTESIAN_POINT('Ctrl Pts',(0.,29.4440843151879,-54.5121556095888));
#10751=CARTESIAN_POINT('Ctrl Pts',(-2.,29.4440843151879,-54.5121556095888));
#10752=CARTESIAN_POINT('Ctrl Pts',(0.,29.2658023028068,-54.2787682479263));
#10753=CARTESIAN_POINT('Ctrl Pts',(-2.,29.2658023028068,-54.2787682479263));
#10754=CARTESIAN_POINT('',(0.,30.0664506129546,-54.677471657433));
#10755=CARTESIAN_POINT('Ctrl Pts',(0.,29.2658023028068,-54.2787682479263));
#10756=CARTESIAN_POINT('Ctrl Pts',(0.,29.4440843151879,-54.5121556095888));
#10757=CARTESIAN_POINT('Ctrl Pts',(0.,29.8233387778895,-54.677471657433));
#10758=CARTESIAN_POINT('Ctrl Pts',(0.,30.0664506129546,-54.677471657433));
#10759=CARTESIAN_POINT('',(-2.,30.0664506129546,-54.677471657433));
#10760=CARTESIAN_POINT('Ctrl Pts',(-2.,29.2658023028068,-54.2787682479263));
#10761=CARTESIAN_POINT('Ctrl Pts',(-2.,29.4440843151879,-54.5121556095888));
#10762=CARTESIAN_POINT('Ctrl Pts',(-2.,29.8233387778895,-54.677471657433));
#10763=CARTESIAN_POINT('Ctrl Pts',(-2.,30.0664506129546,-54.677471657433));
#10764=CARTESIAN_POINT('',(0.,30.0664506129546,-54.677471657433));
#10765=CARTESIAN_POINT('Ctrl Pts',(0.,30.6952998929897,-53.9967585192507));
#10766=CARTESIAN_POINT('Ctrl Pts',(-2.,30.6952998929897,-53.9967585192507));
#10767=CARTESIAN_POINT('Ctrl Pts',(0.,30.6952998929897,-54.3176661415367));
#10768=CARTESIAN_POINT('Ctrl Pts',(-2.,30.6952998929897,-54.3176661415367));
#10769=CARTESIAN_POINT('Ctrl Pts',(0.,30.3354943770933,-54.677471657433));
#10770=CARTESIAN_POINT('Ctrl Pts',(-2.,30.3354943770933,-54.677471657433));
#10771=CARTESIAN_POINT('Ctrl Pts',(0.,30.0664506129546,-54.677471657433));
#10772=CARTESIAN_POINT('Ctrl Pts',(-2.,30.0664506129546,-54.677471657433));
#10773=CARTESIAN_POINT('Ctrl Pts',(0.,30.0664506129546,-54.677471657433));
#10774=CARTESIAN_POINT('Ctrl Pts',(0.,30.3354943770933,-54.677471657433));
#10775=CARTESIAN_POINT('Ctrl Pts',(0.,30.6952998929897,-54.3176661415367));
#10776=CARTESIAN_POINT('Ctrl Pts',(0.,30.6952998929897,-53.9967585192507));
#10777=CARTESIAN_POINT('Ctrl Pts',(-2.,30.0664506129546,-54.677471657433));
#10778=CARTESIAN_POINT('Ctrl Pts',(-2.,30.3354943770933,-54.677471657433));
#10779=CARTESIAN_POINT('Ctrl Pts',(-2.,30.6952998929897,-54.3176661415367));
#10780=CARTESIAN_POINT('Ctrl Pts',(-2.,30.6952998929897,-53.9967585192507));
#10781=CARTESIAN_POINT('Ctrl Pts',(0.,29.0000000298023,-53.69529984377));
#10782=CARTESIAN_POINT('Ctrl Pts',(-2.,29.0000000298023,-53.69529984377));
#10783=CARTESIAN_POINT('Ctrl Pts',(0.,28.9222042425815,-53.8865478206879));
#10784=CARTESIAN_POINT('Ctrl Pts',(-2.,28.9222042425815,-53.8865478206879));
#10785=CARTESIAN_POINT('Ctrl Pts',(0.,28.802269070616,-54.1912479873028));
#10786=CARTESIAN_POINT('Ctrl Pts',(-2.,28.802269070616,-54.1912479873028));
#10787=CARTESIAN_POINT('Ctrl Pts',(0.,28.7504052124688,-54.2820097390605));
#10788=CARTESIAN_POINT('Ctrl Pts',(-2.,28.7504052124688,-54.2820097390605));
#10789=CARTESIAN_POINT('',(0.,28.7504052124688,-54.2820097390605));
#10790=CARTESIAN_POINT('',(0.,29.0000000298023,-53.69529984377));
#10791=CARTESIAN_POINT('Ctrl Pts',(0.,28.7504052124688,-54.2820097390605));
#10792=CARTESIAN_POINT('Ctrl Pts',(0.,28.802269070616,-54.1912479873028));
#10793=CARTESIAN_POINT('Ctrl Pts',(0.,28.9222042425815,-53.8865478206879));
#10794=CARTESIAN_POINT('Ctrl Pts',(0.,29.0000000298023,-53.69529984377));
#10795=CARTESIAN_POINT('',(-2.,28.7504052124688,-54.2820097390605));
#10796=CARTESIAN_POINT('',(0.,28.7504052124688,-54.2820097390605));
#10797=CARTESIAN_POINT('',(-2.,29.0000000298023,-53.69529984377));
#10798=CARTESIAN_POINT('Ctrl Pts',(-2.,28.7504052124688,-54.2820097390605));
#10799=CARTESIAN_POINT('Ctrl Pts',(-2.,28.802269070616,-54.1912479873028));
#10800=CARTESIAN_POINT('Ctrl Pts',(-2.,28.9222042425815,-53.8865478206879));
#10801=CARTESIAN_POINT('Ctrl Pts',(-2.,29.0000000298023,-53.69529984377));
#10802=CARTESIAN_POINT('',(0.,29.0000000298023,-53.69529984377));
#10803=CARTESIAN_POINT('Ctrl Pts',(0.,28.1442463703731,-53.2382495938476));
#10804=CARTESIAN_POINT('Ctrl Pts',(-2.,28.1442463703731,-53.2382495938476));
#10805=CARTESIAN_POINT('Ctrl Pts',(0.,28.4197731167802,-53.2382495938476));
#10806=CARTESIAN_POINT('Ctrl Pts',(-2.,28.4197731167802,-53.2382495938476));
#10807=CARTESIAN_POINT('Ctrl Pts',(0.,28.8541329287632,-53.4748784466443));
#10808=CARTESIAN_POINT('Ctrl Pts',(-2.,28.8541329287632,-53.4748784466443));
#10809=CARTESIAN_POINT('Ctrl Pts',(0.,29.0000000298023,-53.69529984377));
#10810=CARTESIAN_POINT('Ctrl Pts',(-2.,29.0000000298023,-53.69529984377));
#10811=CARTESIAN_POINT('',(0.,28.1442463703731,-53.2382495938476));
#10812=CARTESIAN_POINT('Ctrl Pts',(0.,29.0000000298023,-53.69529984377));
#10813=CARTESIAN_POINT('Ctrl Pts',(0.,28.8541329287632,-53.4748784466443));
#10814=CARTESIAN_POINT('Ctrl Pts',(0.,28.4197731167802,-53.2382495938476));
#10815=CARTESIAN_POINT('Ctrl Pts',(0.,28.1442463703731,-53.2382495938476));
#10816=CARTESIAN_POINT('',(-2.,28.1442463703731,-53.2382495938476));
#10817=CARTESIAN_POINT('Ctrl Pts',(-2.,29.0000000298023,-53.69529984377));
#10818=CARTESIAN_POINT('Ctrl Pts',(-2.,28.8541329287632,-53.4748784466443));
#10819=CARTESIAN_POINT('Ctrl Pts',(-2.,28.4197731167802,-53.2382495938476));
#10820=CARTESIAN_POINT('Ctrl Pts',(-2.,28.1442463703731,-53.2382495938476));
#10821=CARTESIAN_POINT('',(0.,28.1442463703731,-53.2382495938476));
#10822=CARTESIAN_POINT('Ctrl Pts',(0.,27.3079416577491,-54.0064829926533));
#10823=CARTESIAN_POINT('Ctrl Pts',(-2.,27.3079416577491,-54.0064829926533));
#10824=CARTESIAN_POINT('Ctrl Pts',(0.,27.3079416577491,-53.6758508969648));
#10825=CARTESIAN_POINT('Ctrl Pts',(-2.,27.3079416577491,-53.6758508969648));
#10826=CARTESIAN_POINT('Ctrl Pts',(0.,27.7811993633425,-53.2382495938476));
#10827=CARTESIAN_POINT('Ctrl Pts',(-2.,27.7811993633425,-53.2382495938476));
#10828=CARTESIAN_POINT('Ctrl Pts',(0.,28.1442463703731,-53.2382495938476));
#10829=CARTESIAN_POINT('Ctrl Pts',(-2.,28.1442463703731,-53.2382495938476));
#10830=CARTESIAN_POINT('',(0.,27.3079416577491,-54.0064829926533));
#10831=CARTESIAN_POINT('Ctrl Pts',(0.,28.1442463703731,-53.2382495938476));
#10832=CARTESIAN_POINT('Ctrl Pts',(0.,27.7811993633425,-53.2382495938476));
#10833=CARTESIAN_POINT('Ctrl Pts',(0.,27.3079416577491,-53.6758508969648));
#10834=CARTESIAN_POINT('Ctrl Pts',(0.,27.3079416577491,-54.0064829926533));
#10835=CARTESIAN_POINT('',(-2.,27.3079416577491,-54.0064829926533));
#10836=CARTESIAN_POINT('Ctrl Pts',(-2.,28.1442463703731,-53.2382495938476));
#10837=CARTESIAN_POINT('Ctrl Pts',(-2.,27.7811993633425,-53.2382495938476));
#10838=CARTESIAN_POINT('Ctrl Pts',(-2.,27.3079416577491,-53.6758508969648));
#10839=CARTESIAN_POINT('Ctrl Pts',(-2.,27.3079416577491,-54.0064829926533));
#10840=CARTESIAN_POINT('',(0.,27.3079416577491,-54.0064829926533));
#10841=CARTESIAN_POINT('Ctrl Pts',(0.,28.0632090920181,-54.7520259535197));
#10842=CARTESIAN_POINT('Ctrl Pts',(-2.,28.0632090920181,-54.7520259535197));
#10843=CARTESIAN_POINT('Ctrl Pts',(0.,27.7131280495243,-54.7520259535197));
#10844=CARTESIAN_POINT('Ctrl Pts',(-2.,27.7131280495243,-54.7520259535197));
#10845=CARTESIAN_POINT('Ctrl Pts',(0.,27.3079416577491,-54.3435980706103));
#10846=CARTESIAN_POINT('Ctrl Pts',(-2.,27.3079416577491,-54.3435980706103));
#10847=CARTESIAN_POINT('Ctrl Pts',(0.,27.3079416577491,-54.0064829926533));
#10848=CARTESIAN_POINT('Ctrl Pts',(-2.,27.3079416577491,-54.0064829926533));
#10849=CARTESIAN_POINT('',(0.,28.0632090920181,-54.7520259535197));
#10850=CARTESIAN_POINT('Ctrl Pts',(0.,27.3079416577491,-54.0064829926533));
#10851=CARTESIAN_POINT('Ctrl Pts',(0.,27.3079416577491,-54.3435980706103));
#10852=CARTESIAN_POINT('Ctrl Pts',(0.,27.7131280495243,-54.7520259535197));
#10853=CARTESIAN_POINT('Ctrl Pts',(0.,28.0632090920181,-54.7520259535197));
#10854=CARTESIAN_POINT('',(-2.,28.0632090920181,-54.7520259535197));
#10855=CARTESIAN_POINT('Ctrl Pts',(-2.,27.3079416577491,-54.0064829926533));
#10856=CARTESIAN_POINT('Ctrl Pts',(-2.,27.3079416577491,-54.3435980706103));
#10857=CARTESIAN_POINT('Ctrl Pts',(-2.,27.7131280495243,-54.7520259535197));
#10858=CARTESIAN_POINT('Ctrl Pts',(-2.,28.0632090920181,-54.7520259535197));
#10859=CARTESIAN_POINT('',(0.,28.0632090920181,-54.7520259535197));
#10860=CARTESIAN_POINT('Ctrl Pts',(0.,28.7504052124688,-54.2820097390605));
#10861=CARTESIAN_POINT('Ctrl Pts',(-2.,28.7504052124688,-54.2820097390605));
#10862=CARTESIAN_POINT('Ctrl Pts',(0.,28.6012966202955,-54.5575364854676));
#10863=CARTESIAN_POINT('Ctrl Pts',(-2.,28.6012966202955,-54.5575364854676));
#10864=CARTESIAN_POINT('Ctrl Pts',(0.,28.3095624182174,-54.7520259535197));
#10865=CARTESIAN_POINT('Ctrl Pts',(-2.,28.3095624182174,-54.7520259535197));
#10866=CARTESIAN_POINT('Ctrl Pts',(0.,28.0632090920181,-54.7520259535197));
#10867=CARTESIAN_POINT('Ctrl Pts',(-2.,28.0632090920181,-54.7520259535197));
#10868=CARTESIAN_POINT('Ctrl Pts',(0.,28.0632090920181,-54.7520259535197));
#10869=CARTESIAN_POINT('Ctrl Pts',(0.,28.3095624182174,-54.7520259535197));
#10870=CARTESIAN_POINT('Ctrl Pts',(0.,28.6012966202955,-54.5575364854676));
#10871=CARTESIAN_POINT('Ctrl Pts',(0.,28.7504052124688,-54.2820097390605));
#10872=CARTESIAN_POINT('Ctrl Pts',(-2.,28.0632090920181,-54.7520259535197));
#10873=CARTESIAN_POINT('Ctrl Pts',(-2.,28.3095624182174,-54.7520259535197));
#10874=CARTESIAN_POINT('Ctrl Pts',(-2.,28.6012966202955,-54.5575364854676));
#10875=CARTESIAN_POINT('Ctrl Pts',(-2.,28.7504052124688,-54.2820097390605));
#10876=CARTESIAN_POINT('Ctrl Pts',(0.,28.1150729501653,-55.3030794463339));
#10877=CARTESIAN_POINT('Ctrl Pts',(-2.,28.1150729501653,-55.3030794463339));
#10878=CARTESIAN_POINT('Ctrl Pts',(0.,27.6029173509615,-55.3030794463339));
#10879=CARTESIAN_POINT('Ctrl Pts',(-2.,27.6029173509615,-55.3030794463339));
#10880=CARTESIAN_POINT('Ctrl Pts',(0.,26.9092382482423,-54.5575364854676));
#10881=CARTESIAN_POINT('Ctrl Pts',(-2.,26.9092382482423,-54.5575364854676));
#10882=CARTESIAN_POINT('Ctrl Pts',(0.,26.9092382482423,-54.0000000103849));
#10883=CARTESIAN_POINT('Ctrl Pts',(-2.,26.9092382482423,-54.0000000103849));
#10884=CARTESIAN_POINT('',(0.,28.1150729501653,-55.3030794463339));
#10885=CARTESIAN_POINT('',(0.,26.9092382482423,-54.0000000103849));
#10886=CARTESIAN_POINT('Ctrl Pts',(0.,28.1150729501653,-55.3030794463339));
#10887=CARTESIAN_POINT('Ctrl Pts',(0.,27.6029173509615,-55.3030794463339));
#10888=CARTESIAN_POINT('Ctrl Pts',(0.,26.9092382482423,-54.5575364854676));
#10889=CARTESIAN_POINT('Ctrl Pts',(0.,26.9092382482423,-54.0000000103849));
#10890=CARTESIAN_POINT('',(-2.,28.1150729501653,-55.3030794463339));
#10891=CARTESIAN_POINT('',(0.,28.1150729501653,-55.3030794463339));
#10892=CARTESIAN_POINT('',(-2.,26.9092382482423,-54.0000000103849));
#10893=CARTESIAN_POINT('Ctrl Pts',(-2.,28.1150729501653,-55.3030794463339));
#10894=CARTESIAN_POINT('Ctrl Pts',(-2.,27.6029173509615,-55.3030794463339));
#10895=CARTESIAN_POINT('Ctrl Pts',(-2.,26.9092382482423,-54.5575364854676));
#10896=CARTESIAN_POINT('Ctrl Pts',(-2.,26.9092382482423,-54.0000000103849));
#10897=CARTESIAN_POINT('',(0.,26.9092382482423,-54.0000000103849));
#10898=CARTESIAN_POINT('Ctrl Pts',(0.,29.1134522194994,-54.5931928879438));
#10899=CARTESIAN_POINT('Ctrl Pts',(-2.,29.1134522194994,-54.5931928879438));
#10900=CARTESIAN_POINT('Ctrl Pts',(0.,28.9513776627893,-54.9432739304376));
#10901=CARTESIAN_POINT('Ctrl Pts',(-2.,28.9513776627893,-54.9432739304376));
#10902=CARTESIAN_POINT('Ctrl Pts',(0.,28.4846029394643,-55.3030794463339));
#10903=CARTESIAN_POINT('Ctrl Pts',(-2.,28.4846029394643,-55.3030794463339));
#10904=CARTESIAN_POINT('Ctrl Pts',(0.,28.1150729501653,-55.3030794463339));
#10905=CARTESIAN_POINT('Ctrl Pts',(-2.,28.1150729501653,-55.3030794463339));
#10906=CARTESIAN_POINT('',(0.,29.1134522194994,-54.5931928879438));
#10907=CARTESIAN_POINT('Ctrl Pts',(0.,29.1134522194994,-54.5931928879438));
#10908=CARTESIAN_POINT('Ctrl Pts',(0.,28.9513776627893,-54.9432739304376));
#10909=CARTESIAN_POINT('Ctrl Pts',(0.,28.4846029394643,-55.3030794463339));
#10910=CARTESIAN_POINT('Ctrl Pts',(0.,28.1150729501653,-55.3030794463339));
#10911=CARTESIAN_POINT('',(-2.,29.1134522194994,-54.5931928879438));
#10912=CARTESIAN_POINT('',(0.,29.1134522194994,-54.5931928879438));
#10913=CARTESIAN_POINT('Ctrl Pts',(-2.,29.1134522194994,-54.5931928879438));
#10914=CARTESIAN_POINT('Ctrl Pts',(-2.,28.9513776627893,-54.9432739304376));
#10915=CARTESIAN_POINT('Ctrl Pts',(-2.,28.4846029394643,-55.3030794463339));
#10916=CARTESIAN_POINT('Ctrl Pts',(-2.,28.1150729501653,-55.3030794463339));
#10917=CARTESIAN_POINT('Origin',(0.,29.1296596751704,-54.5931928879438));
#10918=CARTESIAN_POINT('',(0.,29.1296596751704,-54.5931928879438));
#10919=CARTESIAN_POINT('',(0.,14.5648298375852,-54.5931928879438));
#10920=CARTESIAN_POINT('',(-2.,29.1296596751704,-54.5931928879438));
#10921=CARTESIAN_POINT('',(0.,29.1296596751704,-54.5931928879438));
#10922=CARTESIAN_POINT('',(-2.,29.1296596751704,-54.5931928879438));
#10923=CARTESIAN_POINT('Ctrl Pts',(0.,30.072933595223,-55.2025932211737));
#10924=CARTESIAN_POINT('Ctrl Pts',(-2.,30.072933595223,-55.2025932211737));
#10925=CARTESIAN_POINT('Ctrl Pts',(0.,29.8038898310843,-55.2025932211737));
#10926=CARTESIAN_POINT('Ctrl Pts',(-2.,29.8038898310843,-55.2025932211737));
#10927=CARTESIAN_POINT('Ctrl Pts',(0.,29.2787682673436,-54.8881685811561));
#10928=CARTESIAN_POINT('Ctrl Pts',(-2.,29.2787682673436,-54.8881685811561));
#10929=CARTESIAN_POINT('Ctrl Pts',(0.,29.1296596751704,-54.5931928879438));
#10930=CARTESIAN_POINT('Ctrl Pts',(-2.,29.1296596751704,-54.5931928879438));
#10931=CARTESIAN_POINT('',(0.,30.072933595223,-55.2025932211737));
#10932=CARTESIAN_POINT('Ctrl Pts',(0.,30.072933595223,-55.2025932211737));
#10933=CARTESIAN_POINT('Ctrl Pts',(0.,29.8038898310843,-55.2025932211737));
#10934=CARTESIAN_POINT('Ctrl Pts',(0.,29.2787682673436,-54.8881685811561));
#10935=CARTESIAN_POINT('Ctrl Pts',(0.,29.1296596751704,-54.5931928879438));
#10936=CARTESIAN_POINT('',(-2.,30.072933595223,-55.2025932211737));
#10937=CARTESIAN_POINT('',(0.,30.072933595223,-55.2025932211737));
#10938=CARTESIAN_POINT('Ctrl Pts',(-2.,30.072933595223,-55.2025932211737));
#10939=CARTESIAN_POINT('Ctrl Pts',(-2.,29.8038898310843,-55.2025932211737));
#10940=CARTESIAN_POINT('Ctrl Pts',(-2.,29.2787682673436,-54.8881685811561));
#10941=CARTESIAN_POINT('Ctrl Pts',(-2.,29.1296596751704,-54.5931928879438));
#10942=CARTESIAN_POINT('Ctrl Pts',(0.,31.0907618113623,-54.0000000103849));
#10943=CARTESIAN_POINT('Ctrl Pts',(-2.,31.0907618113623,-54.0000000103849));
#10944=CARTESIAN_POINT('Ctrl Pts',(0.,31.0907618113623,-54.5445705209308));
#10945=CARTESIAN_POINT('Ctrl Pts',(-2.,31.0907618113623,-54.5445705209308));
#10946=CARTESIAN_POINT('Ctrl Pts',(0.,30.5202593717428,-55.2025932211737));
#10947=CARTESIAN_POINT('Ctrl Pts',(-2.,30.5202593717428,-55.2025932211737));
#10948=CARTESIAN_POINT('Ctrl Pts',(0.,30.072933595223,-55.2025932211737));
#10949=CARTESIAN_POINT('Ctrl Pts',(-2.,30.072933595223,-55.2025932211737));
#10950=CARTESIAN_POINT('',(0.,31.0907618113623,-54.0000000103849));
#10951=CARTESIAN_POINT('Ctrl Pts',(0.,31.0907618113623,-54.0000000103849));
#10952=CARTESIAN_POINT('Ctrl Pts',(0.,31.0907618113623,-54.5445705209308));
#10953=CARTESIAN_POINT('Ctrl Pts',(0.,30.5202593717428,-55.2025932211737));
#10954=CARTESIAN_POINT('Ctrl Pts',(0.,30.072933595223,-55.2025932211737));
#10955=CARTESIAN_POINT('',(-2.,31.0907618113623,-54.0000000103849));
#10956=CARTESIAN_POINT('',(0.,31.0907618113623,-54.0000000103849));
#10957=CARTESIAN_POINT('Ctrl Pts',(-2.,31.0907618113623,-54.0000000103849));
#10958=CARTESIAN_POINT('Ctrl Pts',(-2.,31.0907618113623,-54.5445705209308));
#10959=CARTESIAN_POINT('Ctrl Pts',(-2.,30.5202593717428,-55.2025932211737));
#10960=CARTESIAN_POINT('Ctrl Pts',(-2.,30.072933595223,-55.2025932211737));
#10961=CARTESIAN_POINT('Ctrl Pts',(0.,30.0372771927468,-52.794165308462));
#10962=CARTESIAN_POINT('Ctrl Pts',(-2.,30.0372771927468,-52.794165308462));
#10963=CARTESIAN_POINT('Ctrl Pts',(0.,30.4878444604008,-52.794165308462));
#10964=CARTESIAN_POINT('Ctrl Pts',(-2.,30.4878444604008,-52.794165308462));
#10965=CARTESIAN_POINT('Ctrl Pts',(0.,31.0907618113623,-53.4748784466443));
#10966=CARTESIAN_POINT('Ctrl Pts',(-2.,31.0907618113623,-53.4748784466443));
#10967=CARTESIAN_POINT('Ctrl Pts',(0.,31.0907618113623,-54.0000000103849));
#10968=CARTESIAN_POINT('Ctrl Pts',(-2.,31.0907618113623,-54.0000000103849));
#10969=CARTESIAN_POINT('',(0.,30.0372771927468,-52.794165308462));
#10970=CARTESIAN_POINT('Ctrl Pts',(0.,30.0372771927468,-52.794165308462));
#10971=CARTESIAN_POINT('Ctrl Pts',(0.,30.4878444604008,-52.794165308462));
#10972=CARTESIAN_POINT('Ctrl Pts',(0.,31.0907618113623,-53.4748784466443));
#10973=CARTESIAN_POINT('Ctrl Pts',(0.,31.0907618113623,-54.0000000103849));
#10974=CARTESIAN_POINT('',(-2.,30.0372771927468,-52.794165308462));
#10975=CARTESIAN_POINT('',(0.,30.0372771927468,-52.794165308462));
#10976=CARTESIAN_POINT('Ctrl Pts',(-2.,30.0372771927468,-52.794165308462));
#10977=CARTESIAN_POINT('Ctrl Pts',(-2.,30.4878444604008,-52.794165308462));
#10978=CARTESIAN_POINT('Ctrl Pts',(-2.,31.0907618113623,-53.4748784466443));
#10979=CARTESIAN_POINT('Ctrl Pts',(-2.,31.0907618113623,-54.0000000103849));
#10980=CARTESIAN_POINT('Ctrl Pts',(0.,29.1523501131098,-53.374392221484));
#10981=CARTESIAN_POINT('Ctrl Pts',(-2.,29.1523501131098,-53.374392221484));
#10982=CARTESIAN_POINT('Ctrl Pts',(0.,29.3241491432225,-53.0794165282717));
#10983=CARTESIAN_POINT('Ctrl Pts',(-2.,29.3241491432225,-53.0794165282717));
#10984=CARTESIAN_POINT('Ctrl Pts',(0.,29.7325770261318,-52.794165308462));
#10985=CARTESIAN_POINT('Ctrl Pts',(-2.,29.7325770261318,-52.794165308462));
#10986=CARTESIAN_POINT('Ctrl Pts',(0.,30.0372771927468,-52.794165308462));
#10987=CARTESIAN_POINT('Ctrl Pts',(-2.,30.0372771927468,-52.794165308462));
#10988=CARTESIAN_POINT('',(0.,29.1523501131098,-53.374392221484));
#10989=CARTESIAN_POINT('Ctrl Pts',(0.,29.1523501131098,-53.374392221484));
#10990=CARTESIAN_POINT('Ctrl Pts',(0.,29.3241491432225,-53.0794165282717));
#10991=CARTESIAN_POINT('Ctrl Pts',(0.,29.7325770261318,-52.794165308462));
#10992=CARTESIAN_POINT('Ctrl Pts',(0.,30.0372771927468,-52.794165308462));
#10993=CARTESIAN_POINT('',(-2.,29.1523501131098,-53.374392221484));
#10994=CARTESIAN_POINT('',(0.,29.1523501131098,-53.374392221484));
#10995=CARTESIAN_POINT('Ctrl Pts',(-2.,29.1523501131098,-53.374392221484));
#10996=CARTESIAN_POINT('Ctrl Pts',(-2.,29.3241491432225,-53.0794165282717));
#10997=CARTESIAN_POINT('Ctrl Pts',(-2.,29.7325770261318,-52.794165308462));
#10998=CARTESIAN_POINT('Ctrl Pts',(-2.,30.0372771927468,-52.794165308462));
#10999=CARTESIAN_POINT('Origin',(0.,29.1361426574388,-53.374392221484));
#11000=CARTESIAN_POINT('',(0.,29.1361426574388,-53.374392221484));
#11001=CARTESIAN_POINT('',(0.,14.5680713287194,-53.374392221484));
#11002=CARTESIAN_POINT('',(-2.,29.1361426574388,-53.374392221484));
#11003=CARTESIAN_POINT('',(0.,29.1361426574388,-53.374392221484));
#11004=CARTESIAN_POINT('',(-2.,29.1361426574388,-53.374392221484));
#11005=CARTESIAN_POINT('Ctrl Pts',(0.,28.1053484767627,-52.6969205744359));
#11006=CARTESIAN_POINT('Ctrl Pts',(-2.,28.1053484767627,-52.6969205744359));
#11007=CARTESIAN_POINT('Ctrl Pts',(0.,28.4294975901828,-52.6969205744359));
#11008=CARTESIAN_POINT('Ctrl Pts',(-2.,28.4294975901828,-52.6969205744359));
#11009=CARTESIAN_POINT('Ctrl Pts',(0.,28.9740681007287,-53.0437601257955));
#11010=CARTESIAN_POINT('Ctrl Pts',(-2.,28.9740681007287,-53.0437601257955));
#11011=CARTESIAN_POINT('Ctrl Pts',(0.,29.1361426574388,-53.374392221484));
#11012=CARTESIAN_POINT('Ctrl Pts',(-2.,29.1361426574388,-53.374392221484));
#11013=CARTESIAN_POINT('',(0.,28.1053484767627,-52.6969205744359));
#11014=CARTESIAN_POINT('Ctrl Pts',(0.,28.1053484767627,-52.6969205744359));
#11015=CARTESIAN_POINT('Ctrl Pts',(0.,28.4294975901828,-52.6969205744359));
#11016=CARTESIAN_POINT('Ctrl Pts',(0.,28.9740681007287,-53.0437601257955));
#11017=CARTESIAN_POINT('Ctrl Pts',(0.,29.1361426574388,-53.374392221484));
#11018=CARTESIAN_POINT('',(-2.,28.1053484767627,-52.6969205744359));
#11019=CARTESIAN_POINT('',(0.,28.1053484767627,-52.6969205744359));
#11020=CARTESIAN_POINT('Ctrl Pts',(-2.,28.1053484767627,-52.6969205744359));
#11021=CARTESIAN_POINT('Ctrl Pts',(-2.,28.4294975901828,-52.6969205744359));
#11022=CARTESIAN_POINT('Ctrl Pts',(-2.,28.9740681007287,-53.0437601257955));
#11023=CARTESIAN_POINT('Ctrl Pts',(-2.,29.1361426574388,-53.374392221484));
#11024=CARTESIAN_POINT('Ctrl Pts',(0.,27.2528363084677,-53.0405186346613));
#11025=CARTESIAN_POINT('Ctrl Pts',(-2.,27.2528363084677,-53.0405186346613));
#11026=CARTESIAN_POINT('Ctrl Pts',(0.,27.4149108651778,-52.8719610956828));
#11027=CARTESIAN_POINT('Ctrl Pts',(-2.,27.4149108651778,-52.8719610956828));
#11028=CARTESIAN_POINT('Ctrl Pts',(0.,27.8557536594292,-52.6969205744359));
#11029=CARTESIAN_POINT('Ctrl Pts',(-2.,27.8557536594292,-52.6969205744359));
#11030=CARTESIAN_POINT('Ctrl Pts',(0.,28.1053484767627,-52.6969205744359));
#11031=CARTESIAN_POINT('Ctrl Pts',(-2.,28.1053484767627,-52.6969205744359));
#11032=CARTESIAN_POINT('',(0.,27.2528363084677,-53.0405186346613));
#11033=CARTESIAN_POINT('Ctrl Pts',(0.,27.2528363084677,-53.0405186346613));
#11034=CARTESIAN_POINT('Ctrl Pts',(0.,27.4149108651778,-52.8719610956828));
#11035=CARTESIAN_POINT('Ctrl Pts',(0.,27.8557536594292,-52.6969205744359));
#11036=CARTESIAN_POINT('Ctrl Pts',(0.,28.1053484767627,-52.6969205744359));
#11037=CARTESIAN_POINT('',(-2.,27.2528363084677,-53.0405186346613));
#11038=CARTESIAN_POINT('',(0.,27.2528363084677,-53.0405186346613));
#11039=CARTESIAN_POINT('Ctrl Pts',(-2.,27.2528363084677,-53.0405186346613));
#11040=CARTESIAN_POINT('Ctrl Pts',(-2.,27.4149108651778,-52.8719610956828));
#11041=CARTESIAN_POINT('Ctrl Pts',(-2.,27.8557536594292,-52.6969205744359));
#11042=CARTESIAN_POINT('Ctrl Pts',(-2.,28.1053484767627,-52.6969205744359));
#11043=CARTESIAN_POINT('Ctrl Pts',(0.,26.9092382482423,-54.0000000103849));
#11044=CARTESIAN_POINT('Ctrl Pts',(-2.,26.9092382482423,-54.0000000103849));
#11045=CARTESIAN_POINT('Ctrl Pts',(0.,26.9092382482423,-53.7017828260384));
#11046=CARTESIAN_POINT('Ctrl Pts',(-2.,26.9092382482423,-53.7017828260384));
#11047=CARTESIAN_POINT('Ctrl Pts',(0.,27.0875202606234,-53.212317664774));
#11048=CARTESIAN_POINT('Ctrl Pts',(-2.,27.0875202606234,-53.212317664774));
#11049=CARTESIAN_POINT('Ctrl Pts',(0.,27.2528363084677,-53.0405186346613));
#11050=CARTESIAN_POINT('Ctrl Pts',(-2.,27.2528363084677,-53.0405186346613));
#11051=CARTESIAN_POINT('Ctrl Pts',(0.,26.9092382482423,-54.0000000103849));
#11052=CARTESIAN_POINT('Ctrl Pts',(0.,26.9092382482423,-53.7017828260384));
#11053=CARTESIAN_POINT('Ctrl Pts',(0.,27.0875202606234,-53.212317664774));
#11054=CARTESIAN_POINT('Ctrl Pts',(0.,27.2528363084677,-53.0405186346613));
#11055=CARTESIAN_POINT('Ctrl Pts',(-2.,26.9092382482423,-54.0000000103849));
#11056=CARTESIAN_POINT('Ctrl Pts',(-2.,26.9092382482423,-53.7017828260384));
#11057=CARTESIAN_POINT('Ctrl Pts',(-2.,27.0875202606234,-53.212317664774));
#11058=CARTESIAN_POINT('Ctrl Pts',(-2.,27.2528363084677,-53.0405186346613));
#11059=CARTESIAN_POINT('Origin',(-2.,28.9983956400751,-54.0000229463717));
#11060=CARTESIAN_POINT('Origin',(0.,0.,0.));
#11061=CARTESIAN_POINT('',(0.,0.,0.));
#11062=CARTESIAN_POINT('',(0.,0.,-78.5));
#11063=CARTESIAN_POINT('',(0.,0.,0.));
#11064=CARTESIAN_POINT('',(0.,60.,-78.5));
#11065=CARTESIAN_POINT('',(0.,0.,-78.5));
#11066=CARTESIAN_POINT('',(0.,60.,0.));
#11067=CARTESIAN_POINT('',(0.,60.,0.));
#11068=CARTESIAN_POINT('',(0.,0.,0.));
#11069=CARTESIAN_POINT('',(0.,32.,-16.5));
#11070=CARTESIAN_POINT('',(0.,40.,-16.5));
#11071=CARTESIAN_POINT('',(0.,16.,-16.5));
#11072=CARTESIAN_POINT('',(0.,40.,-22.5));
#11073=CARTESIAN_POINT('',(0.,40.,-8.25));
#11074=CARTESIAN_POINT('',(0.,32.,-22.5));
#11075=CARTESIAN_POINT('',(0.,20.,-22.5));
#11076=CARTESIAN_POINT('',(0.,32.,-11.25));
#11077=CARTESIAN_POINT('',(0.,32.,-62.5));
#11078=CARTESIAN_POINT('',(0.,40.,-62.5));
#11079=CARTESIAN_POINT('',(0.,16.,-62.5));
#11080=CARTESIAN_POINT('',(0.,40.,-68.5));
#11081=CARTESIAN_POINT('',(0.,40.,-31.25));
#11082=CARTESIAN_POINT('',(0.,32.,-68.5));
#11083=CARTESIAN_POINT('',(0.,20.,-68.5));
#11084=CARTESIAN_POINT('',(0.,32.,-34.25));
#11085=CARTESIAN_POINT('',(0.,48.,-34.));
#11086=CARTESIAN_POINT('',(0.,48.,-28.));
#11087=CARTESIAN_POINT('',(0.,48.,-17.));
#11088=CARTESIAN_POINT('',(0.,56.,-28.));
#11089=CARTESIAN_POINT('',(0.,24.,-28.));
#11090=CARTESIAN_POINT('',(0.,56.,-34.));
#11091=CARTESIAN_POINT('',(0.,56.,-14.));
#11092=CARTESIAN_POINT('',(0.,28.,-34.));
#11093=CARTESIAN_POINT('',(0.,48.,-45.5));
#11094=CARTESIAN_POINT('',(0.,48.,-39.5));
#11095=CARTESIAN_POINT('',(0.,48.,-22.75));
#11096=CARTESIAN_POINT('',(0.,56.,-39.5));
#11097=CARTESIAN_POINT('',(0.,24.,-39.5));
#11098=CARTESIAN_POINT('',(0.,56.,-45.5));
#11099=CARTESIAN_POINT('',(0.,56.,-19.75));
#11100=CARTESIAN_POINT('',(0.,28.,-45.5));
#11101=CARTESIAN_POINT('',(0.,32.,-51.));
#11102=CARTESIAN_POINT('',(0.,40.,-51.));
#11103=CARTESIAN_POINT('',(0.,16.,-51.));
#11104=CARTESIAN_POINT('',(0.,40.,-57.));
#11105=CARTESIAN_POINT('',(0.,40.,-25.5));
#11106=CARTESIAN_POINT('',(0.,32.,-57.));
#11107=CARTESIAN_POINT('',(0.,20.,-57.));
#11108=CARTESIAN_POINT('',(0.,32.,-28.5));
#11109=CARTESIAN_POINT('',(0.,40.,-11.));
#11110=CARTESIAN_POINT('',(0.,32.,-11.));
#11111=CARTESIAN_POINT('',(0.,20.,-11.));
#11112=CARTESIAN_POINT('',(0.,32.,-5.));
#11113=CARTESIAN_POINT('',(0.,32.,-5.5));
#11114=CARTESIAN_POINT('',(0.,40.,-5.));
#11115=CARTESIAN_POINT('',(0.,16.,-5.));
#11116=CARTESIAN_POINT('',(0.,40.,-2.5));
#11117=CARTESIAN_POINT('',(0.,32.,-28.));
#11118=CARTESIAN_POINT('',(0.,40.,-28.));
#11119=CARTESIAN_POINT('',(0.,16.,-28.));
#11120=CARTESIAN_POINT('',(0.,40.,-34.));
#11121=CARTESIAN_POINT('',(0.,40.,-14.));
#11122=CARTESIAN_POINT('',(0.,32.,-34.));
#11123=CARTESIAN_POINT('',(0.,20.,-34.));
#11124=CARTESIAN_POINT('',(0.,32.,-17.));
#11125=CARTESIAN_POINT('',(0.,48.,-68.5));
#11126=CARTESIAN_POINT('',(0.,48.,-62.5));
#11127=CARTESIAN_POINT('',(0.,48.,-34.25));
#11128=CARTESIAN_POINT('',(0.,56.,-62.5));
#11129=CARTESIAN_POINT('',(0.,24.,-62.5));
#11130=CARTESIAN_POINT('',(0.,56.,-68.5));
#11131=CARTESIAN_POINT('',(0.,56.,-31.25));
#11132=CARTESIAN_POINT('',(0.,28.,-68.5));
#11133=CARTESIAN_POINT('',(0.,48.,-22.5));
#11134=CARTESIAN_POINT('',(0.,48.,-16.5));
#11135=CARTESIAN_POINT('',(0.,48.,-11.25));
#11136=CARTESIAN_POINT('',(0.,56.,-16.5));
#11137=CARTESIAN_POINT('',(0.,24.,-16.5));
#11138=CARTESIAN_POINT('',(0.,56.,-22.5));
#11139=CARTESIAN_POINT('',(0.,56.,-8.25));
#11140=CARTESIAN_POINT('',(0.,28.,-22.5));
#11141=CARTESIAN_POINT('',(0.,48.,-57.));
#11142=CARTESIAN_POINT('',(0.,48.,-51.));
#11143=CARTESIAN_POINT('',(0.,48.,-28.5));
#11144=CARTESIAN_POINT('',(0.,56.,-51.));
#11145=CARTESIAN_POINT('',(0.,24.,-51.));
#11146=CARTESIAN_POINT('',(0.,56.,-57.));
#11147=CARTESIAN_POINT('',(0.,56.,-25.5));
#11148=CARTESIAN_POINT('',(0.,28.,-57.));
#11149=CARTESIAN_POINT('',(0.,32.,-39.5));
#11150=CARTESIAN_POINT('',(0.,40.,-39.5));
#11151=CARTESIAN_POINT('',(0.,16.,-39.5));
#11152=CARTESIAN_POINT('',(0.,40.,-45.5));
#11153=CARTESIAN_POINT('',(0.,40.,-19.75));
#11154=CARTESIAN_POINT('',(0.,32.,-45.5));
#11155=CARTESIAN_POINT('',(0.,20.,-45.5));
#11156=CARTESIAN_POINT('',(0.,32.,-22.75));
#11157=CARTESIAN_POINT('',(0.,56.,-11.));
#11158=CARTESIAN_POINT('',(0.,48.,-11.));
#11159=CARTESIAN_POINT('',(0.,28.,-11.));
#11160=CARTESIAN_POINT('',(0.,48.,-5.));
#11161=CARTESIAN_POINT('',(0.,48.,-5.5));
#11162=CARTESIAN_POINT('',(0.,56.,-5.));
#11163=CARTESIAN_POINT('',(0.,24.,-5.));
#11164=CARTESIAN_POINT('',(0.,56.,-2.5));
#11165=CARTESIAN_POINT('Origin',(0.,0.,0.));
#11166=CARTESIAN_POINT('Origin',(0.,0.,0.));
#11167=CARTESIAN_POINT('Origin',(0.,0.,0.));
#11168=CARTESIAN_POINT('Origin',(0.,0.,0.));
#11169=CARTESIAN_POINT('Origin',(0.,0.,0.));
#11170=CARTESIAN_POINT('Origin',(0.,0.,0.));
#11171=CARTESIAN_POINT('Origin',(0.,0.,0.));
#11172=CARTESIAN_POINT('Origin',(-9.025,60.,-77.525));
#11173=CARTESIAN_POINT('',(-9.025,60.,-74.475));
#11174=CARTESIAN_POINT('',(-9.025,60.,-77.525));
#11175=CARTESIAN_POINT('',(-9.025,60.,-58.3875));
#11176=CARTESIAN_POINT('',(-9.025,65.,-74.475));
#11177=CARTESIAN_POINT('',(-9.025,60.,-74.475));
#11178=CARTESIAN_POINT('',(-9.025,65.,-77.525));
#11179=CARTESIAN_POINT('',(-9.025,65.,-77.525));
#11180=CARTESIAN_POINT('',(-9.025,60.,-77.525));
#11181=CARTESIAN_POINT('Origin',(-5.975,60.,-77.525));
#11182=CARTESIAN_POINT('',(-5.975,60.,-77.525));
#11183=CARTESIAN_POINT('',(-4.2375,60.,-77.525));
#11184=CARTESIAN_POINT('',(-5.975,65.,-77.525));
#11185=CARTESIAN_POINT('',(-5.975,65.,-77.525));
#11186=CARTESIAN_POINT('',(-5.975,60.,-77.525));
#11187=CARTESIAN_POINT('Origin',(-5.975,60.,-74.475));
#11188=CARTESIAN_POINT('',(-5.975,60.,-74.475));
#11189=CARTESIAN_POINT('',(-5.97499999999999,60.,-56.8625));
#11190=CARTESIAN_POINT('',(-5.975,65.,-74.475));
#11191=CARTESIAN_POINT('',(-5.975,65.,-74.475));
#11192=CARTESIAN_POINT('',(-5.975,60.,-74.475));
#11193=CARTESIAN_POINT('Origin',(-9.025,60.,-74.475));
#11194=CARTESIAN_POINT('',(-5.7625,60.,-74.475));
#11195=CARTESIAN_POINT('',(-9.025,65.,-74.475));
#11196=CARTESIAN_POINT('Origin',(-7.5,65.,-76.));
#11197=CARTESIAN_POINT('Origin',(-4.025,60.,-4.025));
#11198=CARTESIAN_POINT('',(-4.025,60.,-0.975));
#11199=CARTESIAN_POINT('',(-4.025,60.,-4.025));
#11200=CARTESIAN_POINT('',(-4.02500000000001,60.,-21.6375));
#11201=CARTESIAN_POINT('',(-4.025,65.,-0.975));
#11202=CARTESIAN_POINT('',(-4.025,60.,-0.975));
#11203=CARTESIAN_POINT('',(-4.025,65.,-4.025));
#11204=CARTESIAN_POINT('',(-4.025,65.,-4.025));
#11205=CARTESIAN_POINT('',(-4.025,60.,-4.025));
#11206=CARTESIAN_POINT('Origin',(-0.975,60.,-4.025));
#11207=CARTESIAN_POINT('',(-0.975,60.,-4.025));
#11208=CARTESIAN_POINT('',(-1.7375,60.,-4.025));
#11209=CARTESIAN_POINT('',(-0.975,65.,-4.025));
#11210=CARTESIAN_POINT('',(-0.975,65.,-4.025));
#11211=CARTESIAN_POINT('',(-0.975,60.,-4.025));
#11212=CARTESIAN_POINT('Origin',(-0.975,60.,-0.975));
#11213=CARTESIAN_POINT('',(-0.975,60.,-0.975));
#11214=CARTESIAN_POINT('',(-0.975000000000001,60.,-20.1125));
#11215=CARTESIAN_POINT('',(-0.975,65.,-0.975));
#11216=CARTESIAN_POINT('',(-0.975,65.,-0.975));
#11217=CARTESIAN_POINT('',(-0.975,60.,-0.975));
#11218=CARTESIAN_POINT('Origin',(-4.025,60.,-0.975));
#11219=CARTESIAN_POINT('',(-3.2625,60.,-0.974999999999999));
#11220=CARTESIAN_POINT('',(-4.025,65.,-0.975));
#11221=CARTESIAN_POINT('Origin',(-2.5,65.,-2.5));
#11222=CARTESIAN_POINT('Origin',(-0.975,0.,-4.025));
#11223=CARTESIAN_POINT('',(-0.975,0.,-0.975));
#11224=CARTESIAN_POINT('',(-0.975,0.,-4.025));
#11225=CARTESIAN_POINT('',(-0.975,0.,-21.6375));
#11226=CARTESIAN_POINT('',(-0.975,-5.,-0.975));
#11227=CARTESIAN_POINT('',(-0.975,0.,-0.975));
#11228=CARTESIAN_POINT('',(-0.975,-5.,-4.025));
#11229=CARTESIAN_POINT('',(-0.975,-5.,-4.025));
#11230=CARTESIAN_POINT('',(-0.975,0.,-4.025));
#11231=CARTESIAN_POINT('Origin',(-4.025,0.,-4.025));
#11232=CARTESIAN_POINT('',(-4.025,0.,-4.025));
#11233=CARTESIAN_POINT('',(-3.2625,0.,-4.025));
#11234=CARTESIAN_POINT('',(-4.025,-5.,-4.025));
#11235=CARTESIAN_POINT('',(-4.025,-5.,-4.025));
#11236=CARTESIAN_POINT('',(-4.025,0.,-4.025));
#11237=CARTESIAN_POINT('Origin',(-4.025,0.,-0.975));
#11238=CARTESIAN_POINT('',(-4.025,0.,-0.975));
#11239=CARTESIAN_POINT('',(-4.025,0.,-20.1125));
#11240=CARTESIAN_POINT('',(-4.025,-5.,-0.975));
#11241=CARTESIAN_POINT('',(-4.025,-5.,-0.975));
#11242=CARTESIAN_POINT('',(-4.025,0.,-0.975));
#11243=CARTESIAN_POINT('Origin',(-0.975,0.,-0.975));
#11244=CARTESIAN_POINT('',(-1.7375,0.,-0.974999999999999));
#11245=CARTESIAN_POINT('',(-0.975,-5.,-0.975));
#11246=CARTESIAN_POINT('Origin',(-2.5,-5.,-2.5));
#11247=CARTESIAN_POINT('Origin',(-5.975,0.,-77.525));
#11248=CARTESIAN_POINT('',(-5.975,0.,-74.475));
#11249=CARTESIAN_POINT('',(-5.975,0.,-77.525));
#11250=CARTESIAN_POINT('',(-5.975,0.,-58.3875));
#11251=CARTESIAN_POINT('',(-5.975,-5.,-74.475));
#11252=CARTESIAN_POINT('',(-5.975,0.,-74.475));
#11253=CARTESIAN_POINT('',(-5.975,-5.,-77.525));
#11254=CARTESIAN_POINT('',(-5.975,-5.,-77.525));
#11255=CARTESIAN_POINT('',(-5.975,0.,-77.525));
#11256=CARTESIAN_POINT('Origin',(-9.025,0.,-77.525));
#11257=CARTESIAN_POINT('',(-9.025,0.,-77.525));
#11258=CARTESIAN_POINT('',(-5.7625,0.,-77.525));
#11259=CARTESIAN_POINT('',(-9.025,-5.,-77.525));
#11260=CARTESIAN_POINT('',(-9.025,-5.,-77.525));
#11261=CARTESIAN_POINT('',(-9.025,0.,-77.525));
#11262=CARTESIAN_POINT('Origin',(-9.025,0.,-74.475));
#11263=CARTESIAN_POINT('',(-9.025,0.,-74.475));
#11264=CARTESIAN_POINT('',(-9.025,0.,-56.8625));
#11265=CARTESIAN_POINT('',(-9.025,-5.,-74.475));
#11266=CARTESIAN_POINT('',(-9.025,-5.,-74.475));
#11267=CARTESIAN_POINT('',(-9.025,0.,-74.475));
#11268=CARTESIAN_POINT('Origin',(-5.975,0.,-74.475));
#11269=CARTESIAN_POINT('',(-4.2375,0.,-74.475));
#11270=CARTESIAN_POINT('',(-5.975,-5.,-74.475));
#11271=CARTESIAN_POINT('Origin',(-7.5,-5.,-76.));
#11272=CARTESIAN_POINT('Origin',(-5.,0.,-73.5));
#11273=CARTESIAN_POINT('',(-5.,60.,-73.5));
#11274=CARTESIAN_POINT('',(-5.,0.,-73.5));
#11275=CARTESIAN_POINT('',(-5.,0.,-73.5));
#11276=CARTESIAN_POINT('',(-10.,60.,-73.5));
#11277=CARTESIAN_POINT('',(-5.,60.,-73.5));
#11278=CARTESIAN_POINT('',(-10.,0.,-73.5));
#11279=CARTESIAN_POINT('',(-10.,0.,-73.5));
#11280=CARTESIAN_POINT('',(-5.,0.,-73.5));
#11281=CARTESIAN_POINT('Origin',(-10.,30.,-76.));
#11282=CARTESIAN_POINT('',(-10.,60.,-78.5));
#11283=CARTESIAN_POINT('',(-10.,60.,0.));
#11284=CARTESIAN_POINT('',(-10.,0.,-78.5));
#11285=CARTESIAN_POINT('',(-10.,60.,-78.5));
#11286=CARTESIAN_POINT('',(-10.,0.,-78.5));
#11287=CARTESIAN_POINT('Origin',(0.,40.,-22.5));
#11288=CARTESIAN_POINT('',(-5.,32.,-22.5));
#11289=CARTESIAN_POINT('',(-5.,40.,-22.5));
#11290=CARTESIAN_POINT('',(-5.,20.,-22.5));
#11291=CARTESIAN_POINT('',(0.,32.,-22.5));
#11292=CARTESIAN_POINT('',(0.,40.,-22.5));
#11293=CARTESIAN_POINT('Origin',(0.,40.,-16.5));
#11294=CARTESIAN_POINT('',(-5.,40.,-16.5));
#11295=CARTESIAN_POINT('',(-5.,40.,-47.5));
#11296=CARTESIAN_POINT('',(0.,40.,-16.5));
#11297=CARTESIAN_POINT('Origin',(0.,32.,-16.5));
#11298=CARTESIAN_POINT('',(-5.,32.,-16.5));
#11299=CARTESIAN_POINT('',(-5.,16.,-16.5));
#11300=CARTESIAN_POINT('',(0.,32.,-16.5));
#11301=CARTESIAN_POINT('Origin',(0.,32.,-22.5));
#11302=CARTESIAN_POINT('',(-5.,32.,-50.5));
#11303=CARTESIAN_POINT('Origin',(0.,40.,-68.5));
#11304=CARTESIAN_POINT('',(-5.,32.,-68.5));
#11305=CARTESIAN_POINT('',(-5.,40.,-68.5));
#11306=CARTESIAN_POINT('',(-5.,20.,-68.5));
#11307=CARTESIAN_POINT('',(0.,32.,-68.5));
#11308=CARTESIAN_POINT('',(0.,40.,-68.5));
#11309=CARTESIAN_POINT('Origin',(0.,40.,-62.5));
#11310=CARTESIAN_POINT('',(-5.,40.,-62.5));
#11311=CARTESIAN_POINT('',(-5.,40.,-70.5));
#11312=CARTESIAN_POINT('',(0.,40.,-62.5));
#11313=CARTESIAN_POINT('Origin',(0.,32.,-62.5));
#11314=CARTESIAN_POINT('',(-5.,32.,-62.5));
#11315=CARTESIAN_POINT('',(-5.,16.,-62.5));
#11316=CARTESIAN_POINT('',(0.,32.,-62.5));
#11317=CARTESIAN_POINT('Origin',(0.,32.,-68.5));
#11318=CARTESIAN_POINT('',(-5.,32.,-73.5));
#11319=CARTESIAN_POINT('Origin',(0.,56.,-28.));
#11320=CARTESIAN_POINT('',(-5.,56.,-34.));
#11321=CARTESIAN_POINT('',(-5.,56.,-28.));
#11322=CARTESIAN_POINT('',(-5.,56.,-53.25));
#11323=CARTESIAN_POINT('',(0.,56.,-34.));
#11324=CARTESIAN_POINT('',(0.,56.,-28.));
#11325=CARTESIAN_POINT('Origin',(0.,48.,-28.));
#11326=CARTESIAN_POINT('',(-5.,48.,-28.));
#11327=CARTESIAN_POINT('',(-5.,24.,-28.));
#11328=CARTESIAN_POINT('',(0.,48.,-28.));
#11329=CARTESIAN_POINT('Origin',(0.,48.,-34.));
#11330=CARTESIAN_POINT('',(-5.,48.,-34.));
#11331=CARTESIAN_POINT('',(-5.,48.,-56.25));
#11332=CARTESIAN_POINT('',(0.,48.,-34.));
#11333=CARTESIAN_POINT('Origin',(0.,56.,-34.));
#11334=CARTESIAN_POINT('',(-5.,28.,-34.));
#11335=CARTESIAN_POINT('Origin',(0.,56.,-39.5));
#11336=CARTESIAN_POINT('',(-5.,56.,-45.5));
#11337=CARTESIAN_POINT('',(-5.,56.,-39.5));
#11338=CARTESIAN_POINT('',(-5.,56.,-59.));
#11339=CARTESIAN_POINT('',(0.,56.,-45.5));
#11340=CARTESIAN_POINT('',(0.,56.,-39.5));
#11341=CARTESIAN_POINT('Origin',(0.,48.,-39.5));
#11342=CARTESIAN_POINT('',(-5.,48.,-39.5));
#11343=CARTESIAN_POINT('',(-5.,24.,-39.5));
#11344=CARTESIAN_POINT('',(0.,48.,-39.5));
#11345=CARTESIAN_POINT('Origin',(0.,48.,-45.5));
#11346=CARTESIAN_POINT('',(-5.,48.,-45.5));
#11347=CARTESIAN_POINT('',(-5.,48.,-62.));
#11348=CARTESIAN_POINT('',(0.,48.,-45.5));
#11349=CARTESIAN_POINT('Origin',(0.,56.,-45.5));
#11350=CARTESIAN_POINT('',(-5.,28.,-45.5));
#11351=CARTESIAN_POINT('Origin',(0.,40.,-57.));
#11352=CARTESIAN_POINT('',(-5.,32.,-57.));
#11353=CARTESIAN_POINT('',(-5.,40.,-57.));
#11354=CARTESIAN_POINT('',(-5.,20.,-57.));
#11355=CARTESIAN_POINT('',(0.,32.,-57.));
#11356=CARTESIAN_POINT('',(0.,40.,-57.));
#11357=CARTESIAN_POINT('Origin',(0.,40.,-51.));
#11358=CARTESIAN_POINT('',(-5.,40.,-51.));
#11359=CARTESIAN_POINT('',(-5.,40.,-64.75));
#11360=CARTESIAN_POINT('',(0.,40.,-51.));
#11361=CARTESIAN_POINT('Origin',(0.,32.,-51.));
#11362=CARTESIAN_POINT('',(-5.,32.,-51.));
#11363=CARTESIAN_POINT('',(-5.,16.,-51.));
#11364=CARTESIAN_POINT('',(0.,32.,-51.));
#11365=CARTESIAN_POINT('Origin',(0.,32.,-57.));
#11366=CARTESIAN_POINT('',(-5.,32.,-67.75));
#11367=CARTESIAN_POINT('Origin',(0.,32.,-5.));
#11368=CARTESIAN_POINT('',(-5.,40.,-5.));
#11369=CARTESIAN_POINT('',(-5.,32.,-5.));
#11370=CARTESIAN_POINT('',(-5.,16.,-5.));
#11371=CARTESIAN_POINT('',(0.,40.,-5.));
#11372=CARTESIAN_POINT('',(0.,32.,-5.));
#11373=CARTESIAN_POINT('Origin',(0.,32.,-11.));
#11374=CARTESIAN_POINT('',(-5.,32.,-11.));
#11375=CARTESIAN_POINT('',(-5.,32.,-44.75));
#11376=CARTESIAN_POINT('',(0.,32.,-11.));
#11377=CARTESIAN_POINT('Origin',(0.,40.,-11.));
#11378=CARTESIAN_POINT('',(-5.,40.,-11.));
#11379=CARTESIAN_POINT('',(-5.,20.,-11.));
#11380=CARTESIAN_POINT('',(0.,40.,-11.));
#11381=CARTESIAN_POINT('Origin',(0.,40.,-5.));
#11382=CARTESIAN_POINT('',(-5.,40.,-41.75));
#11383=CARTESIAN_POINT('Origin',(0.,40.,-34.));
#11384=CARTESIAN_POINT('',(-5.,32.,-34.));
#11385=CARTESIAN_POINT('',(-5.,40.,-34.));
#11386=CARTESIAN_POINT('',(-5.,20.,-34.));
#11387=CARTESIAN_POINT('',(0.,32.,-34.));
#11388=CARTESIAN_POINT('',(0.,40.,-34.));
#11389=CARTESIAN_POINT('Origin',(0.,40.,-28.));
#11390=CARTESIAN_POINT('',(-5.,40.,-28.));
#11391=CARTESIAN_POINT('',(-5.,40.,-53.25));
#11392=CARTESIAN_POINT('',(0.,40.,-28.));
#11393=CARTESIAN_POINT('Origin',(0.,32.,-28.));
#11394=CARTESIAN_POINT('',(-5.,32.,-28.));
#11395=CARTESIAN_POINT('',(-5.,16.,-28.));
#11396=CARTESIAN_POINT('',(0.,32.,-28.));
#11397=CARTESIAN_POINT('Origin',(0.,32.,-34.));
#11398=CARTESIAN_POINT('',(-5.,32.,-56.25));
#11399=CARTESIAN_POINT('Origin',(0.,56.,-62.5));
#11400=CARTESIAN_POINT('',(-5.,56.,-68.5));
#11401=CARTESIAN_POINT('',(-5.,56.,-62.5));
#11402=CARTESIAN_POINT('',(-5.,56.,-70.5));
#11403=CARTESIAN_POINT('',(0.,56.,-68.5));
#11404=CARTESIAN_POINT('',(0.,56.,-62.5));
#11405=CARTESIAN_POINT('Origin',(0.,48.,-62.5));
#11406=CARTESIAN_POINT('',(-5.,48.,-62.5));
#11407=CARTESIAN_POINT('',(-5.,24.,-62.5));
#11408=CARTESIAN_POINT('',(0.,48.,-62.5));
#11409=CARTESIAN_POINT('Origin',(0.,48.,-68.5));
#11410=CARTESIAN_POINT('',(-5.,48.,-68.5));
#11411=CARTESIAN_POINT('',(-5.,48.,-73.5));
#11412=CARTESIAN_POINT('',(0.,48.,-68.5));
#11413=CARTESIAN_POINT('Origin',(0.,56.,-68.5));
#11414=CARTESIAN_POINT('',(-5.,28.,-68.5));
#11415=CARTESIAN_POINT('Origin',(0.,56.,-16.5));
#11416=CARTESIAN_POINT('',(-5.,56.,-22.5));
#11417=CARTESIAN_POINT('',(-5.,56.,-16.5));
#11418=CARTESIAN_POINT('',(-5.,56.,-47.5));
#11419=CARTESIAN_POINT('',(0.,56.,-22.5));
#11420=CARTESIAN_POINT('',(0.,56.,-16.5));
#11421=CARTESIAN_POINT('Origin',(0.,48.,-16.5));
#11422=CARTESIAN_POINT('',(-5.,48.,-16.5));
#11423=CARTESIAN_POINT('',(-5.,24.,-16.5));
#11424=CARTESIAN_POINT('',(0.,48.,-16.5));
#11425=CARTESIAN_POINT('Origin',(0.,48.,-22.5));
#11426=CARTESIAN_POINT('',(-5.,48.,-22.5));
#11427=CARTESIAN_POINT('',(-5.,48.,-50.5));
#11428=CARTESIAN_POINT('',(0.,48.,-22.5));
#11429=CARTESIAN_POINT('Origin',(0.,56.,-22.5));
#11430=CARTESIAN_POINT('',(-5.,28.,-22.5));
#11431=CARTESIAN_POINT('Origin',(0.,56.,-51.));
#11432=CARTESIAN_POINT('',(-5.,56.,-57.));
#11433=CARTESIAN_POINT('',(-5.,56.,-51.));
#11434=CARTESIAN_POINT('',(-5.,56.,-64.75));
#11435=CARTESIAN_POINT('',(0.,56.,-57.));
#11436=CARTESIAN_POINT('',(0.,56.,-51.));
#11437=CARTESIAN_POINT('Origin',(0.,48.,-51.));
#11438=CARTESIAN_POINT('',(-5.,48.,-51.));
#11439=CARTESIAN_POINT('',(-5.,24.,-51.));
#11440=CARTESIAN_POINT('',(0.,48.,-51.));
#11441=CARTESIAN_POINT('Origin',(0.,48.,-57.));
#11442=CARTESIAN_POINT('',(-5.,48.,-57.));
#11443=CARTESIAN_POINT('',(-5.,48.,-67.75));
#11444=CARTESIAN_POINT('',(0.,48.,-57.));
#11445=CARTESIAN_POINT('Origin',(0.,56.,-57.));
#11446=CARTESIAN_POINT('',(-5.,28.,-57.));
#11447=CARTESIAN_POINT('Origin',(0.,40.,-45.5));
#11448=CARTESIAN_POINT('',(-5.,32.,-45.5));
#11449=CARTESIAN_POINT('',(-5.,40.,-45.5));
#11450=CARTESIAN_POINT('',(-5.,20.,-45.5));
#11451=CARTESIAN_POINT('',(0.,32.,-45.5));
#11452=CARTESIAN_POINT('',(0.,40.,-45.5));
#11453=CARTESIAN_POINT('Origin',(0.,40.,-39.5));
#11454=CARTESIAN_POINT('',(-5.,40.,-39.5));
#11455=CARTESIAN_POINT('',(-5.,40.,-59.));
#11456=CARTESIAN_POINT('',(0.,40.,-39.5));
#11457=CARTESIAN_POINT('Origin',(0.,32.,-39.5));
#11458=CARTESIAN_POINT('',(-5.,32.,-39.5));
#11459=CARTESIAN_POINT('',(-5.,16.,-39.5));
#11460=CARTESIAN_POINT('',(0.,32.,-39.5));
#11461=CARTESIAN_POINT('Origin',(0.,32.,-45.5));
#11462=CARTESIAN_POINT('',(-5.,32.,-62.));
#11463=CARTESIAN_POINT('Origin',(0.,48.,-5.));
#11464=CARTESIAN_POINT('',(-5.,56.,-5.));
#11465=CARTESIAN_POINT('',(-5.,48.,-5.));
#11466=CARTESIAN_POINT('',(-5.,24.,-5.));
#11467=CARTESIAN_POINT('',(0.,56.,-5.));
#11468=CARTESIAN_POINT('',(0.,48.,-5.));
#11469=CARTESIAN_POINT('Origin',(0.,48.,-11.));
#11470=CARTESIAN_POINT('',(-5.,48.,-11.));
#11471=CARTESIAN_POINT('',(-5.,48.,-44.75));
#11472=CARTESIAN_POINT('',(0.,48.,-11.));
#11473=CARTESIAN_POINT('Origin',(0.,56.,-11.));
#11474=CARTESIAN_POINT('',(-5.,56.,-11.));
#11475=CARTESIAN_POINT('',(-5.,28.,-11.));
#11476=CARTESIAN_POINT('',(0.,56.,-11.));
#11477=CARTESIAN_POINT('Origin',(0.,56.,-5.));
#11478=CARTESIAN_POINT('',(-5.,56.,-41.75));
#11479=CARTESIAN_POINT('Origin',(0.,0.,0.));
#11480=CARTESIAN_POINT('Origin',(-5.,0.,0.));
#11481=CARTESIAN_POINT('',(-5.,0.,0.));
#11482=CARTESIAN_POINT('',(-5.,0.,0.));
#11483=CARTESIAN_POINT('',(-5.,60.,0.));
#11484=CARTESIAN_POINT('',(-5.,60.,0.));
#11485=CARTESIAN_POINT('',(-5.,0.,0.));
#11486=CARTESIAN_POINT('Origin',(-5.,0.,-78.5));
#11487=CARTESIAN_POINT('',(-5.,0.,-78.5));
#11488=CARTESIAN_POINT('',(-5.,60.,-78.5));
#11489=CARTESIAN_POINT('Origin',(0.,0.,-78.5));
#11490=CARTESIAN_POINT('',(0.,0.,-78.5));
#11491=CARTESIAN_POINT('',(0.,60.,-78.5));
#11492=CARTESIAN_POINT('Origin',(-2.5,60.,-39.25));
#11493=CARTESIAN_POINT('Origin',(-2.5,0.,-39.25));
#11494=CARTESIAN_POINT('polyline point',(-4.025,65.,-0.975));
#11495=CARTESIAN_POINT('polyline point',(-0.975,65.,-0.975));
#11496=CARTESIAN_POINT('polyline point',(-0.975,65.,-0.975));
#11497=CARTESIAN_POINT('polyline point',(-0.975,65.,-4.025));
#11498=CARTESIAN_POINT('polyline point',(-0.975,65.,-4.025));
#11499=CARTESIAN_POINT('polyline point',(-4.025,65.,-4.025));
#11500=CARTESIAN_POINT('polyline point',(-4.025,65.,-4.025));
#11501=CARTESIAN_POINT('polyline point',(-4.025,65.,-0.975));
#11502=CARTESIAN_POINT('polyline point',(-9.025,65.,-74.475));
#11503=CARTESIAN_POINT('polyline point',(-5.975,65.,-74.475));
#11504=CARTESIAN_POINT('polyline point',(-5.975,65.,-74.475));
#11505=CARTESIAN_POINT('polyline point',(-5.975,65.,-77.525));
#11506=CARTESIAN_POINT('polyline point',(-5.975,65.,-77.525));
#11507=CARTESIAN_POINT('polyline point',(-9.025,65.,-77.525));
#11508=CARTESIAN_POINT('polyline point',(-9.025,65.,-77.525));
#11509=CARTESIAN_POINT('polyline point',(-9.025,65.,-74.475));
#11510=CARTESIAN_POINT('Origin',(-7.5,65.,-76.));
#11511=CARTESIAN_POINT('Origin',(-2.5,65.,-2.5));
#11512=CARTESIAN_POINT('',(0.,65.,0.));
#11513=UNCERTAINTY_MEASURE_WITH_UNIT(LENGTH_MEASURE(0.01),#11517,
'DISTANCE_ACCURACY_VALUE',
'Maximum model space distance between geometric entities at asserted c
onnectivities');
#11514=UNCERTAINTY_MEASURE_WITH_UNIT(LENGTH_MEASURE(0.01),#11517,
'DISTANCE_ACCURACY_VALUE',
'Maximum model space distance between geometric entities at asserted c
onnectivities');
#11515=(
GEOMETRIC_REPRESENTATION_CONTEXT(3)
GLOBAL_UNCERTAINTY_ASSIGNED_CONTEXT((#11513))
GLOBAL_UNIT_ASSIGNED_CONTEXT((#11517,#11519,#11520))
REPRESENTATION_CONTEXT('','3D')
);
#11516=(
GEOMETRIC_REPRESENTATION_CONTEXT(3)
GLOBAL_UNCERTAINTY_ASSIGNED_CONTEXT((#11514))
GLOBAL_UNIT_ASSIGNED_CONTEXT((#11517,#11519,#11520))
REPRESENTATION_CONTEXT('','3D')
);
#11517=(
LENGTH_UNIT()
NAMED_UNIT(*)
SI_UNIT(.MILLI.,.METRE.)
);
#11518=(
LENGTH_UNIT()
NAMED_UNIT(*)
SI_UNIT(.CENTI.,.METRE.)
);
#11519=(
NAMED_UNIT(*)
PLANE_ANGLE_UNIT()
SI_UNIT($,.RADIAN.)
);
#11520=(
NAMED_UNIT(*)
SI_UNIT($,.STERADIAN.)
SOLID_ANGLE_UNIT()
);
#11521=SHAPE_DEFINITION_REPRESENTATION(#11522,#11523);
#11522=PRODUCT_DEFINITION_SHAPE('',$,#11525);
#11523=SHAPE_REPRESENTATION('',(#6488),#11515);
#11524=PRODUCT_DEFINITION_CONTEXT('part definition',#11529,'design');
#11525=PRODUCT_DEFINITION('frame_front','frame_front',#11526,#11524);
#11526=PRODUCT_DEFINITION_FORMATION('',$,#11531);
#11527=PRODUCT_RELATED_PRODUCT_CATEGORY('frame_front','frame_front',(#11531));
#11528=APPLICATION_PROTOCOL_DEFINITION('international standard',
'automotive_design',2009,#11529);
#11529=APPLICATION_CONTEXT(
'Core Data for Automotive Mechanical Design Process');
#11530=PRODUCT_CONTEXT('part definition',#11529,'mechanical');
#11531=PRODUCT('frame_front','frame_front',$,(#11530));
#11532=PRESENTATION_STYLE_ASSIGNMENT((#11534));
#11533=PRESENTATION_STYLE_ASSIGNMENT((#11535));
#11534=SURFACE_STYLE_USAGE(.BOTH.,#11538);
#11535=SURFACE_STYLE_USAGE(.BOTH.,#11539);
#11536=SURFACE_STYLE_RENDERING_WITH_PROPERTIES($,#11546,(#11537));
#11537=SURFACE_STYLE_TRANSPARENT(0.);
#11538=SURFACE_SIDE_STYLE('',(#11540,#11536));
#11539=SURFACE_SIDE_STYLE('',(#11541));
#11540=SURFACE_STYLE_FILL_AREA(#11542);
#11541=SURFACE_STYLE_FILL_AREA(#11543);
#11542=FILL_AREA_STYLE('',(#11544));
#11543=FILL_AREA_STYLE('',(#11545));
#11544=FILL_AREA_STYLE_COLOUR('',#11546);
#11545=FILL_AREA_STYLE_COLOUR('',#11547);
#11546=COLOUR_RGB('',0.749019607843137,0.749019607843137,0.749019607843137);
#11547=COLOUR_RGB('',0.913725490196078,0.913725490196078,0.);
ENDSEC;
END-ISO-10303-21;
